date,nifty_close,india_vix,nifty_bank_close,nifty_it_close,nifty_pharma_close,nifty_auto_close,fii_net,dii_net,pcr
2015-01-06,8127.35009765625,17.420000076293945,18430.53515625,10959.900390625,10637.7998046875,8248.2001953125,113.47,49.34,0.9496
2015-01-07,8102.10009765625,18.139999389648438,18304.037109375,10916.0,10604.9501953125,8254.7001953125,75.03,52.12,0.9467
2015-01-09,8284.5,15.960000038146973,18637.033203125,11399.650390625,10934.5498046875,8397.0,-675.32,681.93,1.0823
2015-01-12,8323.0,16.110000610351562,18795.630859375,11543.650390625,10976.2001953125,8409.5498046875,-106.78,194.75,1.1427
2015-01-13,8299.400390625,16.479999542236328,18706.982421875,11502.7998046875,10984.2998046875,8398.7998046875,235.09,46.06,1.1145
2015-01-14,8277.5498046875,17.25,18603.583984375,11614.2998046875,10881.5498046875,8427.7001953125,-69.74,-223.98,1.083
2015-01-15,8494.150390625,16.15999984741211,19235.427734375,11669.849609375,10936.2998046875,8614.7001953125,1738.24,-527.27,1.1768
2015-01-16,8513.7998046875,17.270000457763672,19222.927734375,11659.599609375,11101.150390625,8623.599609375,1099.93,-716.91,1.2131
2015-01-19,8550.7001953125,17.649999618530273,19405.826171875,11642.75,11249.2998046875,8694.900390625,433.72,-237.71,1.2478
2015-01-20,8695.599609375,17.270000457763672,19766.8203125,11695.0,11290.650390625,8760.900390625,1275.59,-761.6,1.3044
2015-01-22,8761.400390625,18.56999969482422,19917.41796875,11850.849609375,11509.5,8842.0,592.79,-578.53,1.3049
2015-01-23,8835.599609375,17.889999389648438,20072.466796875,11885.150390625,11581.099609375,8983.099609375,2019.98,-1299.96,1.304
2015-01-27,8910.5,18.09000015258789,20555.01171875,11693.4501953125,11583.25,9099.599609375,953.51,-783.34,1.3706
2015-01-28,8914.2998046875,19.770000457763672,20491.51171875,11809.5498046875,11577.75,9043.150390625,1723.17,-1292.7,1.326
2015-01-29,8952.349609375,19.43000030517578,20528.361328125,11824.150390625,11752.0498046875,9049.7001953125,1723.77,-1680.09,0.9736
2015-01-30,8808.900390625,20.170000076293945,19843.51953125,11824.75,11693.5498046875,8930.849609375,-771.55,-37.6,0.8886
2015-02-02,8797.400390625,20.40999984741211,19865.669921875,11943.9501953125,11627.650390625,8976.099609375,-629.97,-224.07,0.8501
2015-02-03,8756.5498046875,19.809999465942383,19382.724609375,11963.900390625,11520.0,8919.7001953125,424.79,180.35,0.821
2015-02-06,8661.0498046875,20.690000534057617,18786.48046875,12267.9501953125,11322.9501953125,8496.2998046875,-594.14,271.64,0.8244
2015-02-09,8526.349609375,22.020000457763672,18403.634765625,12249.2998046875,11289.400390625,8294.4501953125,-1573.42,880.27,0.832
2015-02-11,8627.400390625,20.5,18940.580078125,12243.400390625,11391.7001953125,8514.150390625,-272.67,145.38,0.8345
2015-02-12,8711.5498046875,20.15999984741211,19128.376953125,12372.0,11598.25,8654.2998046875,60.61,-78.31,0.8525
2015-02-13,8805.5,20.100000381469727,19369.474609375,12464.9501953125,11789.900390625,8759.0,390.26,95.82,0.9312
2015-02-16,8809.349609375,20.829999923706055,19189.7265625,12487.2001953125,11680.25,8792.5498046875,-182.8,280.77,0.9001
2015-02-18,8869.099609375,20.90999984741211,19296.275390625,12632.75,11741.25,8884.849609375,2187.96,327.87,0.9191
2015-02-19,8895.2998046875,20.399999618530273,19188.078125,12723.7998046875,11734.5,8871.650390625,1542.7,-195.74,0.926
2015-02-20,8833.599609375,21.270000457763672,19073.328125,12571.9501953125,11746.5,8874.650390625,-89.41,204.85,0.8788
2015-02-23,8754.9501953125,21.6299991607666,18913.1796875,12531.2998046875,11640.7998046875,8804.150390625,601.91,-163.79,0.8052
2015-02-24,8762.099609375,21.549999237060547,18883.58203125,12566.2001953125,11663.849609375,8777.7001953125,697.28,-146.98,0.8207
2015-02-25,8767.25,20.780000686645508,18732.833984375,12633.349609375,11533.5,8781.2998046875,516.06,19.7,0.8273
2015-02-26,8683.849609375,20.579999923706055,18537.884765625,12458.5,11412.2998046875,8640.7001953125,2312.15,340.79,0.897
2015-02-27,8844.599609375,19.56999969482422,19074.328125,12554.9501953125,11554.7998046875,8841.7998046875,1957.1,-491.93,0.8475
2015-03-02,8956.75,15.850000381469727,20007.8671875,12663.7001953125,12024.0498046875,8919.5498046875,-264.35,-137.31,0.8951
2015-03-03,8996.25,15.489999771118164,19960.966796875,12855.900390625,12166.2001953125,8838.7998046875,772.92,-303.88,0.937
2015-03-09,8756.75,15.8100004196167,19145.328125,12422.25,12676.900390625,8727.0498046875,-394.31,840.35,0.8736
2015-03-11,8699.9501953125,15.130000114440918,19043.779296875,12352.349609375,12515.75,8761.5,-449.84,350.31,0.8942
2015-03-12,8776.0,14.75,19141.626953125,12423.650390625,12663.7001953125,8851.650390625,-611.43,521.11,0.9187
2015-03-13,8647.75,14.970000267028809,18779.58203125,12312.150390625,12487.0498046875,8721.75,66.98,-71.55,0.8707
2015-03-16,8633.150390625,15.180000305175781,18837.130859375,12419.0498046875,12480.7001953125,8697.849609375,-762.55,158.65,0.8501
2015-03-17,8723.2998046875,15.130000114440918,19058.029296875,12383.150390625,12716.7998046875,8807.400390625,265.52,-243.69,0.8543
2015-03-18,8685.900390625,15.510000228881836,19147.02734375,12276.099609375,12732.400390625,8748.75,-457.43,-882.99,0.8413
2015-03-19,8634.650390625,15.199999809265137,18810.931640625,12275.2001953125,12799.7998046875,8719.5498046875,1428.72,53.46,0.8178
2015-03-20,8570.900390625,14.260000228881836,18606.1328125,12363.5,12622.25,8585.9501953125,354.59,-219.2,0.8102
2015-03-23,8550.900390625,14.270000457763672,18448.78515625,12244.4501953125,12622.9501953125,8597.7998046875,417.41,403.91,0.7967
2015-03-24,8542.9501953125,13.670000076293945,18331.236328125,12180.0,12853.4501953125,8480.7998046875,737.86,-631.67,0.8315
2015-03-25,8530.7998046875,13.140000343322754,18309.88671875,12225.599609375,12919.4501953125,8515.650390625,813.19,96.52,0.7976
2015-03-26,8342.150390625,15.15999984741211,17831.443359375,11902.099609375,12676.849609375,8385.349609375,-521.23,687.09,0.8701
2015-03-27,8341.400390625,14.5,18044.591796875,11968.5,12588.5498046875,8435.0,-320.52,674.76,0.8295
2015-03-30,8492.2998046875,14.260000228881836,18361.587890625,12100.849609375,12703.7998046875,8574.4501953125,-240.34,651.67,0.8587
2015-03-31,8491.0,14.489999771118164,18206.439453125,12083.0,12844.7998046875,8621.75,356.07,283.71,0.8577
2015-04-06,8659.900390625,14.569999694824219,18605.232421875,11969.25,13807.099609375,8792.0,511.9,772.04,0.978
2015-04-08,8714.400390625,14.350000381469727,18416.384765625,12214.2998046875,13831.150390625,8838.75,118.7,-112.55,1.0255
2015-04-09,8778.2998046875,14.420000076293945,18875.630859375,12279.400390625,13545.900390625,8848.150390625,-1287.12,1128.7,1.0608
2015-04-13,8834.0,14.489999771118164,18798.03125,12333.7998046875,13722.849609375,8817.849609375,417.01,46.42,1.0914
2015-04-16,8706.7001953125,14.949999809265137,18636.833984375,12059.0,13248.650390625,8666.400390625,-214.36,432.27,0.9779
2015-04-17,8606.0,15.039999961853027,18345.337890625,11803.0498046875,12809.150390625,8558.2001953125,-675.71,72.52,0.9267
2015-04-20,8448.099609375,16.299999237060547,18112.5390625,11562.2001953125,12753.849609375,8398.599609375,-1506.86,962.5,0.8489
2015-04-21,8377.75,17.030000686645508,18105.5390625,11558.400390625,12284.0,8284.900390625,17488.73,1364.83,0.8155
2015-04-22,8429.7001953125,17.209999084472656,18243.486328125,11492.0,12431.349609375,8280.2998046875,-910.15,217.98,0.8075
2015-04-23,8398.2998046875,18.5,18245.38671875,11451.5498046875,12293.0498046875,8228.7998046875,-276.83,559.6,0.814
2015-04-24,8305.25,19.110000610351562,18001.69140625,11132.25,12210.0,8164.4501953125,-775.46,896.33,0.7858
2015-04-27,8213.7998046875,18.739999771118164,17767.392578125,11097.900390625,11908.2001953125,8118.64990234375,-1749.33,1667.54,0.7416
2015-04-28,8285.599609375,17.40999984741211,18246.037109375,11052.9501953125,11984.599609375,8315.400390625,-1532.84,1537.08,0.8049
2015-04-29,8239.75,17.239999771118164,18302.4375,11094.400390625,12042.900390625,8278.5,-718.31,912.46,0.7793
2015-04-30,8181.5,17.229999542236328,18337.88671875,11001.0498046875,12057.7998046875,8188.2001953125,-3157.61,2460.8,0.9606
2015-05-05,8324.7998046875,17.360000610351562,18471.234375,11170.25,12391.7001953125,8327.2001953125,-756.52,979.19,0.9526
2015-05-06,8097.0,19.670000076293945,17799.34375,10938.849609375,12037.650390625,8089.85009765625,-550.29,879.5,0.8933
2015-05-11,8325.25,18.6299991607666,18199.5390625,11324.5498046875,12317.5,8427.5498046875,-991.87,636.15,1.015
2015-05-13,8235.4501953125,20.690000534057617,18097.23828125,11170.5,12261.400390625,8413.400390625,-71.2,254.0,0.9474
2015-05-14,8224.2001953125,20.700000762939453,18115.98828125,11093.599609375,12238.7998046875,8485.5,-73.76,302.57,0.9106
2015-05-15,8262.349609375,19.81999969482422,18182.939453125,11171.900390625,12294.650390625,8539.5498046875,-38.31,563.6,0.9203
2015-05-18,8373.650390625,17.899999618530273,18422.734375,11279.4501953125,12486.0,8600.0498046875,-202.12,618.54,1.0089
2015-05-19,8365.650390625,18.270000457763672,18380.1875,11372.2001953125,12502.349609375,8531.2998046875,48.06,451.02,0.9844
2015-05-20,8423.25,17.719999313354492,18554.935546875,11571.7001953125,12537.0498046875,8484.7998046875,123.49,103.58,1.04
2015-05-21,8421.0,17.40999984741211,18512.935546875,11618.599609375,12554.75,8549.599609375,-186.26,404.01,1.0658
2015-05-22,8458.9501953125,16.950000762939453,18433.0859375,11728.400390625,12690.099609375,8581.650390625,211.42,237.62,1.0666
2015-05-25,8370.25,16.93000030517578,18324.63671875,11623.349609375,12617.5498046875,8565.099609375,74.14,0.17,0.9862
2015-05-26,8339.349609375,17.06999969482422,18329.087890625,11581.900390625,12559.0498046875,8548.150390625,114.81,123.85,0.945
2015-05-27,8334.599609375,17.280000686645508,18538.634765625,11367.5,12506.0498046875,8369.900390625,-934.98,594.03,0.9625
2015-05-28,8319.0,17.1299991607666,18448.984375,11450.849609375,12311.900390625,8379.2998046875,-792.54,683.29,0.9661
2015-05-29,8433.650390625,16.65999984741211,18721.1328125,11575.0498046875,12511.75,8536.75,2284.3,-2267.88,0.9623
2015-06-01,8433.400390625,16.90999984741211,18616.783203125,11525.650390625,12079.7998046875,8509.349609375,-1570.76,1189.65,0.9424
2015-06-02,8236.4501953125,16.81999969482422,17977.091796875,11347.900390625,11902.849609375,8325.0498046875,-96.45,115.49,0.8943
2015-06-04,8130.64990234375,18.1200008392334,17718.994140625,11379.2001953125,11633.150390625,8130.4501953125,936.81,-170.03,0.8502
2015-06-05,8114.7001953125,18.09000015258789,17549.046875,11291.5498046875,11715.849609375,8092.2998046875,-1699.6,1454.97,0.8655
2015-06-08,8044.14990234375,18.889999389648438,17432.396484375,11238.599609375,11585.099609375,8006.14990234375,108.93,-111.78,0.8318
2015-06-10,8124.4501953125,17.079999923706055,17707.044921875,11401.7001953125,11477.400390625,8104.0498046875,480.24,-424.6,0.8308
2015-06-11,7965.35009765625,17.809999465942383,17304.19921875,11227.150390625,11308.150390625,7909.0,219.17,-39.45,0.7985
2015-06-15,8013.89990234375,17.520000457763672,17458.49609375,11093.849609375,11451.099609375,7996.2001953125,-604.86,650.47,0.8441
2015-06-16,8047.2998046875,17.170000076293945,17602.244140625,11119.2001953125,11473.7001953125,8090.85009765625,-521.65,644.81,0.844
2015-06-17,8091.5498046875,16.729999542236328,17583.845703125,11143.5,11678.9501953125,8160.9501953125,-940.91,1447.07,0.8456
2015-06-18,8174.60009765625,16.020000457763672,17733.34375,11215.349609375,11836.150390625,8258.650390625,-784.73,1110.01,0.9201
2015-06-19,8224.9501953125,15.09000015258789,17880.642578125,11243.650390625,11810.0,8305.349609375,-106.12,447.55,1.0058
2015-06-22,8353.099609375,15.489999771118164,18334.287109375,11429.7998046875,11879.349609375,8400.7001953125,651.31,-94.03,1.1058
2015-06-23,8381.5498046875,15.039999961853027,18391.13671875,11341.150390625,11910.25,8405.7998046875,-374.97,404.2,1.146
2015-06-24,8360.849609375,15.920000076293945,18365.337890625,11353.75,11997.5498046875,8326.9501953125,92.57,13.52,1.127
2015-06-25,8398.0,15.930000305175781,18492.685546875,11210.400390625,12007.25,8395.9501953125,280.21,-8.45,1.0748
2015-06-26,8381.099609375,15.760000228881836,18371.287109375,11362.5498046875,12066.849609375,8447.2001953125,-203.74,234.21,1.0274
2015-06-29,8318.400390625,17.299999237060547,18241.037109375,11133.650390625,11926.400390625,8325.0498046875,-711.88,906.38,1.08
2015-06-30,8368.5,16.93000030517578,18295.88671875,11037.400390625,12202.5498046875,8383.25,-551.38,580.59,1.0796
2015-07-01,8453.0498046875,15.850000381469727,18581.3828125,11213.599609375,12257.099609375,8482.4501953125,-1073.18,601.4,1.1123
2015-07-07,8510.7998046875,16.309999465942383,18798.28125,11143.849609375,12490.5,8488.900390625,23.54,-94.71,1.1328
2015-07-08,8363.0498046875,17.790000915527344,18462.935546875,11021.7998046875,12390.5,8287.2998046875,-93.74,34.08,1.0833
2015-07-09,8328.5498046875,17.440000534057617,18508.484375,10828.7001953125,12399.349609375,8248.5498046875,-826.92,504.11,1.0316
2015-07-10,8360.5498046875,17.06999969482422,18719.583984375,10798.25,12537.25,8234.099609375,-50.6,-218.75,1.0295
2015-07-13,8459.650390625,16.270000457763672,18893.33203125,10998.849609375,12697.7998046875,8370.75,527.98,-171.55,1.0417
2015-07-14,8454.099609375,16.010000228881836,18779.98046875,11043.849609375,12786.599609375,8305.7001953125,269.9,-130.9,1.0408
2015-07-15,8523.7998046875,15.569999694824219,18816.03125,11150.25,12912.349609375,8403.2001953125,407.69,-50.38,1.1154
2015-07-16,8608.0498046875,14.779999732971191,19167.828125,11191.599609375,13060.349609375,8434.5498046875,745.81,-98.51,1.1725
2015-07-17,8609.849609375,14.800000190734863,19094.4765625,11269.2001953125,13139.0,8473.900390625,605.56,-175.15,1.1917
2015-07-20,8603.4501953125,14.960000038146973,19032.478515625,11266.9501953125,13175.650390625,8476.349609375,714.4,-848.76,1.1761
2015-07-21,8529.4501953125,15.100000381469727,18723.18359375,11655.4501953125,12255.2998046875,8440.4501953125,-226.88,146.32,1.1151
2015-07-22,8633.5,15.130000114440918,18996.779296875,11643.75,12377.7001953125,8538.7998046875,450.32,-351.77,1.1864
2015-07-23,8589.7998046875,15.520000457763672,18864.78125,11558.7001953125,12275.400390625,8581.349609375,185.42,-276.69,1.1054
2015-07-24,8521.5498046875,15.460000038146973,18635.6328125,11464.150390625,12226.0498046875,8472.0498046875,6.62,196.38,1.0111
2015-07-27,8361.0,16.3700008392334,18212.83984375,11362.4501953125,12056.900390625,8305.650390625,-859.94,238.66,0.8724
2015-07-29,8375.0498046875,15.880000114440918,18323.1875,11470.7001953125,11978.400390625,8368.900390625,-186.24,642.69,0.8986
2015-07-30,8421.7998046875,15.329999923706055,18440.185546875,11394.5498046875,12073.099609375,8387.5,-170.68,499.65,0.8656
2015-07-31,8532.849609375,14.569999694824219,18729.6328125,11594.150390625,12353.25,8544.849609375,-277.77,1021.34,0.9174
2015-08-04,8516.900390625,14.829999923706055,18972.37890625,11415.5498046875,12361.9501953125,8703.599609375,-479.18,382.54,0.9208
2015-08-05,8567.9501953125,14.670000076293945,18928.330078125,11618.0,12572.5498046875,8795.4501953125,-437.56,1114.38,0.9505
2015-08-06,8588.650390625,14.729999542236328,19029.12890625,11616.5,12697.5,8796.9501953125,-749.12,529.82,0.9743
2015-08-07,8564.599609375,14.90999984741211,18893.33203125,11597.0498046875,12641.0498046875,8803.0,-354.32,-346.71,0.9747
2015-08-10,8525.599609375,15.470000267028809,18874.78125,11573.900390625,12638.599609375,8745.599609375,-48.89,-299.75,0.9539
2015-08-12,8349.4501953125,17.450000762939453,18059.541015625,12006.7998046875,12771.75,8407.150390625,-518.46,590.32,0.8192
2015-08-13,8355.849609375,17.020000457763672,18175.189453125,11956.099609375,12913.7001953125,8441.5498046875,-625.9,545.86,0.8233
2015-08-14,8518.5498046875,16.020000457763672,18723.3828125,12048.4501953125,13137.25,8642.099609375,403.76,179.2,0.9471
2015-08-17,8477.2998046875,16.459999084472656,18821.83203125,12001.75,13089.5498046875,8615.4501953125,142.34,183.72,0.8983
2015-08-18,8466.5498046875,16.360000610351562,18780.630859375,12159.400390625,12980.099609375,8662.5498046875,-255.42,127.5,0.9263
2015-08-19,8495.150390625,16.68000030517578,18703.033203125,12249.099609375,13335.849609375,8703.2998046875,-423.72,383.32,0.9755
2015-08-20,8372.75,16.979999542236328,18282.88671875,11985.25,13463.75,8553.5498046875,-1007.26,567.87,0.8485
2015-08-21,8299.9501953125,17.110000610351562,18056.990234375,12032.2998046875,13470.0,8381.7001953125,-2340.6,1524.1,0.8106
2015-08-24,7809.0,28.1299991607666,16811.60546875,11455.150390625,12653.2998046875,7773.4501953125,-5275.4,4097.83,0.6909
2015-08-25,7880.7001953125,26.850000381469727,17192.55078125,11376.75,12772.400390625,7920.35009765625,-2080.01,1963.09,0.711
2015-08-26,7791.85009765625,25.520000457763672,16917.453125,11284.099609375,12623.0498046875,7882.10009765625,-2345.77,1881.08,0.6834
2015-08-27,7948.9501953125,22.040000915527344,17214.201171875,11396.900390625,12995.75,7952.35009765625,-3347.35,2577.06,0.9373
2015-08-28,8001.9501953125,23.329999923706055,17211.75,11588.25,12940.75,8023.2998046875,56.41,847.43,0.9817
2015-08-31,7971.2998046875,24.600000381469727,17146.3515625,11605.7001953125,13213.2001953125,7948.5498046875,-551.19,478.59,1.0156
2015-09-01,7785.85009765625,28.719999313354492,16530.109375,11476.4501953125,13007.0498046875,7745.39990234375,-297.99,299.53,0.9823
2015-09-02,7717.0,26.649999618530273,16252.51171875,11604.7001953125,12840.349609375,7638.7001953125,-660.3,469.55,0.9463
2015-09-03,7823.0,24.1200008392334,16555.20703125,11672.849609375,12817.400390625,7738.60009765625,838.3,-35.31,0.9542
2015-09-04,7655.0498046875,26.420000076293945,16128.912109375,11413.599609375,12521.5498046875,7559.4501953125,193.81,492.79,0.9157
2015-09-07,7558.7998046875,26.350000381469727,15789.916015625,11318.2998046875,12240.0,7464.2998046875,-254.1,79.08,0.9054
2015-09-09,7818.60009765625,24.299999237060547,16631.306640625,11504.900390625,12360.0498046875,7814.85009765625,-452.13,1194.58,0.9178
2015-09-10,7788.10009765625,24.75,16597.45703125,11396.9501953125,12315.0,7875.85009765625,483.86,-369.0,0.9336
2015-09-11,7789.2998046875,24.979999542236328,16612.40625,11432.25,12341.849609375,7857.4501953125,-861.06,621.18,0.9127
2015-09-14,7872.25,24.31999969482422,16911.603515625,11520.2998046875,12495.2001953125,7890.75,58.75,183.9,0.9337
2015-09-15,7829.10009765625,23.739999771118164,16739.35546875,11536.349609375,12478.7998046875,7766.2001953125,-910.85,480.5,0.9116
2015-09-16,7899.14990234375,22.0,16964.65234375,11606.650390625,12623.7998046875,7799.10009765625,-337.27,423.81,0.9436
2015-09-18,7981.89990234375,18.290000915527344,17408.947265625,11726.7001953125,12751.2001953125,7842.5498046875,643.51,415.09,1.0029
2015-09-21,7977.10009765625,18.18000030517578,17542.697265625,11724.0498046875,12706.2998046875,7848.75,154.87,104.08,0.9909
2015-09-22,7812.0,20.350000381469727,17030.953125,11705.5498046875,12662.7998046875,7709.85009765625,-1052.24,378.26,0.9275
2015-09-23,7845.9501953125,20.690000534057617,17255.099609375,11694.0,12731.5498046875,7705.5498046875,-1330.12,891.36,0.9439
2015-09-24,7868.5,20.8799991607666,17196.451171875,11954.099609375,12826.4501953125,7721.25,-115.1,50.67,1.0157
2015-09-28,7795.7001953125,21.670000076293945,17100.1015625,11841.0498046875,12844.2001953125,7584.25,-650.01,505.59,0.9469
2015-09-29,7843.2998046875,21.56999969482422,17280.998046875,11863.9501953125,12700.099609375,7648.2001953125,-1112.59,876.2,0.9533
2015-09-30,7948.89990234375,19.6299991607666,17216.1015625,12032.099609375,12918.75,7759.60009765625,116.08,-191.78,0.961
2015-10-06,8152.89990234375,19.309999465942383,17605.14453125,11889.900390625,13275.75,7947.64990234375,-482.11,788.06,1.037
2015-10-07,8177.39990234375,19.34000015258789,17616.595703125,11683.4501953125,13332.400390625,8064.0498046875,-465.27,590.49,1.0798
2015-10-08,8129.35009765625,19.559999465942383,17474.09765625,11669.7001953125,13212.849609375,8021.75,-14.43,-50.05,1.0551
2015-10-09,8189.7001953125,18.93000030517578,17590.044921875,11807.5498046875,13277.7001953125,8051.2001953125,-121.19,66.6,1.0508
2015-10-12,8143.60009765625,19.1200008392334,17582.9453125,11630.650390625,13111.650390625,8062.60009765625,-580.28,410.92,1.0233
2015-10-13,8131.7001953125,18.020000457763672,17554.646484375,11522.599609375,13115.400390625,8078.2001953125,272.61,-273.51,1.043
2015-10-14,8107.89990234375,17.719999313354492,17543.046875,11362.900390625,13160.650390625,8010.5498046875,121.75,-207.63,1.0105
2015-10-16,8238.150390625,16.270000457763672,17912.640625,11337.7998046875,13203.5498046875,8266.650390625,436.79,102.49,1.035
2015-10-19,8275.0498046875,16.8799991607666,17854.84375,11432.150390625,13413.650390625,8245.5498046875,898.23,-246.26,1.0378
2015-10-20,8261.650390625,17.0,17830.04296875,11529.599609375,13340.9501953125,8265.400390625,523.69,-354.96,1.0406
2015-10-21,8251.7001953125,16.6200008392334,17710.345703125,11549.0498046875,13189.7998046875,8285.150390625,-48.33,-138.73,1.0507
2015-10-23,8295.4501953125,16.190000534057617,17933.841796875,11552.0,13258.5,8228.2998046875,229.18,-155.89,1.0737
2015-10-26,8260.5498046875,17.229999542236328,17814.84375,11576.349609375,13234.650390625,8232.25,724.51,-530.78,1.0915
2015-10-27,8232.900390625,16.540000915527344,17806.09375,11583.5498046875,13223.0,8272.349609375,9.5,-165.45,1.114
2015-10-28,8171.2001953125,17.040000915527344,17372.94921875,11643.2998046875,13149.150390625,8206.150390625,-731.17,160.17,1.0434
2015-10-29,8111.75,17.579999923706055,17212.0,11548.150390625,13052.0,8195.900390625,174.12,-299.2,0.8395
2015-10-30,8065.7998046875,17.8799991607666,17354.298828125,11486.900390625,13170.150390625,8091.9501953125,-1464.89,1560.11,0.8138
2015-11-02,8050.7998046875,19.479999542236328,17340.3984375,11546.25,13029.7001953125,8097.10009765625,-371.27,147.49,0.8251
2015-11-03,8060.7001953125,19.559999465942383,17325.3984375,11618.400390625,13054.5498046875,8102.89990234375,-444.65,-338.96,0.8389
2015-11-05,7955.4501953125,19.290000915527344,16994.90234375,11414.4501953125,12632.5,8194.150390625,169.97,328.57,0.7981
2015-11-06,7954.2998046875,19.469999313354492,17086.30078125,11485.4501953125,12226.650390625,8144.4501953125,-622.89,589.29,0.7762
2015-11-09,7915.2001953125,17.040000915527344,17002.802734375,11412.150390625,11989.0498046875,8246.2001953125,-754.27,411.43,0.7291
2015-11-13,7762.25,17.649999618530273,16932.65234375,11102.4501953125,11640.5498046875,8178.2998046875,-746.7,70.89,0.68
2015-11-16,7806.60009765625,17.8799991607666,17184.701171875,11003.7998046875,11711.0,8190.35009765625,-1051.26,661.71,0.6815
2015-11-17,7837.5498046875,16.969999313354492,17140.25,11035.099609375,11801.2001953125,8252.099609375,-492.45,783.02,0.6882
2015-11-18,7731.7998046875,17.420000076293945,16811.904296875,10836.7001953125,11717.7998046875,8181.0,-768.46,759.26,0.6777
2015-11-19,7842.75,15.84000015258789,17071.701171875,11032.900390625,11674.9501953125,8295.0498046875,-343.18,233.82,0.7467
2015-11-20,7856.5498046875,15.899999618530273,17055.40234375,11118.849609375,11685.349609375,8339.400390625,-94.09,610.16,0.7517
2015-11-23,7849.25,17.079999923706055,17060.05078125,11121.2001953125,11717.150390625,8395.349609375,-35.37,90.28,0.738
2015-11-24,7831.60009765625,16.25,16988.453125,11057.349609375,11637.849609375,8332.900390625,-540.12,532.13,0.7433
2015-11-26,7883.7998046875,16.690000534057617,17036.353515625,11042.9501953125,11553.2998046875,8444.599609375,-398.1,948.98,0.8257
2015-11-27,7942.7001953125,16.729999542236328,17370.748046875,11122.900390625,11567.5498046875,8443.650390625,-519.25,900.48,0.8847
2015-11-30,7935.25,16.43000030517578,17430.197265625,11206.0,11492.900390625,8481.849609375,-1043.84,601.73,0.8809
2015-12-01,7954.89990234375,15.640000343322754,17398.34765625,11256.2998046875,11608.7001953125,8419.0,244.95,-331.18,0.8468
2015-12-02,7931.35009765625,15.489999771118164,17218.30078125,11149.599609375,11723.349609375,8416.400390625,-406.28,705.53,0.8199
2015-12-03,7864.14990234375,16.059999465942383,17109.900390625,11081.900390625,11587.2998046875,8334.650390625,733.09,-381.94,0.7772
2015-12-08,7701.7001953125,15.970000267028809,16800.955078125,10981.849609375,11610.349609375,8210.349609375,-1855.02,1223.8,0.7607
2015-12-10,7683.2998046875,16.290000915527344,16710.857421875,11055.5,11368.150390625,8085.0,317.56,-175.07,0.7654
2015-12-14,7650.0498046875,17.799999237060547,16350.4599609375,11099.7001953125,11488.0,7964.0498046875,-157.07,386.47,0.7695
2015-12-15,7700.89990234375,17.34000015258789,16398.458984375,11058.25,11554.7998046875,8082.35009765625,48.67,273.93,0.7946
2015-12-16,7750.89990234375,16.729999542236328,16579.20703125,11144.900390625,11637.650390625,8035.60009765625,-503.22,1024.03,0.7942
2015-12-17,7844.35009765625,14.220000267028809,16741.3046875,11275.150390625,11771.7998046875,8149.0,638.01,-366.23,0.789
2015-12-18,7761.9501953125,14.489999771118164,16594.107421875,11122.5,11663.7998046875,8079.2001953125,-6.99,-404.98,0.7501
2015-12-21,7834.4501953125,14.229999542236328,16824.955078125,11224.75,11556.9501953125,8154.89990234375,37.37,62.7,0.7801
2015-12-22,7786.10009765625,14.479999542236328,16749.00390625,11095.4501953125,11595.900390625,8099.64990234375,168.73,238.36,0.7687
2015-12-23,7865.9501953125,13.649999618530273,16882.3046875,11195.650390625,11805.849609375,8111.0,385.82,632.64,0.7992
2015-12-24,7861.0498046875,13.75,16810.8046875,11184.900390625,11795.75,8136.60009765625,-112.03,8.05,0.8
2015-12-28,7925.14990234375,14.399999618530273,16978.953125,11271.7998046875,12009.0,8228.400390625,-302.62,987.82,0.8298
2015-12-29,7928.9501953125,14.239999771118164,16991.251953125,11253.4501953125,12022.349609375,8268.7998046875,8.49,6.44,0.8542
2015-12-30,7896.25,14.350000381469727,16917.703125,11117.599609375,11987.25,8240.2001953125,152.2,-74.41,0.8299
2015-12-31,7946.35009765625,13.869999885559082,16922.001953125,11212.5498046875,11963.5,8254.75,1123.41,-257.67,0.7659
2016-01-04,7791.2998046875,16.84000015258789,16598.95703125,11029.25,11733.7001953125,8142.85009765625,214.01,-519.91,0.829
2016-01-06,7741.0,16.549999237060547,16432.958984375,11018.150390625,11673.7998046875,8025.39990234375,259.9,-160.49,0.8142
2016-01-07,7568.2998046875,18.959999084472656,16073.6630859375,10863.2001953125,11451.650390625,7725.14990234375,-187.51,907.05,0.8003
2016-01-08,7601.35009765625,17.799999237060547,16142.462890625,10989.5498046875,11486.599609375,7744.25,726.22,-413.77,0.7759
2016-01-11,7563.85009765625,18.690000534057617,16016.0634765625,10823.900390625,11301.0,7751.64990234375,-123.96,192.1,0.7689
2016-01-12,7510.2998046875,18.709999084472656,15734.6171875,10790.349609375,11341.599609375,7721.0498046875,-402.62,237.81,0.7463
2016-01-13,7562.39990234375,18.350000381469727,15871.6650390625,10839.849609375,11321.400390625,7795.5,-75.9,618.79,0.7498
2016-01-14,7536.7998046875,18.610000610351562,15609.6181640625,10980.4501953125,11369.400390625,7684.64990234375,-1221.97,1526.22,0.7717
2016-01-15,7437.7998046875,19.420000076293945,15206.123046875,10994.9501953125,11259.75,7544.2001953125,-1123.79,688.84,0.7442
2016-01-18,7351.0,20.229999542236328,15020.625,10984.0,11095.9501953125,7431.4501953125,-1203.84,1122.8,0.729
2016-01-19,7435.10009765625,18.43000030517578,15269.47265625,10963.099609375,11225.2001953125,7526.0,-857.7,1386.83,0.7413
2016-01-20,7309.2998046875,20.969999313354492,14935.326171875,10910.5,11133.650390625,7401.5498046875,-1324.69,1383.14,0.7451
2016-01-21,7276.7998046875,20.809999465942383,15101.0244140625,10934.7001953125,10876.599609375,7259.4501953125,-1747.23,1267.74,0.7426
2016-01-22,7422.4501953125,18.81999969482422,15497.3701171875,11006.7001953125,11141.2998046875,7544.0,-769.83,915.6,0.7988
2016-01-25,7436.14990234375,18.270000457763672,15560.9697265625,11025.349609375,11239.400390625,7487.2998046875,-91.15,307.89,0.7798
2016-01-27,7437.75,19.059999465942383,15534.4189453125,11029.099609375,11348.7998046875,7491.2998046875,-366.93,499.99,0.7809
2016-01-28,7424.64990234375,17.899999618530273,15381.271484375,11002.7001953125,11440.7001953125,7458.0,-961.82,394.22,0.8664
2016-01-29,7563.5498046875,17.239999771118164,15522.2197265625,11236.150390625,11755.849609375,7605.0498046875,571.7,240.02,0.8764
2016-02-02,7455.5498046875,18.040000915527344,15067.8251953125,11242.099609375,11425.75,7470.39990234375,-113.98,-323.23,0.7789
2016-02-03,7361.7998046875,18.59000015258789,14833.876953125,11122.25,11343.900390625,7343.2998046875,1437.5,-593.67,0.7632
2016-02-05,7489.10009765625,18.110000610351562,15161.8740234375,11227.5498046875,11652.400390625,7495.9501953125,434.93,-109.56,0.8001
2016-02-08,7387.25,20.260000228881836,15046.625,11001.4501953125,11498.7998046875,7423.2001953125,536.27,-383.23,0.7712
2016-02-09,7298.2001953125,21.729999542236328,14874.9267578125,10614.25,11557.0,7295.75,231.19,134.88,0.7825
2016-02-11,6976.35009765625,25.969999313354492,14028.38671875,10312.9501953125,11100.099609375,6949.4501953125,-667.37,407.27,0.7225
2016-02-12,6980.9501953125,24.670000076293945,13971.337890625,10324.4501953125,11081.0498046875,7074.5,-190.52,-418.58,0.7131
2016-02-15,7162.9501953125,22.3799991607666,14444.83203125,10493.75,11191.7001953125,7391.14990234375,-1311.59,1987.45,0.7519
2016-02-16,7048.25,23.040000915527344,14166.28515625,10418.650390625,10936.349609375,7248.7001953125,-964.19,590.73,0.7296
2016-02-17,7108.4501953125,21.829999923706055,14119.685546875,10502.4501953125,11148.099609375,7320.89990234375,-560.0,384.53,0.7422
2016-02-18,7191.75,21.489999771118164,14297.984375,10702.25,11371.349609375,7373.39990234375,418.64,712.12,0.76
2016-02-19,7210.75,20.920000076293945,14344.033203125,10768.900390625,11341.650390625,7441.5,-191.73,16.53,0.7477
2016-02-22,7234.5498046875,21.020000457763672,14384.6328125,10720.599609375,11487.7001953125,7464.7998046875,-656.93,597.87,0.7415
2016-02-23,7109.5498046875,23.84000015258789,14008.1865234375,10601.4501953125,11351.2998046875,7351.60009765625,-289.66,257.93,0.6882
2016-02-24,7018.7001953125,22.959999084472656,13793.8896484375,10468.0498046875,11130.2001953125,7261.14990234375,-730.99,605.88,0.6483
2016-02-25,6970.60009765625,22.75,13555.54296875,10403.5,11177.099609375,7175.75,-1465.68,806.97,0.8375
2016-02-26,7029.75,21.8700008392334,13791.2900390625,10463.349609375,11164.25,7164.85009765625,-695.37,784.14,0.8114
2016-02-29,6987.0498046875,20.15999984741211,13946.23828125,10278.400390625,11167.7001953125,7092.2998046875,-2018.02,1445.25,0.7953
2016-03-02,7368.85009765625,18.989999771118164,15092.2744140625,10897.099609375,11278.4501953125,7435.14990234375,-357.13,-144.78,0.9076
2016-03-03,7475.60009765625,18.040000915527344,15177.5732421875,11054.9501953125,11502.2998046875,7580.2998046875,911.98,-464.75,0.9685
2016-03-08,7485.2998046875,18.469999313354492,15146.32421875,10914.2001953125,11570.349609375,7596.64990234375,578.17,-800.75,0.9661
2016-03-10,7486.14990234375,17.899999618530273,15180.4736328125,10826.900390625,11623.0,7688.2998046875,34.22,198.02,0.934
2016-03-11,7510.2001953125,17.100000381469727,15168.0234375,10835.4501953125,11695.599609375,7723.5498046875,-706.77,534.98,0.9254
2016-03-14,7538.75,17.100000381469727,15277.6220703125,10866.849609375,11719.2001953125,7777.14990234375,1035.63,-805.34,0.9301
2016-03-15,7460.60009765625,17.600000381469727,15326.6220703125,10730.4501953125,11325.599609375,7711.10009765625,-54.01,-302.31,0.9183
2016-03-16,7498.75,17.110000610351562,15461.5205078125,10803.2001953125,11381.75,7671.7001953125,625.58,-680.16,0.9248
2016-03-17,7512.5498046875,16.84000015258789,15443.8203125,10923.5,11227.400390625,7662.60009765625,744.49,-168.38,0.9209
2016-03-18,7604.35009765625,16.3799991607666,15654.66796875,11159.7001953125,11092.25,7767.10009765625,1712.62,-403.37,0.9612
2016-03-21,7704.25,16.329999923706055,15925.9140625,11193.849609375,11235.7001953125,7867.60009765625,1396.33,-618.77,1.025
2016-03-22,7714.89990234375,16.43000030517578,15935.814453125,11206.599609375,11217.5,7947.14990234375,1095.44,-930.37,1.0161
2016-03-23,7716.5,16.350000381469727,15887.5654296875,11228.150390625,11198.2998046875,7990.75,976.91,-1022.58,1.0073
2016-03-28,7615.10009765625,17.489999771118164,15604.71875,11168.7001953125,10960.0498046875,7876.7001953125,2042.94,-2494.44,0.9199
2016-03-29,7597.0,17.639999389648438,15666.068359375,11114.7001953125,10665.25,7955.0,513.45,-556.69,0.9314
2016-03-30,7735.2001953125,16.809999465942383,16134.662109375,11254.5498046875,10910.2001953125,8084.0,1442.47,-396.9,1.0437
2016-03-31,7738.39990234375,16.579999923706055,16141.462890625,11309.2998046875,10989.150390625,8087.60009765625,4056.62,-2890.57,0.7552
2016-04-01,7713.0498046875,17.280000686645508,16174.7119140625,11194.650390625,10928.2998046875,8030.0498046875,-667.15,-222.79,0.8119
2016-04-04,7758.7998046875,17.450000762939453,16190.4111328125,11387.7001953125,10978.0,8124.5498046875,236.82,-333.74,0.81
2016-04-05,7603.2001953125,17.829999923706055,15694.8173828125,11274.9501953125,10876.900390625,7883.10009765625,-66.45,-78.8,0.7399
2016-04-07,7546.4501953125,16.93000030517578,15530.5693359375,11102.599609375,10984.349609375,7834.60009765625,182.28,377.45,0.7048
2016-04-08,7555.2001953125,16.43000030517578,15568.1689453125,11061.150390625,11012.5,7821.2998046875,559.49,-527.11,0.7003
2016-04-11,7671.39990234375,16.010000228881836,15818.31640625,11291.349609375,11024.75,7992.5498046875,-343.3,1089.86,0.765
2016-04-13,7850.4501953125,16.040000915527344,16278.3603515625,11351.849609375,11225.75,8399.349609375,644.27,269.89,0.9189
2016-04-18,7914.7001953125,16.950000762939453,16222.51171875,11597.25,11317.900390625,8386.150390625,977.98,-313.22,0.9837
2016-04-20,7914.75,17.079999923706055,16349.509765625,11552.75,11267.5,8341.400390625,-80.1,-300.09,0.9901
2016-04-21,7912.0498046875,16.510000228881836,16636.95703125,11355.400390625,11320.650390625,8320.2998046875,805.42,65.72,0.9823
2016-04-22,7899.2998046875,16.3799991607666,16703.20703125,11304.0498046875,11286.75,8401.400390625,191.07,-168.64,0.9647
2016-04-25,7855.0498046875,16.56999969482422,16678.45703125,11315.4501953125,11185.25,8322.400390625,222.34,-747.95,0.9507
2016-04-26,7962.64990234375,16.579999923706055,17002.353515625,11417.349609375,11295.599609375,8457.0498046875,512.22,21.21,1.0485
2016-04-27,7979.89990234375,16.350000381469727,16872.75390625,11453.0,11270.5498046875,8479.650390625,411.0,-295.07,1.0553
2016-04-28,7847.25,16.600000381469727,16716.70703125,11287.150390625,11179.400390625,8317.650390625,120.63,-416.21,0.8831
2016-04-29,7849.7998046875,16.540000915527344,16794.8046875,11196.25,11293.25,8288.9501953125,-205.3,28.13,0.8926
2016-05-02,7805.89990234375,17.09000015258789,16542.80859375,11117.7001953125,11271.900390625,8299.0498046875,-606.83,760.02,0.8468
2016-05-04,7706.5498046875,17.450000762939453,16274.060546875,10948.599609375,11182.0,8087.2998046875,-800.79,55.85,0.7674
2016-05-05,7735.5,17.170000076293945,16280.810546875,10973.849609375,11233.400390625,8133.89990234375,-388.51,251.79,0.7683
2016-05-10,7887.7998046875,16.420000076293945,16784.75390625,11034.400390625,11266.849609375,8234.349609375,243.0,-349.86,0.8497
2016-05-12,7900.39990234375,16.329999923706055,16923.501953125,11081.099609375,11264.599609375,8234.25,-317.85,163.64,0.8903
2016-05-13,7814.89990234375,17.0,16716.70703125,11030.7001953125,11157.650390625,8160.39990234375,1493.88,667.03,0.809
2016-05-16,7860.75,17.030000686645508,16737.35546875,11087.75,11205.400390625,8200.2001953125,-79.84,-127.91,0.8277
2016-05-18,7870.14990234375,16.450000762939453,16728.75390625,11120.0498046875,11271.2998046875,8145.35009765625,-250.7,239.91,0.8541
2016-05-19,7783.39990234375,17.059999465942383,16565.056640625,11094.599609375,11246.0,8104.75,-764.58,1483.65,0.7755
2016-05-20,7749.7001953125,16.43000030517578,16481.2578125,11036.150390625,11070.650390625,8080.75,-743.86,597.49,0.7609
2016-05-23,7731.0498046875,16.15999984741211,16407.359375,10939.900390625,10958.5,8026.60009765625,-65.6,-167.77,0.7536
2016-05-24,7748.85009765625,16.219999313354492,16456.458984375,10924.7998046875,10851.150390625,8051.75,-815.53,989.95,0.7896
2016-05-25,7934.89990234375,15.520000457763672,16997.251953125,11215.5,10908.5498046875,8211.9501953125,495.08,337.22,0.9387
2016-05-26,8069.64990234375,15.329999923706055,17359.099609375,11337.150390625,10882.2001953125,8312.650390625,581.29,685.37,0.9322
2016-05-27,8156.64990234375,15.260000228881836,17511.59765625,11420.849609375,11206.7998046875,8393.9501953125,479.89,69.34,0.9556
2016-05-30,8178.5,15.979999542236328,17520.447265625,11547.5,11175.0,8497.0,355.54,-211.09,0.9784
2016-05-31,8160.10009765625,16.049999237060547,17620.6953125,11395.849609375,10995.4501953125,8720.400390625,-114.52,60.28,0.9666
2016-06-01,8179.9501953125,15.84000015258789,17423.24609375,11494.900390625,10957.2001953125,8670.7998046875,-242.48,576.57,0.9555
2016-06-06,8201.0498046875,15.359999656677246,17671.1953125,11395.7998046875,10678.849609375,8763.5498046875,28.3,-230.63,0.9668
2016-06-09,8203.599609375,15.670000076293945,17887.4921875,11264.849609375,10665.400390625,8784.2001953125,1438.72,-268.21,1.0338
2016-06-10,8170.0498046875,15.970000267028809,17828.392578125,11229.0498046875,10657.599609375,8688.2998046875,353.8,-124.45,1.0084
2016-06-13,8110.60009765625,16.579999923706055,17593.744140625,11191.5498046875,10706.599609375,8599.099609375,212.24,-597.83,0.9742
2016-06-14,8108.85009765625,17.190000534057617,17672.1953125,11169.4501953125,10781.400390625,8613.150390625,-113.36,-32.27,0.9643
2016-06-15,8206.599609375,17.059999465942383,17917.69140625,11282.0498046875,10790.2998046875,8689.650390625,-108.23,234.1,1.0477
2016-06-16,8140.75,17.700000762939453,17671.095703125,11244.25,10762.2001953125,8612.7998046875,-156.75,-163.0,0.9818
2016-06-17,8170.2001953125,17.350000381469727,17695.845703125,11290.7998046875,10653.4501953125,8675.2001953125,31.96,-26.21,0.9905
2016-06-20,8238.5,17.520000457763672,17718.39453125,11506.599609375,10685.849609375,8799.0498046875,-537.46,724.06,1.0319
2016-06-21,8219.900390625,17.260000228881836,17618.89453125,11488.4501953125,10627.349609375,8858.4501953125,484.66,-335.53,1.0128
2016-06-22,8203.7001953125,18.18000030517578,17625.845703125,11490.7998046875,10696.5,8778.2001953125,-41.1,361.34,0.9839
2016-06-23,8270.4501953125,18.020000457763672,17892.2421875,11487.0498046875,10793.099609375,8870.2001953125,81.87,203.56,1.0565
2016-06-24,8088.60009765625,18.6299991607666,17425.84765625,11203.150390625,10747.7998046875,8631.650390625,-629.14,114.94,0.9552
2016-06-27,8094.7001953125,18.530000686645508,17514.74609375,11008.0498046875,10964.0498046875,8605.400390625,-146.11,-147.07,0.9526
2016-06-28,8127.85009765625,17.729999542236328,17561.345703125,10884.650390625,11035.349609375,8618.849609375,-190.43,-242.71,0.972
2016-06-29,8204.0,16.15999984741211,17689.6953125,11057.400390625,11084.7001953125,8744.7001953125,102.91,-20.19,1.0487
2016-06-30,8287.75,16.290000915527344,17935.19140625,11120.150390625,11142.0,8863.75,1107.42,-190.76,0.9252
2016-07-01,8328.349609375,15.739999771118164,17985.44140625,11098.400390625,11250.900390625,8894.849609375,-1051.74,190.86,0.9472
2016-07-07,8337.900390625,15.3100004196167,18084.689453125,10942.0,11527.0498046875,8801.4501953125,-299.51,-159.98,0.9711
2016-07-11,8467.900390625,14.850000381469727,18390.736328125,11045.9501953125,11745.7001953125,9058.7998046875,311.18,779.86,1.0053
2016-07-12,8521.0498046875,14.779999732971191,18667.3828125,11056.7998046875,11680.650390625,9121.849609375,193.66,-56.28,1.0589
2016-07-13,8519.5,15.329999923706055,18618.732421875,11128.2001953125,11639.7998046875,9069.9501953125,290.53,-654.73,1.0058
2016-07-14,8565.0,15.609999656677246,18863.53125,11157.849609375,11590.650390625,9115.150390625,869.84,-874.15,1.0098
2016-07-15,8541.400390625,15.640000343322754,18953.4296875,10716.4501953125,11607.7001953125,9204.4501953125,1461.26,-1033.97,0.9818
2016-07-18,8508.7001953125,15.989999771118164,18923.1796875,10735.099609375,11556.849609375,9226.0,599.09,-439.09,0.9524
2016-07-19,8528.5498046875,15.800000190734863,18904.9296875,10766.2998046875,11647.0,9260.0498046875,548.9,-377.43,0.9642
2016-07-20,8565.849609375,15.989999771118164,18967.978515625,10764.7001953125,11925.349609375,9279.7998046875,215.21,-45.45,0.9934
2016-07-21,8510.099609375,15.710000038146973,18674.083984375,10772.25,11820.650390625,9208.650390625,420.22,-372.4,0.9313
2016-07-22,8541.2001953125,15.5,18690.18359375,10756.0,11815.75,9290.5,437.78,-365.67,0.9551
2016-07-25,8635.650390625,15.720000267028809,18989.37890625,10870.900390625,11869.599609375,9378.7998046875,891.01,-67.89,1.0212
2016-07-26,8590.650390625,15.619999885559082,18860.630859375,10877.650390625,11691.150390625,9255.400390625,670.89,-418.29,0.981
2016-07-27,8615.7998046875,15.430000305175781,19021.728515625,10928.4501953125,11569.900390625,9330.75,404.69,-152.47,0.9921
2016-07-28,8666.2998046875,15.149999618530273,19076.328125,10935.650390625,11615.75,9404.349609375,1767.06,-1074.47,0.8938
2016-07-29,8638.5,14.920000076293945,18952.9296875,10913.2998046875,11697.25,9470.849609375,-14.02,148.34,0.8824
2016-08-01,8636.5498046875,15.180000305175781,18740.380859375,11139.0498046875,11685.400390625,9530.0498046875,-1236.95,1003.99,0.8448
2016-08-02,8622.900390625,15.6899995803833,18708.033203125,11179.0,11567.7998046875,9469.599609375,-84.56,279.49,0.8144
2016-08-03,8544.849609375,16.239999771118164,18601.783203125,11181.400390625,11553.2001953125,9301.75,775.07,-1341.51,0.761
2016-08-04,8551.099609375,15.140000343322754,18571.482421875,11148.4501953125,11591.0,9439.75,180.27,-159.01,0.8189
2016-08-08,8711.349609375,14.59000015258789,18939.228515625,11197.2001953125,11692.650390625,9797.5498046875,1156.19,-876.34,0.9198
2016-08-09,8678.25,14.539999961853027,18933.080078125,11198.0,11595.150390625,9747.599609375,111.41,-587.43,0.893
2016-08-11,8592.150390625,14.210000038146973,18640.18359375,11222.2001953125,11376.900390625,9513.25,86.66,294.06,0.8527
2016-08-16,8642.5498046875,14.180000305175781,19001.9296875,10993.5498046875,11420.0,9558.599609375,684.73,-108.98,0.906
2016-08-17,8624.0498046875,14.779999732971191,19041.029296875,10808.75,11496.7998046875,9647.0,0.05,-89.37,0.8954
2016-08-18,8673.25,14.550000190734863,19352.576171875,10783.5,11565.2998046875,9678.599609375,162.17,-14.42,0.9432
2016-08-19,8666.900390625,14.539999961853027,19414.47265625,10727.599609375,11587.400390625,9638.5498046875,409.94,106.19,0.9685
2016-08-22,8629.150390625,14.239999771118164,19330.025390625,10593.2001953125,11473.7998046875,9539.0,-300.5,52.5,0.8901
2016-08-23,8632.599609375,13.899999618530273,19341.42578125,10767.099609375,11409.0498046875,9526.2998046875,-0.19,-451.87,0.9095
2016-08-24,8650.2998046875,13.489999771118164,19355.375,10786.349609375,11536.5498046875,9529.0,-39.28,129.18,0.9379
2016-08-25,8592.2001953125,13.289999961853027,19304.025390625,10665.650390625,11490.849609375,9470.849609375,-372.08,-357.02,0.9662
2016-08-26,8572.5498046875,13.569999694824219,19195.52734375,10523.0498046875,11395.4501953125,9538.400390625,341.35,-266.43,0.9815
2016-08-29,8607.4501953125,13.170000076293945,19216.77734375,10385.349609375,11382.349609375,9697.0,286.52,17.49,0.9876
2016-08-30,8744.349609375,13.020000457763672,19531.32421875,10572.2998046875,11552.75,9866.0498046875,390.63,485.14,1.0326
2016-08-31,8786.2001953125,13.239999771118164,19787.369140625,10546.099609375,11489.150390625,9897.2998046875,854.19,847.7,1.0854
2016-09-02,8809.650390625,12.9399995803833,19882.96875,10528.349609375,11555.150390625,10052.9501953125,-680.7,-174.14,1.0479
2016-09-06,8943.0,12.75,20425.9609375,10545.2998046875,11612.7001953125,10348.5498046875,234.2,-317.74,1.1365
2016-09-08,8952.5,13.119999885559082,20417.01171875,10240.5,11936.650390625,10458.650390625,144.15,-610.15,1.112
2016-09-09,8866.7001953125,13.229999542236328,20245.06640625,10291.900390625,11818.7998046875,10299.2001953125,-315.24,-328.26,1.0539
2016-09-12,8715.599609375,15.239999771118164,19790.369140625,10374.9501953125,11622.599609375,10013.5,200.52,289.57,0.9594
2016-09-14,8726.599609375,14.760000228881836,19908.919921875,10302.849609375,11640.599609375,10086.25,-477.33,-8.53,0.9599
2016-09-15,8742.5498046875,14.680000305175781,19837.3203125,10289.5,11715.650390625,10064.0498046875,345.42,-456.91,0.9772
2016-09-16,8779.849609375,14.579999923706055,19855.21875,10399.25,11725.5,10117.9501953125,660.59,-213.13,0.9949
2016-09-19,8808.400390625,14.9399995803833,19906.619140625,10463.400390625,11766.650390625,10146.349609375,205.38,-252.28,1.0057
2016-09-20,8775.900390625,14.779999732971191,19852.0703125,10426.7001953125,11746.400390625,10075.0,-1146.93,777.52,0.9866
2016-09-21,8777.150390625,14.8100004196167,19828.21875,10456.5,11730.9501953125,10095.9501953125,183.85,-230.59,0.9919
2016-09-22,8867.4501953125,13.34000015258789,20109.365234375,10397.150390625,11844.4501953125,10250.349609375,336.87,310.35,1.0451
2016-09-23,8831.5498046875,13.25,19901.5703125,10391.0498046875,11798.650390625,10224.9501953125,-299.98,496.14,1.0204
2016-09-26,8723.0498046875,14.569999694824219,19591.521484375,10330.0,11708.7001953125,10048.650390625,-206.4,-113.35,0.9507
2016-09-27,8706.400390625,14.25,19518.47265625,10397.0,11782.599609375,9992.5,-155.76,90.67,0.9329
2016-09-28,8745.150390625,13.850000381469727,19653.322265625,10360.5,11777.75,10115.9501953125,73.83,-69.53,0.9939
2016-09-29,8591.25,18.450000762939453,19183.427734375,10257.7998046875,11432.2001953125,9893.849609375,3413.37,1630.88,0.9037
2016-09-30,8611.150390625,17.18000030517578,19285.474609375,10292.2998046875,11461.0,10029.2998046875,-1028.31,1560.29,0.8915
2016-10-03,8738.099609375,15.619999885559082,19588.822265625,10309.849609375,11638.25,10275.5,1063.11,-598.03,0.9035
2016-10-05,8743.9501953125,14.930000305175781,19536.623046875,10333.400390625,11615.900390625,10344.0,328.59,68.2,0.8781
2016-10-06,8709.5498046875,14.84000015258789,19394.826171875,10242.5,11494.4501953125,10269.849609375,201.32,-165.62,0.8968
2016-10-10,8708.7998046875,14.289999961853027,19378.326171875,10270.9501953125,11547.2998046875,10335.7998046875,-547.26,468.96,0.869
2016-10-13,8573.349609375,15.430000305175781,18954.029296875,10243.75,11338.849609375,10203.0,-911.53,679.49,0.8374
2016-10-14,8583.400390625,14.890000343322754,19019.9296875,10228.650390625,11380.099609375,10223.4501953125,-946.42,556.9,0.8424
2016-10-17,8520.400390625,15.65999984741211,19070.1796875,10158.75,11279.400390625,10008.400390625,-456.64,235.57,0.7981
2016-10-18,8677.900390625,14.539999961853027,19494.82421875,10377.150390625,11469.4501953125,10150.0498046875,345.04,173.36,0.9189
2016-10-19,8659.099609375,14.609999656677246,19411.873046875,10411.099609375,11527.75,10092.5498046875,-282.77,724.64,0.9158
2016-10-20,8699.400390625,14.170000076293945,19658.470703125,10372.9501953125,11483.349609375,10088.7001953125,7.3,583.22,0.9074
2016-10-21,8693.0498046875,13.829999923706055,19710.671875,10477.099609375,11494.5498046875,10101.599609375,-272.91,500.37,0.9214
2016-10-24,8708.9501953125,14.329999923706055,19807.669921875,10327.7001953125,11487.599609375,10188.2001953125,-325.13,333.26,0.9276
2016-10-25,8691.2998046875,14.479999542236328,19834.669921875,10261.400390625,11585.9501953125,10143.7001953125,-606.34,389.11,0.9191
2016-10-26,8615.25,14.449999809265137,19483.373046875,10157.349609375,11454.900390625,10056.5498046875,-1450.65,989.46,0.8373
2016-10-27,8615.25,14.09000015258789,19514.373046875,10052.900390625,11534.5498046875,9912.849609375,-469.93,856.5,0.919
2016-10-28,8638.0,14.649999618530273,19555.72265625,10048.400390625,11571.849609375,10056.7001953125,-777.58,1124.08,0.9431
2016-11-01,8626.25,15.739999771118164,19458.373046875,9990.599609375,11530.150390625,10105.5498046875,-1319.24,900.99,0.9261
2016-11-02,8514.0,16.799999237060547,19227.677734375,9871.25,11268.900390625,9973.7998046875,-1112.66,1222.12,0.893
2016-11-03,8484.9501953125,16.469999313354492,19178.4765625,9809.75,11124.2998046875,9948.25,378.36,-432.81,0.8838
2016-11-07,8497.0498046875,16.510000228881836,19355.775390625,9970.0,10818.75,9892.599609375,1055.8,-610.57,0.8855
2016-11-08,8543.5498046875,16.770000457763672,19500.57421875,10008.400390625,10665.7998046875,10079.7001953125,608.35,-621.65,0.9008
2016-11-11,8296.2998046875,17.360000610351562,19738.572265625,9434.599609375,10901.25,9308.2998046875,-1493.27,64.72,0.7581
2016-11-15,8108.4501953125,20.149999618530273,19289.525390625,9487.0,10747.900390625,8828.599609375,-2353.82,-104.83,0.6726
2016-11-16,8111.60009765625,19.5,19107.876953125,9641.0,10559.25,8918.650390625,-1957.04,2344.31,0.6897
2016-11-17,8079.9501953125,18.709999084472656,19087.626953125,9496.2001953125,10595.650390625,8915.599609375,-983.93,1144.15,0.697
2016-11-18,8074.10009765625,17.809999465942383,18958.830078125,9476.4501953125,10751.4501953125,8983.849609375,-926.32,1143.44,0.6966
2016-11-21,7929.10009765625,19.100000381469727,18446.185546875,9453.75,10642.099609375,8681.599609375,-1310.82,1211.01,0.644
2016-11-22,8002.2998046875,18.469999313354492,18548.435546875,9509.4501953125,10693.849609375,8852.900390625,-692.85,1075.2,0.6672
2016-11-23,8033.2998046875,18.040000915527344,18540.685546875,9549.849609375,10934.2001953125,8891.150390625,-1023.12,1254.67,0.6878
2016-11-24,7965.5,17.15999984741211,18255.88671875,9656.25,10762.4501953125,8754.5,-2010.15,1648.22,0.9118
2016-11-25,8114.2998046875,17.610000610351562,18507.0859375,10114.900390625,11085.0,8780.400390625,-372.88,997.84,0.9296
2016-11-28,8126.89990234375,18.059999465942383,18301.236328125,10106.2001953125,11110.25,8826.650390625,-1436.4,1233.79,0.9331
2016-11-29,8142.14990234375,17.709999084472656,18223.5390625,10059.599609375,11061.2998046875,9017.9501953125,-715.3,534.2,0.9425
2016-11-30,8224.5,16.850000381469727,18627.583984375,10087.7001953125,11080.0498046875,9113.7998046875,-434.42,676.68,1.0261
2016-12-01,8192.900390625,16.690000534057617,18428.234375,10049.75,11132.0498046875,9041.0,-540.99,141.25,1.0027
2016-12-02,8086.7998046875,17.93000030517578,18247.4375,9922.7998046875,11038.0498046875,8888.7001953125,-398.37,545.07,0.9719
2016-12-05,8128.75,17.290000915527344,18408.685546875,9836.0,11073.5,9046.25,24.14,258.35,0.9706
2016-12-07,8102.0498046875,16.850000381469727,18233.9375,9777.900390625,10832.650390625,9053.25,212.92,119.27,0.9398
2016-12-08,8246.849609375,15.529999732971191,18515.234375,9935.900390625,10972.650390625,9299.0498046875,1203.71,-392.47,1.023
2016-12-09,8261.75,15.069999694824219,18695.583984375,9997.5,10929.4501953125,9252.2998046875,-593.61,-12.9,1.0483
2016-12-12,8170.7998046875,16.190000534057617,18392.736328125,9953.900390625,10895.900390625,9092.0,-94.45,-266.2,0.9948
2016-12-13,8221.7998046875,15.920000076293945,18465.8359375,10058.650390625,10947.900390625,9196.0,-2181.03,178.92,1.0078
2016-12-14,8182.4501953125,16.59000015258789,18341.287109375,10128.9501953125,10859.25,9146.0498046875,-632.29,210.86,0.9937
2016-12-15,8153.60009765625,15.65999984741211,18400.935546875,10195.75,10655.5,9118.25,-611.97,-177.48,0.9744
2016-12-16,8139.4501953125,15.25,18312.587890625,10222.9501953125,10646.5,9153.5,-90.36,30.48,0.9489
2016-12-19,8104.35009765625,14.84000015258789,18256.837890625,10223.650390625,10555.7001953125,9098.0498046875,-535.77,556.36,0.9193
2016-12-20,8082.39990234375,14.539999961853027,18069.189453125,10322.849609375,10436.75,9023.0498046875,-685.93,418.93,0.874
2016-12-21,8061.2998046875,14.710000038146973,18084.2890625,10228.25,10361.599609375,9013.0,-1178.08,1057.96,0.884
2016-12-22,7979.10009765625,15.550000190734863,17891.2421875,10163.0,10226.150390625,8961.2998046875,-614.4,319.79,0.8463
2016-12-23,7985.75,15.130000114440918,17883.79296875,10071.0498046875,10156.650390625,8987.25,-1462.65,1614.94,0.8577
2016-12-26,7908.25,16.600000381469727,17655.345703125,10023.2998046875,9889.2998046875,8854.75,-1095.04,1065.39,0.7775
2016-12-27,8032.85009765625,15.079999923706055,17879.34375,10170.7001953125,10083.0,8991.7998046875,-712.17,1502.41,0.881
2016-12-28,8034.85009765625,15.539999961853027,17876.4921875,10198.599609375,10149.349609375,8981.150390625,-527.06,824.84,0.901
2016-12-29,8103.60009765625,15.279999732971191,18032.94140625,10291.849609375,10132.349609375,9109.0498046875,-662.29,957.83,0.9833
2016-12-30,8185.7998046875,15.470000267028809,18176.98828125,10399.25,10267.0,9141.75,-585.64,725.26,1.0115
2017-01-02,8179.5,15.829999923706055,17969.390625,10367.0498046875,10310.2001953125,9326.900390625,92.73,1133.74,0.9949
2017-01-03,8192.25,15.960000038146973,18035.390625,10362.25,10317.4501953125,9300.2998046875,-198.27,254.21,1.0043
2017-01-06,8243.7998046875,14.90999984741211,18263.787109375,10110.4501953125,10472.7001953125,9506.650390625,-517.31,171.65,1.0283
2017-01-09,8236.0498046875,15.479999542236328,18286.4375,10198.4501953125,10323.4501953125,9495.9501953125,-832.81,731.72,1.014
2017-01-11,8380.650390625,14.8100004196167,18829.78125,10220.5498046875,10464.650390625,9703.650390625,1038.31,-667.91,1.1306
2017-01-12,8407.2001953125,14.609999656677246,18873.73046875,10398.7998046875,10401.75,9676.9501953125,306.11,176.19,1.1038
2017-01-13,8400.349609375,14.380000114440918,18911.87890625,10263.5498046875,10445.099609375,9600.7001953125,-117.59,-473.5,1.0921
2017-01-16,8412.7998046875,15.069999694824219,19096.2265625,10173.099609375,10418.2001953125,9650.7001953125,-347.25,203.45,1.1198
2017-01-17,8398.0,15.390000343322754,19066.830078125,10206.7998046875,10426.650390625,9641.849609375,142.21,-607.23,1.0833
2017-01-19,8435.099609375,15.020000457763672,19124.02734375,10222.150390625,10389.75,9709.0,-132.26,379.63,1.0732
2017-01-20,8349.349609375,15.789999961853027,18820.58203125,10132.650390625,10307.849609375,9601.0,-26.34,-175.48,1.0072
2017-01-23,8391.5,15.90999984741211,18842.48046875,10219.400390625,10214.150390625,9665.0,-288.8,519.99,1.0531
2017-01-24,8475.7998046875,15.289999961853027,19023.279296875,10201.599609375,10339.4501953125,9828.2001953125,93.95,533.49,1.1318
2017-01-25,8602.75,15.170000076293945,19472.97265625,10164.4501953125,10332.599609375,9967.7001953125,1378.81,383.03,0.9698
2017-01-27,8641.25,16.010000228881836,19708.072265625,10181.849609375,10367.2001953125,10014.849609375,211.77,482.52,0.944
2017-01-30,8632.75,16.670000076293945,19585.021484375,10170.650390625,10412.150390625,9928.650390625,607.36,40.04,0.9058
2017-01-31,8561.2998046875,16.829999923706055,19514.923828125,9848.5,10236.349609375,9837.75,-532.88,237.37,0.8972
2017-02-01,8716.400390625,13.970000267028809,20020.3671875,9750.0,10189.5,10191.9501953125,-260.64,20.66,0.9445
2017-02-02,8734.25,13.520000457763672,20070.068359375,9926.0,10402.0,10058.7998046875,108.59,-110.89,0.9487
2017-02-03,8740.9501953125,13.130000114440918,20196.56640625,10025.7998046875,10555.0,9975.099609375,122.94,-83.21,0.975
2017-02-06,8801.0498046875,13.399999618530273,20371.36328125,10029.0498046875,10710.7998046875,10031.099609375,-59.13,222.29,0.9867
2017-02-08,8769.0498046875,13.350000381469727,20245.166015625,10007.0498046875,10583.400390625,9994.25,473.72,-232.95,0.9555
2017-02-13,8805.0498046875,13.6899995803833,20251.564453125,10452.900390625,10403.599609375,9973.2998046875,306.74,-171.7,0.9594
2017-02-14,8792.2998046875,13.800000190734863,20257.86328125,10474.099609375,10322.25,9820.599609375,-6.45,-3.2,0.9469
2017-02-15,8724.7001953125,14.210000038146973,20163.46484375,10427.650390625,10137.650390625,9523.349609375,225.84,248.98,0.8922
2017-02-16,8778.0,13.729999542236328,20243.46484375,10628.0498046875,10407.75,9686.349609375,-215.69,846.11,0.9333
2017-02-17,8821.7001953125,13.430000305175781,20551.111328125,10527.2001953125,10624.400390625,9683.599609375,8043.14,-5631.99,0.9793
2017-02-20,8879.2001953125,13.609999656677246,20676.859375,10671.25,10641.599609375,9743.9501953125,-433.38,827.9,1.0216
2017-02-21,8907.849609375,13.529999732971191,20860.70703125,10680.75,10644.599609375,9758.900390625,-1435.76,1535.44,1.0667
2017-02-22,8926.900390625,13.699999809265137,20868.20703125,10514.7998046875,10582.2998046875,9768.4501953125,-259.21,917.97,1.0522
2017-02-23,8939.5,13.399999618530273,20876.408203125,10689.650390625,10561.599609375,9761.75,392.33,-445.04,0.9331
2017-02-27,8896.7001953125,13.680000305175781,20612.810546875,10706.7001953125,10571.7001953125,9666.849609375,-145.55,263.79,0.8879
2017-02-28,8879.599609375,13.789999961853027,20607.009765625,10680.9501953125,10585.150390625,9654.650390625,1146.23,268.34,0.8796
2017-03-01,8945.7998046875,13.579999923706055,20783.5078125,10748.0498046875,10700.7998046875,9670.599609375,-500.49,562.27,0.9041
2017-03-02,8899.75,13.359999656677246,20559.8125,10741.599609375,10541.099609375,9705.5,353.84,-42.53,0.8779
2017-03-03,8897.5498046875,13.350000381469727,20495.361328125,10806.25,10614.0498046875,9680.5,1529.48,-737.0,0.8559
2017-03-07,8946.900390625,13.880000114440918,20627.259765625,10799.099609375,10560.900390625,9753.5498046875,-804.67,954.34,0.8508
2017-03-08,8924.2998046875,14.079999923706055,20676.310546875,10739.4501953125,10584.349609375,9701.25,24.07,-389.34,0.8384
2017-03-10,8934.5498046875,13.960000038146973,20727.310546875,10749.849609375,10468.349609375,9779.25,-693.03,1552.41,0.7902
2017-03-14,9087.0,12.399999618530273,21102.453125,10879.25,10648.0498046875,9910.400390625,4087.89,-1519.94,0.8555
2017-03-15,9084.7998046875,12.420000076293945,21157.654296875,10696.5498046875,10671.0498046875,9987.650390625,1141.13,126.75,0.9143
2017-03-16,9153.7001953125,11.90999984741211,21249.654296875,10822.099609375,10731.2001953125,10056.5,1360.1,-88.17,0.9593
2017-03-17,9160.0498046875,11.850000381469727,21174.8046875,10900.75,10674.9501953125,10009.400390625,1532.39,-711.5,0.9811
2017-03-20,9126.849609375,12.020000457763672,21110.00390625,10776.75,10710.599609375,10009.2998046875,56.67,-536.21,0.9387
2017-03-21,9121.5,11.9399995803833,21018.755859375,10787.2001953125,10493.75,9963.75,1662.72,-798.57,0.8966
2017-03-22,9030.4501953125,12.270000457763672,20781.107421875,10783.2998046875,10510.5498046875,9803.9501953125,356.64,-779.91,0.8397
2017-03-23,9086.2998046875,11.84000015258789,20895.2578125,10850.7998046875,10575.2001953125,9897.9501953125,1094.44,-590.78,0.9112
2017-03-24,9108.0,11.979999542236328,21122.3046875,10768.9501953125,10556.349609375,9878.349609375,543.35,116.5,0.9234
2017-03-27,9045.2001953125,12.4399995803833,21056.65625,10648.5,10441.900390625,9808.2001953125,577.88,-594.48,0.9071
2017-03-28,9100.7998046875,12.119999885559082,21225.154296875,10681.0498046875,10497.7001953125,9887.7998046875,6415.38,356.23,0.9545
2017-03-29,9143.7998046875,12.09000015258789,21390.90234375,10741.25,10419.5,9845.75,460.98,1283.03,1.0154
2017-03-30,9173.75,12.149999618530273,21620.447265625,10730.75,10407.2998046875,9860.2998046875,67.97,1701.79,0.9224
2017-03-31,9173.75,12.420000076293945,21443.900390625,10703.25,10411.150390625,9880.2001953125,-295.92,1499.41,0.8968
2017-04-05,9265.150390625,11.550000190734863,21652.447265625,10510.2998046875,10541.150390625,10033.5498046875,-601.12,926.1,0.9944
2017-04-07,9198.2998046875,11.6899995803833,21430.900390625,10485.75,10285.7998046875,9993.75,-834.36,295.88,0.9194
2017-04-10,9181.4501953125,11.619999885559082,21519.900390625,10338.150390625,10315.7998046875,10030.5,-632.14,584.88,0.9431
2017-04-12,9203.4501953125,11.630000114440918,21666.548828125,10323.4501953125,10445.2001953125,9987.150390625,-333.59,776.18,0.9834
2017-04-13,9150.7998046875,11.579999923706055,21686.34765625,10064.2001953125,10531.9501953125,9907.400390625,-407.88,65.43,0.9631
2017-04-17,9139.2998046875,11.890000343322754,21647.34765625,10000.900390625,10448.5498046875,9889.4501953125,-250.54,-52.38,0.9499
2017-04-18,9105.150390625,12.380000114440918,21671.59765625,9981.5498046875,10355.7998046875,9813.7001953125,-930.67,878.08,0.9343
2017-04-19,9103.5,12.220000267028809,21556.099609375,9944.7998046875,10321.0498046875,9831.349609375,-673.38,525.52,0.9038
2017-04-20,9136.400390625,11.5600004196167,21491.150390625,10039.0498046875,10303.9501953125,9909.900390625,-168.84,8.82,0.9428
2017-04-21,9119.400390625,11.420000076293945,21551.19921875,10008.150390625,10208.5,9858.7998046875,-978.34,1132.39,0.9096
2017-04-24,9217.9501953125,11.630000114440918,21857.146484375,10058.349609375,10177.75,9978.2001953125,-279.55,984.17,1.0286
2017-04-25,9306.599609375,11.15999984741211,22054.443359375,10091.25,10241.4501953125,10090.349609375,178.82,998.26,1.0955
2017-04-26,9351.849609375,11.739999771118164,22242.591796875,9966.75,10197.2001953125,10189.7001953125,-492.52,1011.38,1.1547
2017-04-27,9342.150390625,11.069999694824219,22326.041015625,10012.349609375,10100.0,10173.099609375,-181.71,233.31,1.0245
2017-04-28,9304.0498046875,10.859999656677246,22357.990234375,9943.7001953125,10120.900390625,10255.150390625,-1150.43,1684.44,1.025
2017-05-04,9359.900390625,11.329999923706055,22719.8359375,10106.5,9979.0,10211.7998046875,340.13,-194.05,1.065
2017-05-05,9285.2998046875,11.989999771118164,22604.685546875,10086.349609375,9935.150390625,10107.9501953125,-363.98,298.11,0.9914
2017-05-09,9316.849609375,11.109999656677246,22707.037109375,10279.599609375,9997.7001953125,10157.7998046875,-379.16,474.36,0.9944
2017-05-10,9407.2998046875,10.949999809265137,22830.083984375,10219.5498046875,10106.2001953125,10303.900390625,-656.5,519.03,1.0611
2017-05-12,9400.900390625,10.630000114440918,22671.435546875,10367.2998046875,10121.400390625,10429.2001953125,-1470.56,1074.39,1.0271
2017-05-15,9445.400390625,10.680000305175781,22821.234375,10339.75,10252.849609375,10481.2998046875,235.33,-65.77,1.0391
2017-05-16,9512.25,10.5600004196167,22928.333984375,10461.2998046875,10247.150390625,10597.4501953125,858.29,-401.89,1.1128
2017-05-17,9525.75,10.640000343322754,22935.68359375,10437.2998046875,10222.599609375,10669.7001953125,-731.39,614.51,1.1422
2017-05-18,9429.4501953125,11.789999961853027,22698.3359375,10545.599609375,10160.2998046875,10436.349609375,-360.59,897.96,1.0294
2017-05-19,9427.900390625,11.300000190734863,22769.53515625,10456.349609375,10156.099609375,10409.7998046875,-988.7,349.21,1.0008
2017-05-22,9438.25,11.199999809265137,22652.5859375,10504.849609375,9959.2001953125,10339.9501953125,-321.27,1262.64,0.957
2017-05-23,9386.150390625,12.199999809265137,22582.5390625,10510.2001953125,9648.2998046875,10380.650390625,-400.53,352.54,0.9438
2017-05-24,9360.5498046875,11.829999923706055,22536.0390625,10509.2001953125,9446.9501953125,10386.2998046875,81.88,197.31,0.9176
2017-05-25,9509.75,10.449999809265137,23190.53125,10738.349609375,9199.150390625,10588.099609375,589.11,-236.44,1.0117
2017-05-26,9595.099609375,10.859999656677246,23361.927734375,10735.400390625,9060.4501953125,10711.5498046875,-274.14,1008.56,1.0416
2017-05-29,9604.900390625,11.789999961853027,23182.48046875,10568.349609375,8757.7998046875,10753.5,-709.97,290.53,1.0182
2017-05-30,9624.5498046875,11.770000457763672,23306.978515625,10609.0,8990.2998046875,10802.0498046875,-217.1,366.97,1.0325
2017-05-31,9621.25,11.760000228881836,23424.529296875,10549.099609375,9025.25,10870.7998046875,1048.93,-939.54,1.0678
2017-06-01,9616.099609375,11.3100004196167,23309.87890625,10574.7001953125,9104.9501953125,10891.5498046875,-255.21,165.29,1.0127
2017-06-02,9653.5,10.8100004196167,23375.62890625,10608.9501953125,9254.7001953125,10942.2001953125,-403.52,449.52,1.0124
2017-06-06,9637.150390625,11.130000114440918,23416.029296875,10907.25,9174.599609375,10849.2001953125,61.16,-360.01,1.045
2017-06-07,9663.900390625,10.890000343322754,23567.376953125,10701.25,9300.5498046875,10932.400390625,-15.29,315.95,1.0774
2017-06-09,9668.25,10.859999656677246,23690.625,10442.650390625,9507.349609375,11047.4501953125,-1353.02,51.57,1.0739
2017-06-12,9616.400390625,11.420000076293945,23470.17578125,10470.75,9583.849609375,10963.849609375,-1217.92,995.11,1.0029
2017-06-13,9606.900390625,11.34000015258789,23477.576171875,10339.0,9592.150390625,10910.2001953125,-312.4,304.58,1.0
2017-06-14,9618.150390625,11.180000305175781,23498.42578125,10366.099609375,9576.0,10905.25,-161.13,71.65,1.0417
2017-06-15,9578.0498046875,11.329999923706055,23391.478515625,10278.0498046875,9695.849609375,10839.400390625,-645.35,854.85,0.9993
2017-06-16,9588.0498046875,10.920000076293945,23502.4765625,10189.5,9525.5,10869.2001953125,-764.48,890.91,0.9917
2017-06-19,9657.5498046875,10.630000114440918,23741.875,10197.900390625,9489.2001953125,10893.2998046875,-250.39,529.9,1.0584
2017-06-20,9653.5,10.65999984741211,23697.673828125,10289.9501953125,9481.900390625,10900.7001953125,-312.84,477.13,1.0503
2017-06-21,9633.599609375,10.920000076293945,23708.474609375,10223.400390625,9456.7998046875,10835.5,-152.82,-41.39,1.048
2017-06-22,9630.0,11.210000038146973,23735.82421875,10199.5498046875,9471.599609375,10820.75,192.68,455.21,1.0254
2017-06-23,9574.9501953125,11.5600004196167,23542.4765625,10170.599609375,9478.150390625,10637.4501953125,269.95,-45.78,0.9525
2017-06-28,9491.25,11.989999771118164,23235.580078125,10133.5498046875,9482.349609375,10582.650390625,-469.09,168.97,0.8773
2017-06-29,9504.099609375,11.380000114440918,23227.03125,10124.400390625,9428.2001953125,10568.150390625,-1140.77,600.23,1.0769
2017-06-30,9520.900390625,11.729999542236328,23210.9296875,10155.0498046875,9606.400390625,10540.25,-160.48,1195.71,1.0554
2017-07-03,9615.0,11.199999809265137,23272.53125,10189.849609375,9616.2998046875,10680.9501953125,920.46,-1073.75,1.0911
2017-07-04,9613.2998046875,11.279999732971191,23213.9296875,10213.400390625,9517.9501953125,10629.5498046875,-262.37,414.94,1.072
2017-07-06,9674.5498046875,10.979999542236328,23466.376953125,10148.900390625,9598.4501953125,10746.5498046875,73.79,166.22,1.1734
2017-07-07,9665.7998046875,10.869999885559082,23448.876953125,10087.7998046875,9723.849609375,10729.0,-522.08,720.08,1.1522
2017-07-11,9786.0498046875,10.890000343322754,23584.326171875,10430.0,9801.650390625,10876.150390625,461.47,-2046.07,1.1828
2017-07-12,9816.099609375,11.050000190734863,23695.173828125,10401.5,9817.7998046875,10904.349609375,-1075.62,926.68,1.2337
2017-07-13,9891.7001953125,11.25,23888.373046875,10440.5498046875,9875.25,10936.650390625,-59.15,279.13,1.2479
2017-07-14,9886.349609375,11.170000076293945,23937.421875,10330.650390625,9958.25,10892.25,673.56,-136.27,1.2754
2017-07-17,9915.9501953125,11.460000038146973,24014.771484375,10445.849609375,9994.75,10936.4501953125,328.61,-447.14,1.285
2017-07-18,9827.150390625,11.489999771118164,24021.771484375,10493.2001953125,10024.2998046875,10954.400390625,317.44,-975.01,1.1689
2017-07-19,9899.599609375,11.260000228881836,24152.369140625,10583.7998046875,10234.599609375,11012.150390625,1046.65,-12.48,1.231
2017-07-20,9873.2998046875,11.319999694824219,24213.068359375,10491.150390625,10140.75,10960.7001953125,154.91,0.08,1.1254
2017-07-21,9915.25,11.09000015258789,24256.76953125,10711.5498046875,10052.400390625,10955.400390625,12.9,147.66,1.1522
2017-07-24,9966.400390625,11.3100004196167,24420.56640625,10823.5498046875,9980.5,10968.7998046875,-366.84,668.87,1.2247
2017-07-25,9964.5498046875,10.90999984741211,24520.4140625,10810.349609375,9930.5498046875,10932.5,270.77,-209.5,1.25
2017-07-26,10020.650390625,11.170000076293945,24670.412109375,10782.9501953125,10036.7998046875,11003.5498046875,-60.6,676.61,1.3545
2017-07-27,10020.5498046875,11.220000267028809,24922.111328125,10612.2998046875,9880.25,10919.0,1869.92,-660.03,1.1815
2017-07-28,10014.5,11.140000343322754,24811.01171875,10699.4501953125,9672.599609375,10934.849609375,-223.12,424.67,1.1025
2017-07-31,10077.099609375,11.899999618530273,25103.359375,10755.75,9476.400390625,11002.650390625,-1196.94,1768.43,1.1304
2017-08-02,10081.5,11.9399995803833,25054.908203125,10727.349609375,9453.9501953125,11134.25,-127.69,-166.82,1.0345
2017-08-03,10013.650390625,11.640000343322754,24674.763671875,10682.5,9336.900390625,11058.7998046875,3573.04,-1735.12,1.0309
2017-08-08,9978.5498046875,12.770000457763672,24599.21484375,10623.7001953125,9125.849609375,11117.7998046875,1539.82,798.55,0.9354
2017-08-09,9908.0498046875,13.449999809265137,24374.31640625,10613.5498046875,8766.25,10925.650390625,-256.42,487.97,0.8837
2017-08-11,9710.7998046875,15.199999809265137,23985.470703125,10647.0498046875,8521.349609375,10457.75,-3838.27,3038.16,0.8883
2017-08-14,9794.150390625,14.380000114440918,24115.46875,10587.2998046875,8758.099609375,10600.150390625,-1638.83,1619.17,0.9246
2017-08-16,9897.2998046875,14.239999771118164,24437.416015625,10659.7001953125,8859.400390625,10778.75,-1090.1,1336.91,0.9953
2017-08-17,9904.150390625,14.34000015258789,24236.96875,10797.7998046875,8797.099609375,10694.650390625,-981.05,828.59,0.988
2017-08-18,9837.400390625,14.569999694824219,24074.169921875,10570.0,8639.400390625,10676.349609375,-2182.12,584.59,0.9357
2017-08-21,9754.349609375,14.819999694824219,23936.22265625,10440.0498046875,8490.2001953125,10572.75,-1983.39,474.72,0.8755
2017-08-22,9765.5498046875,14.109999656677246,23974.169921875,10446.25,8566.650390625,10482.900390625,-828.69,435.05,0.8998
2017-08-23,9852.5,13.180000305175781,24316.517578125,10478.25,8615.849609375,10552.7998046875,-1157.52,929.84,0.9842
2017-08-24,9857.0498046875,12.569999694824219,24273.91796875,10503.900390625,8902.0498046875,10571.4501953125,-696.93,1044.38,1.0121
2017-08-28,9912.7998046875,12.640000343322754,24376.81640625,10592.2998046875,8975.0498046875,10592.349609375,-124.74,476.26,1.0115
2017-08-29,9796.0498046875,13.539999961853027,24128.66796875,10506.0,8865.0498046875,10503.5,-1459.64,1391.33,0.9159
2017-08-30,9884.400390625,12.890000343322754,24308.416015625,10493.25,8908.0498046875,10572.349609375,-12.46,290.78,0.9781
2017-08-31,9917.900390625,11.949999809265137,24318.1171875,10558.25,8859.650390625,10612.5498046875,77.58,509.71,1.2159
2017-09-01,9974.400390625,11.680000305175781,24433.716796875,10514.400390625,9071.7001953125,10823.599609375,-325.1,96.82,1.2214
2017-09-05,9952.2001953125,12.890000343322754,24328.017578125,10498.0,9037.599609375,10771.2001953125,332.87,16.92,1.1427
2017-09-06,9916.2001953125,13.119999885559082,24278.869140625,10421.650390625,8897.2998046875,10746.099609375,-100.99,324.7,1.1328
2017-09-08,9934.7998046875,12.960000038146973,24370.517578125,10456.650390625,8840.2998046875,10779.0,-841.44,553.17,1.17
2017-09-11,10006.0498046875,12.359999656677246,24671.962890625,10459.5,8804.4501953125,10839.75,-713.75,231.25,1.1837
2017-09-13,10079.2998046875,11.760000228881836,24831.51171875,10505.2998046875,9140.599609375,10916.0,-826.77,725.9,1.2731
2017-09-14,10086.599609375,11.470000267028809,24911.9609375,10496.0498046875,9380.849609375,10949.0,-1334.23,793.31,1.2651
2017-09-15,10085.400390625,11.680000305175781,24844.01171875,10599.75,9338.0,10971.4501953125,418.86,125.55,1.2279
2017-09-18,10153.099609375,11.4399995803833,25046.609375,10649.5,9339.5498046875,11104.849609375,-96.92,775.61,1.253
2017-09-19,10147.5498046875,11.470000267028809,25041.259765625,10654.849609375,9293.9501953125,11170.75,-1719.62,-77.68,1.2535
2017-09-20,10141.150390625,11.630000114440918,24964.759765625,10651.349609375,9319.849609375,11103.4501953125,-1185.44,946.23,1.2304
2017-09-21,10121.900390625,11.630000114440918,24798.9609375,10653.849609375,9629.75,11051.900390625,-1204.95,1416.55,1.1916
2017-09-22,9964.400390625,12.8100004196167,24368.56640625,10632.099609375,9465.4501953125,10927.0498046875,-1241.73,521.17,1.0018
2017-09-25,9872.599609375,13.34000015258789,24164.76953125,10569.150390625,9297.0498046875,10808.4501953125,-1249.45,1009.98,0.926
2017-09-26,9871.5,12.930000305175781,24198.869140625,10548.5,9297.900390625,10816.0,-1915.54,1537.1,0.9201
2017-09-27,9735.75,13.859999656677246,23812.671875,10544.2001953125,9036.4501953125,10646.0498046875,-856.28,1858.29,0.8263
2017-09-28,9768.9501953125,13.170000076293945,24007.87109375,10521.900390625,9111.5498046875,10683.650390625,-5328.46,5196.6,1.1326
2017-09-29,9788.599609375,12.489999771118164,24052.720703125,10475.349609375,9172.599609375,10811.25,-1546.86,2064.63,1.0633
2017-10-03,9859.5,12.460000038146973,24103.12109375,10546.099609375,9214.9501953125,10903.75,412.14,-13.91,1.0748
2017-10-05,9888.7001953125,11.710000038146973,24057.771484375,10524.650390625,9394.150390625,10931.7001953125,893.36,-229.73,1.109
2017-10-10,10016.9501953125,11.109999656677246,24347.166015625,10726.2001953125,9530.2998046875,11029.849609375,-504.82,402.15,1.2047
2017-10-11,9984.7998046875,11.729999542236328,24107.169921875,10785.25,9441.150390625,10960.2998046875,-529.22,1920.87,1.1275
2017-10-13,10167.4501953125,11.260000228881836,24688.86328125,10924.2001953125,9545.599609375,11078.2998046875,-1698.5,1590.13,1.4006
2017-10-16,10230.849609375,11.3100004196167,24702.763671875,10961.599609375,9692.5498046875,11216.849609375,-29.92,272.69,1.3846
2017-10-17,10234.4501953125,11.609999656677246,24645.3125,10942.7001953125,9740.5498046875,11221.900390625,-484.92,809.03,1.3339
2017-10-18,10210.849609375,11.539999961853027,24313.466796875,10910.150390625,9622.599609375,11167.849609375,-1251.16,904.27,1.3002
2017-10-19,10146.5498046875,12.399999618530273,24009.470703125,10890.7998046875,9593.5,11107.7001953125,-43.74,40.78,1.2026
2017-10-23,10184.849609375,12.329999923706055,24088.62109375,10997.849609375,9542.2001953125,11109.9501953125,-81.51,307.84,1.2192
2017-10-24,10207.7001953125,11.59000015258789,24221.869140625,10884.7998046875,9490.0,11080.0,-1306.76,592.28,1.2658
2017-10-25,10295.349609375,11.760000228881836,25035.609375,10925.4501953125,9346.75,11150.2998046875,3582.5,-155.71,1.3619
2017-10-26,10343.7998046875,11.619999885559082,25021.908203125,10883.0498046875,9428.349609375,11212.599609375,-375.63,-523.54,1.2692
2017-10-27,10323.0498046875,11.479999542236328,24839.26171875,10862.0498046875,9650.099609375,11317.900390625,-640.95,56.57,1.1943
2017-10-30,10363.650390625,12.109999656677246,24988.259765625,10854.2998046875,9754.849609375,11426.5,-186.04,139.68,1.2006
2017-10-31,10335.2998046875,12.4399995803833,25019.05859375,10837.900390625,9756.0,11370.0,-531.82,596.92,1.2072
2017-11-01,10440.5,12.140000343322754,25490.15234375,10817.2998046875,9711.5498046875,11363.5,-627.3,1116.15,1.2973
2017-11-07,10350.150390625,13.239999771118164,25300.505859375,11172.099609375,9469.75,11331.75,182.05,335.75,1.1353
2017-11-08,10303.150390625,13.609999656677246,25184.056640625,11245.900390625,9494.9501953125,11254.099609375,-1943.86,2016.84,1.0695
2017-11-09,10308.9501953125,13.270000457763672,25291.0546875,11248.4501953125,9435.849609375,11242.5,-392.52,877.37,1.1049
2017-11-10,10321.75,13.479999542236328,25498.65234375,11222.5498046875,9311.5,11185.5,-107.95,233.8,1.092
2017-11-13,10224.9501953125,14.050000190734863,25358.005859375,11236.2001953125,9238.849609375,11134.0498046875,-233.56,-268.77,1.0116
2017-11-14,10186.599609375,14.170000076293945,25284.306640625,11168.75,9208.4501953125,11156.7001953125,2576.98,-1.3,0.9644
2017-11-15,10118.0498046875,14.270000457763672,25218.607421875,11122.900390625,9025.2001953125,11103.599609375,-381.42,869.09,0.9219
2017-11-16,10214.75,13.460000038146973,25446.3046875,11317.25,9082.650390625,11156.400390625,-447.42,847.45,0.9994
2017-11-17,10283.599609375,13.710000038146973,25728.1015625,11150.0,9161.7998046875,11252.099609375,1276.62,1466.94,1.0075
2017-11-20,10298.75,13.430000305175781,25768.30078125,11100.099609375,9143.349609375,11284.9501953125,-358.74,613.0,1.0125
2017-11-21,10326.900390625,13.720000267028809,25757.201171875,11119.4501953125,9346.5498046875,11325.900390625,-727.01,825.5,1.0371
2017-11-22,10342.2998046875,14.039999961853027,25766.3515625,11117.5,9278.0,11354.5498046875,-441.46,837.22,1.0258
2017-11-23,10348.75,13.869999885559082,25735.951171875,11230.599609375,9293.2001953125,11326.75,73.22,222.21,1.0601
2017-11-24,10389.7001953125,13.510000228881836,25779.3515625,11306.400390625,9364.2998046875,11371.9501953125,-416.28,427.63,1.1216
2017-11-27,10399.5498046875,13.029999732971191,25891.6484375,11314.25,9368.7001953125,11402.7001953125,-424.77,69.4,1.1413
2017-11-28,10370.25,13.149999618530273,25846.099609375,11270.599609375,9318.5,11406.400390625,12.24,-428.15,1.0679
2017-11-29,10361.2998046875,13.0600004196167,25795.3984375,11232.9501953125,9351.849609375,11427.9501953125,-859.27,771.07,1.0345
2017-11-30,10226.5498046875,13.550000190734863,25332.10546875,11115.349609375,9238.75,11292.900390625,-1500.76,1202.57,1.1834
2017-12-01,10121.7998046875,14.800000190734863,25191.65625,10948.5,9083.849609375,11188.2001953125,-12.77,-110.08,1.0697
2017-12-04,10127.75,14.859999656677246,25074.80859375,11081.650390625,9052.0,11160.099609375,-580.7,701.12,1.0402
2017-12-05,10118.25,15.010000228881836,25124.556640625,11025.400390625,9043.150390625,11100.5498046875,841.8,-710.83,1.03
2017-12-06,10044.099609375,15.09000015258789,24851.51171875,11074.900390625,8938.2001953125,11020.75,-169.25,-63.11,0.923
2017-12-07,10166.7001953125,14.270000457763672,25056.958984375,11163.5,8960.400390625,11235.650390625,361.25,-330.58,1.0788
2017-12-12,10240.150390625,15.260000228881836,25125.15625,11272.4501953125,9119.099609375,11331.099609375,843.2,-853.67,1.0855
2017-12-13,10192.9501953125,15.949999809265137,25000.05859375,11251.7001953125,9002.7998046875,11264.650390625,-578.65,-116.48,1.0313
2017-12-14,10252.099609375,16.40999984741211,25167.90625,11275.400390625,9070.849609375,11296.2001953125,232.17,-374.21,1.1084
2017-12-15,10333.25,14.9399995803833,25440.005859375,11288.2998046875,9100.2998046875,11448.400390625,-921.03,635.44,1.1196
2017-12-18,10388.75,13.119999885559082,25594.25390625,11315.2001953125,9230.4501953125,11589.0498046875,-431.77,1076.81,1.1147
2017-12-19,10463.2001953125,12.1899995803833,25715.900390625,11240.650390625,9299.650390625,11991.900390625,-407.83,357.4,1.2175
2017-12-20,10444.2001953125,12.1899995803833,25591.40234375,11304.2001953125,9285.4501953125,11954.099609375,-1505.04,146.17,1.2138
2017-12-21,10440.2998046875,12.09000015258789,25554.00390625,11374.2998046875,9321.599609375,11876.849609375,-383.99,1574.3,1.2398
2017-12-22,10493.0,11.59000015258789,25648.251953125,11501.900390625,9326.599609375,11931.2001953125,107.87,371.53,1.2887
2017-12-26,10531.5,12.050000190734863,25674.951171875,11507.400390625,9416.0,11959.150390625,-44.07,544.5,1.2869
2017-12-27,10490.75,12.489999771118164,25495.75390625,11509.25,9639.849609375,11905.5,172.32,-206.68,1.2487
2017-12-28,10477.900390625,12.300000190734863,25489.703125,11496.400390625,9584.2001953125,11857.650390625,562.55,-774.09,1.3273
2017-12-29,10530.7001953125,12.670000076293945,25539.15234375,11665.75,9620.099609375,12009.7001953125,595.04,461.37,1.3136
2018-01-02,10442.2001953125,13.6899995803833,25337.955078125,11602.349609375,9565.7998046875,11927.150390625,1099.78,-358.5,1.177
2018-01-03,10443.2001953125,13.619999885559082,25318.3046875,11586.7001953125,9519.5498046875,11866.7998046875,241.85,-3.29,1.1245
2018-01-08,10623.599609375,13.739999771118164,25675.80078125,11776.849609375,9838.25,11974.5,-95.94,-562.33,1.2309
2018-01-10,10632.2001953125,14.039999961853027,25617.00390625,12054.7001953125,9748.599609375,11856.9501953125,-1841.63,1804.94,1.1853
2018-01-15,10741.5498046875,14.3100004196167,26068.896484375,11992.7998046875,9659.75,11794.099609375,32.92,-173.28,1.3235
2018-01-16,10700.4501953125,14.09000015258789,25974.59765625,12430.9501953125,9623.4501953125,11646.25,693.17,-246.38,1.2442
2018-01-17,10788.5498046875,13.859999656677246,26288.794921875,12531.400390625,9744.2998046875,11692.599609375,625.13,168.61,1.3496
2018-01-18,10817.0,13.960000038146973,26537.091796875,12570.7001953125,9626.4501953125,11662.099609375,1894.99,-657.46,1.2191
2018-01-19,10894.7001953125,13.979999542236328,26909.1875,12633.849609375,9637.7998046875,11677.5498046875,988.25,209.86,1.3048
2018-01-22,10966.2001953125,15.390000343322754,27040.884765625,12894.9501953125,9654.7998046875,11690.849609375,1567.51,-461.87,1.3304
2018-01-23,11083.7001953125,16.229999542236328,27390.28125,13048.900390625,9767.2998046875,11725.7998046875,1229.35,169.03,1.4119
2018-01-24,11086.0,18.040000915527344,27398.232421875,13249.5498046875,9826.400390625,11654.650390625,776.42,-193.87,1.3715
2018-01-25,11069.650390625,17.510000228881836,27445.33203125,13117.849609375,9729.150390625,11507.75,937.31,-965.67,1.2927
2018-01-29,11130.400390625,17.889999389648438,27498.12890625,13242.5,9622.349609375,11678.400390625,291.86,90.08,1.2485
2018-01-30,11049.650390625,16.420000076293945,27268.734375,13107.9501953125,9563.5498046875,11627.900390625,-105.56,-281.65,1.1583
2018-01-31,11027.7001953125,15.930000305175781,27379.130859375,12986.400390625,9384.75,11611.900390625,-136.63,1294.66,1.0887
2018-02-01,11016.900390625,14.109999656677246,27220.3828125,12964.599609375,9158.7001953125,11693.599609375,522.74,64.7,1.0337
2018-02-02,10760.599609375,15.25,26450.84375,12983.599609375,9042.75,11301.9501953125,950.0,-508.78,0.9029
2018-02-05,10666.5498046875,16.049999237060547,26098.447265625,12936.900390625,9069.5,11386.400390625,-525.93,165.84,0.9027
2018-02-08,10576.849609375,17.770000457763672,25920.349609375,12588.349609375,9262.4501953125,11344.2001953125,-639.87,-340.3,0.929
2018-02-14,10500.900390625,17.18000030517578,25340.955078125,12420.0,9249.2001953125,11335.650390625,-728.71,-152.39,0.8879
2018-02-15,10545.5,16.31999969482422,25424.0546875,12456.5,9207.5,11306.7998046875,-240.29,49.92,0.9533
2018-02-16,10452.2998046875,16.3799991607666,25163.607421875,12437.9501953125,9180.900390625,11114.5498046875,-1065.99,1127.78,0.9049
2018-02-19,10378.400390625,16.670000076293945,25058.259765625,12331.400390625,9027.900390625,10976.650390625,-895.79,586.52,0.8921
2018-02-20,10360.400390625,16.8700008392334,24874.111328125,12372.0,9020.75,10962.900390625,-850.35,1437.24,0.906
2018-02-21,10397.4501953125,15.920000076293945,24936.41015625,12660.0498046875,8843.400390625,10942.2001953125,-1214.18,1375.48,0.9622
2018-02-22,10382.7001953125,14.829999923706055,24954.908203125,12730.25,8861.75,10847.9501953125,-2335.34,1059.42,1.2888
2018-02-23,10491.0498046875,14.199999809265137,25302.205078125,12871.150390625,9095.400390625,10927.0,-486.32,1514.03,1.286
2018-02-26,10582.599609375,13.699999809265137,25687.6015625,12713.150390625,9065.099609375,11171.650390625,-1119.51,1409.45,1.3124
2018-02-27,10554.2998046875,13.920000076293945,25383.3046875,12746.7998046875,9023.4501953125,11165.25,-906.86,1046.67,1.1912
2018-02-28,10492.849609375,13.8100004196167,25107.109375,12809.0,8960.25,11157.2001953125,-1750.52,1596.89,1.1268
2018-03-01,10458.349609375,14.069999694824219,24902.26171875,12769.4501953125,8917.75,11146.7001953125,96.31,-269.2,1.0895
2018-03-05,10358.849609375,15.399999618530273,24818.41015625,12857.650390625,8855.7998046875,10971.599609375,-148.42,-578.92,1.024
2018-03-07,10154.2001953125,15.699999809265137,24133.818359375,12677.150390625,8615.0,10788.5498046875,-1043.31,278.84,0.8694
2018-03-08,10242.650390625,14.59000015258789,24477.365234375,12682.400390625,8586.349609375,10894.75,-5.87,87.08,0.9816
2018-03-09,10226.849609375,14.529999732971191,24296.166015625,12747.25,8515.7001953125,10888.349609375,-21.13,-542.12,0.9532
2018-03-12,10421.400390625,14.489999771118164,24663.912109375,12923.400390625,8600.7001953125,11045.7998046875,293.12,-806.45,1.0853
2018-03-13,10426.849609375,14.460000038146973,24738.36328125,12734.2001953125,8712.099609375,11064.2998046875,7028.42,1613.39,1.0745
2018-03-14,10410.900390625,14.359999656677246,24851.361328125,12786.9501953125,8701.5498046875,11060.599609375,-258.98,-432.03,1.0886
2018-03-15,10360.150390625,14.329999923706055,24791.560546875,12762.2998046875,8670.5498046875,11051.75,-705.4,256.45,1.0375
2018-03-16,10195.150390625,15.220000267028809,24489.265625,12698.400390625,8546.7998046875,10861.400390625,-150.46,-770.53,0.9469
2018-03-19,10094.25,15.819999694824219,24244.818359375,12421.2998046875,8512.900390625,10787.0,292.23,-191.52,0.9057
2018-03-20,10124.349609375,15.609999656677246,24167.91796875,12609.099609375,8578.7001953125,10848.599609375,344.16,731.17,0.9067
2018-03-21,10155.25,15.109999656677246,24255.318359375,12608.849609375,8525.4501953125,10833.599609375,98.44,197.78,0.9271
2018-03-22,10114.75,15.25,24141.21875,12489.599609375,8474.0,10737.150390625,161.11,409.89,0.9277
2018-03-23,9998.0498046875,15.550000190734863,23670.125,12541.099609375,8327.400390625,10637.7001953125,1628.19,-935.41,0.8945
2018-03-26,10130.650390625,15.199999809265137,24244.068359375,12462.400390625,8390.5,10801.0,-741.19,2017.95,0.9986
2018-03-27,10184.150390625,15.550000190734863,24433.8671875,12518.2001953125,8452.5,10843.75,1063.12,2172.91,1.005
2018-03-28,10113.7001953125,15.760000228881836,24263.068359375,12511.5498046875,8358.0498046875,10821.349609375,-1190.55,1960.67,1.3017
2018-04-05,10325.150390625,14.800000190734863,24759.513671875,12682.5498046875,8655.650390625,11406.150390625,-1628.23,1084.09,1.2798
2018-04-06,10331.599609375,14.75,24872.861328125,12603.349609375,8772.400390625,11444.150390625,2354.03,-712.41,1.308
2018-04-09,10379.349609375,14.869999885559082,25093.509765625,12531.2001953125,8738.150390625,11472.349609375,32.64,-21.41,1.2893
2018-04-10,10402.25,14.5,25226.5078125,12576.5498046875,8719.599609375,11386.650390625,-2760.63,1823.59,1.31
2018-04-12,10458.650390625,14.5600004196167,25194.806640625,13168.2001953125,8685.0498046875,11459.5498046875,-55.89,-521.38,1.337
2018-04-13,10480.599609375,14.140000343322754,25200.306640625,13260.4501953125,8730.599609375,11465.2998046875,-399.59,306.05,1.3337
2018-04-16,10528.349609375,14.260000228881836,25320.5546875,13203.099609375,8867.2001953125,11504.9501953125,-308.13,-28.97,1.342
2018-04-17,10548.7001953125,14.039999961853027,25334.154296875,13162.2998046875,8827.75,11472.349609375,-951.39,723.81,1.3088
2018-04-18,10526.2001953125,14.109999656677246,25102.009765625,13124.0,8790.0,11411.7998046875,-915.71,869.7,1.2365
2018-04-19,10565.2998046875,13.75,25125.857421875,13273.4501953125,8829.75,11431.650390625,-624.99,448.61,1.3064
2018-04-20,10564.0498046875,12.9399995803833,24943.560546875,13910.349609375,8819.7998046875,11440.099609375,-21.02,111.01,1.2843
2018-04-23,10584.7001953125,13.149999618530273,24960.359375,14013.9501953125,8949.900390625,11497.2001953125,-259.08,387.26,1.285
2018-04-24,10614.349609375,11.899999618530273,25041.80859375,13734.7998046875,8984.150390625,11522.599609375,-680.99,508.55,1.2909
2018-04-25,10570.5498046875,12.399999618530273,24814.111328125,13892.400390625,8901.150390625,11503.5,-304.79,435.98,1.2176
2018-04-26,10617.7998046875,12.039999961853027,25010.609375,14026.650390625,8896.599609375,11534.7998046875,-1056.34,684.11,1.3199
2018-04-27,10692.2998046875,12.020000457763672,25394.3046875,13794.900390625,8987.400390625,11581.7998046875,-759.21,633.71,1.3416
2018-04-30,10739.349609375,12.359999656677246,25531.302734375,13986.25,9060.7001953125,11625.75,-385.47,261.98,1.3243
2018-05-02,10718.0498046875,12.84000015258789,25568.00390625,13754.2998046875,8961.0498046875,11508.2001953125,-1263.57,1163.64,1.2892
2018-05-03,10679.650390625,12.989999771118164,25604.953125,13473.9501953125,8966.2998046875,11451.650390625,-366.6,-154.2,1.2148
2018-05-04,10618.25,13.25,25645.1015625,13453.2998046875,8817.4501953125,11323.7001953125,-108.02,615.28,1.19
2018-05-07,10715.5,13.760000228881836,25851.75,13424.900390625,8774.400390625,11489.599609375,-159.37,-296.97,1.2571
2018-05-09,10741.7001953125,14.270000457763672,26154.14453125,13453.400390625,8704.099609375,11419.75,-383.67,176.95,1.2943
2018-05-10,10716.5498046875,14.430000305175781,26130.6953125,13427.2998046875,8544.9501953125,11346.400390625,-3370.14,1902.07,1.1699
2018-05-11,10806.5,13.979999542236328,26412.84375,13478.599609375,8445.7001953125,11373.2001953125,12.34,-621.94,1.2266
2018-05-14,10806.599609375,14.25,26474.841796875,13446.150390625,8462.0498046875,11273.75,717.99,687.23,1.22
2018-05-15,10801.849609375,13.170000076293945,26473.69140625,13504.9501953125,8401.150390625,11186.7998046875,-518.47,531.33,1.1721
2018-05-16,10741.099609375,13.4399995803833,26181.845703125,13525.599609375,8399.099609375,11164.7001953125,-699.22,229.06,1.0643
2018-05-17,10682.7001953125,13.40999984741211,26073.498046875,13504.75,8403.0,11154.7998046875,-830.94,428.92,1.0731
2018-05-18,10596.400390625,14.149999618530273,25875.298828125,13459.150390625,8211.849609375,10962.75,-166.15,149.58,1.0066
2018-05-21,10516.7001953125,14.40999984741211,25750.501953125,13483.849609375,7983.2001953125,10732.900390625,-496.03,1190.56,0.9416
2018-05-22,10536.7001953125,13.600000381469727,25777.400390625,13484.5498046875,8118.89990234375,10913.4501953125,-1651.63,1496.83,0.9393
2018-05-23,10430.349609375,14.15999984741211,25684.650390625,13464.349609375,8069.7001953125,10860.599609375,-311.11,789.78,0.8869
2018-05-24,10513.849609375,13.149999618530273,26016.498046875,13775.7001953125,8207.0,10681.599609375,-701.93,1480.51,0.9928
2018-05-25,10605.150390625,12.649999618530273,26273.24609375,13762.349609375,8297.25,10883.0,-768.29,887.76,1.1102
2018-05-28,10688.650390625,13.0600004196167,26613.94140625,13497.7001953125,8498.2001953125,11007.150390625,-795.06,1017.65,1.1758
2018-05-29,10633.2998046875,13.069999694824219,26254.49609375,13561.0498046875,8410.4501953125,11051.150390625,-407.33,578.38,1.0458
2018-05-30,10614.349609375,13.40999984741211,26327.494140625,13557.7001953125,8321.099609375,11024.150390625,-1286.91,492.46,1.0725
2018-05-31,10736.150390625,13.220000267028809,26955.88671875,13666.0,8220.25,10994.4501953125,-15.31,-266.02,1.3032
2018-06-04,10628.5,13.880000114440918,26257.24609375,13595.099609375,8205.7998046875,11023.25,-524.85,1305.45,0.9936
2018-06-06,10684.650390625,12.550000190734863,26367.29296875,13528.7998046875,8233.650390625,11155.849609375,-81.4,712.31,0.9959
2018-06-07,10768.349609375,12.779999732971191,26517.4921875,13683.75,8252.150390625,11236.0,-968.18,1480.82,1.1487
2018-06-08,10767.650390625,12.699999809265137,26451.04296875,13769.7998046875,8603.9501953125,11226.099609375,248.7,218.64,1.1124
2018-06-11,10786.9501953125,13.180000305175781,26453.244140625,13775.099609375,8647.150390625,11239.7001953125,-499.71,118.69,1.145
2018-06-12,10842.849609375,12.729999542236328,26606.791015625,13859.849609375,8870.4501953125,11243.400390625,72.47,-389.78,1.1897
2018-06-13,10856.7001953125,12.640000343322754,26642.490234375,14034.150390625,8948.9501953125,11236.2001953125,-70.77,486.78,1.1993
2018-06-14,10808.0498046875,12.100000381469727,26561.94140625,13825.400390625,9112.4501953125,11243.0,-1372.84,576.19,1.1421
2018-06-15,10817.7001953125,12.069999694824219,26417.09375,14121.5,9316.25,11173.0498046875,-1524.74,561.01,1.105
2018-06-18,10799.849609375,12.380000114440918,26408.994140625,14024.2001953125,9319.2998046875,11203.4501953125,-754.43,824.1,1.0779
2018-06-19,10710.4501953125,12.920000076293945,26265.4453125,13849.4501953125,9253.9501953125,11080.349609375,-1324.92,653.68,1.0385
2018-06-20,10772.0498046875,12.170000076293945,26557.390625,13810.900390625,9291.349609375,11137.349609375,-2442.61,1473.65,1.1272
2018-06-21,10741.099609375,12.449999809265137,26496.640625,13771.7001953125,9198.7998046875,11033.2001953125,1126.75,663.57,1.0609
2018-06-22,10821.849609375,12.020000457763672,26766.5390625,13777.099609375,9360.900390625,11088.5,-1343.44,1105.76,1.1837
2018-06-25,10762.4501953125,12.579999923706055,26609.390625,13865.2001953125,9286.7998046875,10910.4501953125,198.68,-86.22,1.0597
2018-06-26,10769.150390625,12.800000190734863,26601.390625,13943.5,9247.75,10852.099609375,-538.4,238.05,1.0581
2018-06-27,10671.400390625,13.510000228881836,26423.09375,14018.400390625,9263.4501953125,10716.2001953125,67.44,84.31,0.9599
2018-06-28,10589.099609375,13.949999809265137,26324.29296875,13873.7998046875,9149.400390625,10632.599609375,-951.51,442.64,1.1549
2018-06-29,10714.2998046875,12.9399995803833,26363.892578125,13989.5,9173.150390625,10709.0498046875,-157.15,2262.83,1.1446
2018-07-02,10657.2998046875,13.369999885559082,26229.99609375,14072.2998046875,9133.900390625,10665.7998046875,-1022.5,461.19,1.0781
2018-07-03,10699.900390625,13.0,26203.794921875,14222.5498046875,9325.2998046875,10779.150390625,-719.78,409.34,1.0984
2018-07-05,10749.75,12.579999923706055,26502.9921875,13970.5,9274.25,10925.75,-635.24,1037.23,1.1418
2018-07-06,10772.650390625,12.4399995803833,26493.541015625,14015.9501953125,9189.900390625,11067.849609375,-525.4,1197.89,1.1415
2018-07-09,10852.900390625,12.390000343322754,26752.990234375,14108.849609375,9307.599609375,11135.650390625,37.56,942.45,1.1805
2018-07-11,10948.2998046875,12.779999732971191,26815.88671875,14536.4501953125,9228.7001953125,11127.400390625,31.02,27.11,1.219
2018-07-12,11023.2001953125,12.510000228881836,27026.236328125,14515.650390625,9244.099609375,11038.0,-817.4,242.56,1.2536
2018-07-13,11018.900390625,12.300000190734863,26935.63671875,14534.900390625,9164.0,11003.0498046875,-1104.65,872.0,1.2395
2018-07-16,10936.849609375,12.949999809265137,26679.490234375,14617.0498046875,8786.400390625,10835.150390625,-625.68,-70.3,1.0881
2018-07-17,11008.0498046875,12.829999923706055,27007.78515625,14618.25,8926.099609375,10965.650390625,-673.99,840.06,1.2029
2018-07-18,10980.4501953125,13.680000305175781,26880.587890625,14631.7001953125,8885.650390625,10808.599609375,95.68,111.01,1.1023
2018-07-19,10957.099609375,13.59000015258789,26789.33984375,14489.849609375,8749.900390625,10799.0,-315.69,470.02,1.1352
2018-07-20,11010.2001953125,13.539999961853027,26872.88671875,14701.400390625,8895.25,10752.7001953125,310.27,-50.73,1.1749
2018-07-23,11084.75,13.010000228881836,27007.8359375,14683.2001953125,8937.400390625,10770.599609375,259.37,124.82,1.2642
2018-07-24,11134.2998046875,12.470000267028809,26974.0859375,14663.900390625,9049.0498046875,10861.2998046875,104.34,513.78,1.2735
2018-07-25,11132.0,12.210000038146973,27030.986328125,14575.349609375,8969.25,10809.9501953125,-1195.75,97.64,1.2996
2018-07-26,11167.2998046875,12.029999732971191,27406.08203125,14468.099609375,8994.650390625,10770.0,2453.57,-2716.04,1.4214
2018-07-27,11278.349609375,12.3100004196167,27634.080078125,14517.900390625,9039.0,10874.7998046875,738.05,406.12,1.3864
2018-07-30,11319.5498046875,12.59000015258789,27842.275390625,14420.5498046875,9115.5498046875,10925.0498046875,-234.04,48.58,1.4302
2018-07-31,11356.5,12.479999542236328,27763.828125,14587.7998046875,9179.400390625,10973.75,572.21,-290.87,1.3687
2018-08-01,11346.2001953125,12.529999732971191,27596.279296875,14679.349609375,9301.7001953125,10890.099609375,692.83,-206.3,1.2068
2018-08-02,11244.7001953125,12.5600004196167,27355.630859375,14552.599609375,9424.650390625,10733.650390625,-2297.09,2373.59,1.1749
2018-08-03,11360.7998046875,12.079999923706055,27695.177734375,14649.099609375,9500.75,10775.2998046875,-364.8,675.26,1.2737
2018-08-06,11387.099609375,12.5600004196167,27898.17578125,14605.5498046875,9408.599609375,10822.7998046875,-222.5,459.44,1.2905
2018-08-08,11450.0,12.539999961853027,28062.123046875,14608.2001953125,9307.25,10821.2001953125,568.63,30.25,1.3404
2018-08-10,11429.5,12.850000381469727,28123.923828125,14679.2998046875,9138.25,10839.4501953125,-1805.07,1973.97,1.2231
2018-08-13,11355.75,13.399999618530273,27794.078125,14880.25,9186.599609375,10756.7001953125,-971.86,216.29,1.1359
2018-08-14,11435.099609375,13.279999732971191,28021.373046875,15009.25,9481.150390625,10803.150390625,-378.84,391.47,1.1949
2018-08-16,11385.0498046875,13.649999618530273,27826.2265625,15044.349609375,9595.349609375,10830.9501953125,-825.08,133.78,1.1436
2018-08-17,11470.75,13.15999984741211,28128.224609375,15126.400390625,9693.849609375,10878.7001953125,147.31,151.89,1.2153
2018-08-20,11551.75,13.029999732971191,28273.921875,14996.099609375,9799.150390625,10997.900390625,-483.04,593.22,1.2642
2018-08-21,11570.900390625,12.899999618530273,28257.572265625,15134.650390625,9950.5,10979.25,254.25,197.87,1.2299
2018-08-23,11582.75,12.760000228881836,28027.57421875,15321.9501953125,10076.7998046875,10959.599609375,433.21,142.0,1.2154
2018-08-24,11557.099609375,12.40999984741211,27834.375,15260.0498046875,10061.099609375,10903.0,-75.78,904.75,1.1196
2018-08-27,11691.9501953125,12.239999771118164,28263.87109375,15514.9501953125,10094.2001953125,10993.5498046875,252.52,1117.24,1.3081
2018-08-28,11738.5,12.430000305175781,28269.322265625,15583.0498046875,10050.099609375,11044.150390625,-161.05,-199.28,1.3451
2018-08-29,11691.900390625,12.4399995803833,28223.771484375,15524.9501953125,10008.900390625,11057.150390625,-1415.87,1114.36,1.2609
2018-08-30,11676.7998046875,12.40999984741211,28102.923828125,15529.849609375,10120.5498046875,11007.599609375,958.01,-1598.67,1.2707
2018-08-31,11680.5,12.600000381469727,28061.423828125,15811.400390625,10390.9501953125,11009.25,-212.81,171.92,1.174
2018-09-03,11582.349609375,13.390000343322754,27819.17578125,15724.7001953125,10359.900390625,10935.650390625,550.36,-65.0,1.0368
2018-09-04,11520.2998046875,13.779999732971191,27430.431640625,16048.7001953125,10205.5498046875,10754.099609375,-1300.93,359.35,0.9503
2018-09-05,11476.9501953125,13.649999618530273,27375.732421875,16039.900390625,10303.400390625,10788.400390625,-704.03,664.92,0.9255
2018-09-07,11589.099609375,13.890000343322754,27481.12890625,16104.7998046875,10661.25,11036.650390625,-569.91,740.39,1.1005
2018-09-10,11438.099609375,15.199999809265137,27201.43359375,16105.2998046875,10446.5,10843.900390625,-1242.46,1526.0,0.9574
2018-09-11,11287.5,15.329999923706055,26807.1875,15993.2001953125,10279.0498046875,10681.400390625,614.14,-337.28,0.8435
2018-09-14,11515.2001953125,13.84000015258789,27163.533203125,16072.5,10652.849609375,10826.7001953125,1090.56,115.14,1.0045
2018-09-17,11377.75,14.5,26819.98828125,16119.7998046875,10504.150390625,10730.7998046875,-106.54,-180.36,0.9173
2018-09-18,11278.900390625,14.420000076293945,26441.142578125,16031.0,10465.400390625,10565.650390625,-1143.73,264.66,0.8118
2018-09-19,11234.349609375,14.010000228881836,26277.044921875,16063.9501953125,10456.9501953125,10527.900390625,-2184.55,1201.3,0.8331
2018-09-21,11143.099609375,15.539999961853027,25596.603515625,15833.5,10252.349609375,10407.400390625,760.7,497.03,0.8118
2018-09-24,10967.400390625,17.43000030517578,24970.05859375,16175.2998046875,9994.75,10001.0,-523.94,1527.67,0.7585
2018-09-25,11067.4501953125,16.68000030517578,25330.0546875,16234.900390625,10245.150390625,10100.4501953125,-1231.7,2284.26,0.8302
2018-09-26,11053.7998046875,17.09000015258789,25376.005859375,15932.4501953125,10289.2998046875,10002.2001953125,-809.95,1555.44,0.829
2018-09-27,10977.5498046875,16.920000076293945,25041.859375,16018.0,10092.4501953125,9815.400390625,552.44,-186.69,1.0944
2018-09-28,10930.4501953125,17.0,25119.55859375,15838.0498046875,9972.4501953125,9590.25,-1699.94,3256.34,1.0712
2018-10-01,11008.2998046875,16.84000015258789,25366.705078125,16213.599609375,10034.400390625,9659.5498046875,-572.26,600.24,1.1485
2018-10-04,10599.25,18.920000076293945,24819.01171875,15441.099609375,9630.75,9207.0,-684.99,653.65,0.9859
2018-10-05,10316.4501953125,19.729999542236328,24443.166015625,15591.650390625,9547.349609375,8915.099609375,-364.88,900.69,0.8802
2018-10-08,10348.0498046875,20.149999618530273,24618.0625,15305.2001953125,9505.7998046875,8969.099609375,-510.66,457.83,0.916
2018-10-09,10301.0498046875,19.760000228881836,24527.365234375,15369.7998046875,9638.75,8732.900390625,-841.68,-289.66,0.8923
2018-10-10,10460.099609375,17.90999984741211,25321.404296875,15143.2001953125,9771.349609375,8961.9501953125,-1096.05,1892.94,1.037
2018-10-12,10472.5,18.6299991607666,25395.5546875,14539.2001953125,9525.599609375,9084.4501953125,116.22,-145.8,1.013
2018-10-15,10512.5,18.889999389648438,25387.755859375,14797.2001953125,9774.099609375,9034.599609375,67.86,294.78,1.0183
2018-10-16,10584.75,17.3700008392334,25589.353515625,14887.349609375,9836.75,9102.900390625,-1165.63,1059.44,1.0378
2018-10-17,10453.0498046875,17.979999542236328,25188.306640625,14949.599609375,9686.400390625,8834.7001953125,140.02,-343.11,0.9197
2018-10-19,10303.5498046875,19.790000915527344,25085.509765625,14476.849609375,9650.2998046875,8690.25,-618.26,-2.14,0.8767
2018-10-22,10245.25,21.360000610351562,25078.30859375,14421.4501953125,9646.650390625,8700.4501953125,-511.91,303.21,0.8985
2018-10-23,10146.7998046875,19.040000915527344,24972.158203125,14014.7001953125,9368.25,8649.150390625,-340.35,116.41,0.8658
2018-10-24,10224.75,18.8799991607666,25063.908203125,14049.150390625,9334.400390625,8663.900390625,-2046.54,1873.51,0.9078
2018-10-25,10124.900390625,18.959999084472656,24817.16015625,14070.7998046875,9142.7001953125,8580.9501953125,-1495.71,339.6,1.2805
2018-10-26,10030.0,19.229999542236328,24420.767578125,13798.599609375,9115.099609375,8578.0498046875,-1356.66,1875.89,1.0263
2018-10-29,10250.849609375,19.829999923706055,24959.408203125,14132.650390625,9590.400390625,8723.900390625,-2230.79,2526.9,1.2729
2018-10-30,10198.400390625,20.5,24807.4609375,14355.849609375,9535.2998046875,8744.599609375,-1592.02,1363.04,1.1036
2018-10-31,10386.599609375,19.799999237060547,25152.95703125,14940.099609375,9757.5,8820.5498046875,-193.65,1124.92,1.2694
2018-11-01,10380.4501953125,19.190000534057617,25323.35546875,14622.0,9609.150390625,8814.2001953125,-623.63,770.02,1.2441
2018-11-05,10524.0,19.479999542236328,25731.900390625,14471.75,9460.5,9153.650390625,-325.44,1163.35,1.2688
2018-11-06,10530.0,18.510000228881836,25597.703125,14577.2998046875,9454.9501953125,9130.4501953125,-1156.77,1062.82,1.178
2018-11-07,10598.400390625,17.719999313354492,25769.400390625,14683.099609375,9502.099609375,9200.75,636.27,15.33,1.213
2018-11-09,10585.2001953125,17.770000457763672,25770.701171875,14553.25,9643.900390625,9277.75,-1454.36,749.62,1.2307
2018-11-12,10482.2001953125,19.3700008392334,25539.453125,14650.5,9557.5,9051.5,-2421.06,2255.68,1.0713
2018-11-13,10582.5,18.700000762939453,25768.30078125,14698.2001953125,9422.5498046875,9126.900390625,-494.95,335.78,1.1956
2018-11-14,10576.2998046875,18.829999923706055,25929.849609375,14338.5,9216.150390625,9051.400390625,277.38,-272.24,1.1961
2018-11-15,10616.7001953125,18.450000762939453,26154.4453125,14354.150390625,9218.5498046875,9108.25,2043.06,-165.31,1.2364
2018-11-16,10682.2001953125,18.350000381469727,26245.24609375,14473.150390625,9301.349609375,9112.349609375,844.82,-372.24,1.2342
2018-11-19,10763.400390625,19.260000228881836,26300.392578125,14599.7998046875,9399.25,9207.650390625,1103.36,-310.26,1.2959
2018-11-20,10656.2001953125,19.329999923706055,26113.046875,14285.099609375,9218.7001953125,9133.650390625,-753.17,-44.06,1.1446
2018-11-21,10600.0498046875,19.559999465942383,26261.74609375,13879.150390625,9375.099609375,9119.2998046875,-1652.04,606.73,1.1633
2018-11-22,10526.75,19.15999984741211,25999.146484375,13835.7001953125,9302.2998046875,9062.650390625,446.24,49.68,1.0663
2018-11-26,10628.599609375,20.399999618530273,26365.29296875,14025.400390625,9180.5,9158.7998046875,62.74,351.78,1.2422
2018-11-27,10685.599609375,18.31999969482422,26442.79296875,14225.349609375,9058.4501953125,9165.0,811.52,31.21,1.2973
2018-11-28,10728.849609375,17.959999084472656,26457.642578125,14632.900390625,9014.7998046875,9096.4501953125,961.26,-330.29,1.2893
2018-11-29,10858.7001953125,18.700000762939453,26939.287109375,14465.2998046875,9090.650390625,9202.099609375,823.47,973.31,1.4287
2018-11-30,10876.75,19.15999984741211,26862.63671875,14638.0498046875,9275.7001953125,9270.2001953125,-332.62,1489.65,1.2884
2018-12-03,10883.75,18.219999313354492,26857.23828125,14740.400390625,9053.400390625,9260.599609375,374.65,-464.59,1.1854
2018-12-04,10869.5,18.110000610351562,26693.490234375,14999.900390625,9064.400390625,9212.2001953125,368.9,-615.81,1.1297
2018-12-06,10601.150390625,19.309999465942383,26197.99609375,14693.75,8686.5,8791.400390625,-1168.88,1327.45,1.0661
2018-12-07,10693.7001953125,18.59000015258789,26593.9921875,14662.900390625,8682.599609375,8869.7998046875,-742.63,366.4,1.1463
2018-12-10,10488.4501953125,20.440000534057617,26102.34765625,14419.2001953125,8535.2998046875,8784.25,-1322.13,1287.29,1.0145
2018-12-11,10549.150390625,17.950000762939453,26163.095703125,14579.599609375,8746.599609375,8846.7998046875,832.15,-1073.84,1.0713
2018-12-12,10737.599609375,15.8100004196167,26643.5390625,14738.5498046875,8801.5,9166.150390625,-1299.43,1121.29,1.2242
2018-12-13,10791.5498046875,15.550000190734863,26816.037109375,14841.0,8810.7998046875,9254.2001953125,675.14,-51.86,1.1663
2018-12-14,10805.4501953125,15.15999984741211,26825.6875,14851.400390625,8726.400390625,9271.5,861.94,-302.52,1.1571
2018-12-17,10888.349609375,14.539999961853027,27015.486328125,14873.0498046875,8771.2998046875,9335.7998046875,-60.95,-76.84,1.2372
2018-12-18,10908.7001953125,14.579999923706055,27174.3828125,14730.900390625,8840.400390625,9403.7998046875,144.76,-182.6,1.267
2018-12-19,10967.2998046875,14.65999984741211,27298.083984375,14591.7998046875,8823.4501953125,9507.7001953125,1209.21,-481.46,1.2662
2018-12-20,10951.7001953125,14.329999923706055,27274.783203125,14542.150390625,8853.7998046875,9524.5498046875,-386.44,87.96,1.2107
2018-12-21,10754.0,15.989999771118164,26869.337890625,14207.849609375,8774.0498046875,9337.25,134.14,-488.55,0.9584
2018-12-24,10663.5,15.75,26714.439453125,14247.75,8726.349609375,9206.75,-577.1,186.14,0.9339
2018-12-26,10729.849609375,15.920000076293945,26986.486328125,14158.900390625,8684.849609375,9227.0,80.28,-137.63,1.1003
2018-12-27,10779.7998046875,16.06999969482422,26878.23828125,14354.5,8665.75,9184.099609375,1731.91,-663.0,1.2056
2018-12-28,10859.900390625,15.270000457763672,27124.935546875,14385.7998046875,8814.2001953125,9223.7998046875,-119.6,1199.4,1.2354
2018-12-31,10862.5498046875,16.0,27159.8828125,14440.2998046875,8868.7001953125,9235.5498046875,-326.87,321.98,1.1751
2019-01-02,10792.5,16.389999389648438,27174.3828125,14447.099609375,8839.9501953125,8902.650390625,1315.89,-5.07,1.0235
2019-01-03,10672.25,16.790000915527344,26959.537109375,14322.150390625,8722.2998046875,8767.349609375,198.38,117.05,1.0138
2019-01-04,10727.349609375,16.15999984741211,27194.68359375,14146.150390625,8788.0498046875,8809.349609375,898.79,-1032.81,1.098
2019-01-07,10771.7998046875,16.299999237060547,27304.234375,14291.5,8732.650390625,8820.0,426.53,-50.99,1.0988
2019-01-08,10802.150390625,15.699999809265137,27509.1796875,14285.7001953125,8864.75,8859.650390625,-1056.55,561.28,1.178
2019-01-10,10821.599609375,15.350000381469727,27528.23046875,14323.25,8934.7998046875,8933.349609375,-1298.56,1503.02,1.0948
2019-01-11,10794.9501953125,15.350000381469727,27453.58203125,14307.099609375,8902.4501953125,8862.349609375,533.37,-136.5,1.0117
2019-01-14,10737.599609375,16.15999984741211,27247.93359375,14223.599609375,8949.2998046875,8849.7001953125,-732.46,527.49,0.9633
2019-01-15,10886.7998046875,15.579999923706055,27400.431640625,14658.5,9027.5,8888.400390625,159.6,417.44,1.0802
2019-01-16,10890.2998046875,16.079999923706055,27483.37890625,14707.7998046875,9054.2001953125,8866.75,-90.1,304.27,1.0771
2019-01-17,10905.2001953125,16.239999771118164,27528.4296875,14800.25,8930.5,8878.2001953125,842.13,-727.46,1.1118
2019-01-18,10906.9501953125,16.6200008392334,27456.380859375,14893.0,8689.599609375,8844.7998046875,-124.91,-0.97,1.1148
2019-01-21,10961.849609375,18.149999618530273,27533.279296875,14966.400390625,8734.7001953125,8746.849609375,-299.79,520.8,1.1409
2019-01-22,10922.75,17.989999771118164,27481.9296875,14962.599609375,8892.599609375,8675.150390625,-78.53,-84.15,1.0931
2019-01-23,10831.5,18.09000015258789,27250.43359375,14888.75,8946.2001953125,8612.25,-775.82,583.77,0.9725
2019-01-24,10849.7998046875,17.43000030517578,27266.083984375,14971.900390625,8894.5,8537.25,-94.45,389.96,1.0489
2019-01-25,10780.5498046875,17.690000534057617,27114.986328125,15039.2998046875,8891.0,8259.7998046875,689.28,-147.35,0.9913
2019-01-28,10661.5498046875,18.899999618530273,26652.740234375,15120.150390625,8663.900390625,8143.0,223.44,92.32,0.8856
2019-01-29,10652.2001953125,18.43000030517578,26573.091796875,15231.2998046875,8756.900390625,8120.4501953125,-354.36,81.27,0.8852
2019-01-30,10651.7998046875,17.850000381469727,26825.1875,15255.2001953125,8734.599609375,8118.39990234375,130.25,502.26,0.9396
2019-01-31,10830.9501953125,17.1200008392334,27295.1328125,15499.2998046875,8825.349609375,8218.400390625,3006.41,-1634.32,1.4315
2019-02-01,10893.650390625,15.720000267028809,27085.634765625,15724.2998046875,8969.5498046875,8441.25,-621.06,-226.18,1.1352
2019-02-04,10912.25,15.720000267028809,27186.283203125,15754.7998046875,8811.900390625,8395.5498046875,543.36,-437.7,1.2111
2019-02-05,10934.349609375,15.779999732971191,27271.3828125,15738.7001953125,8800.599609375,8468.2998046875,597.54,-791.69,1.1986
2019-02-07,11069.400390625,15.4399995803833,27386.83203125,16085.849609375,9056.150390625,8736.7001953125,-512.0,141.09,1.2991
2019-02-08,10943.599609375,15.569999694824219,27294.083984375,16019.7998046875,8984.849609375,8420.349609375,-2888.06,2812.66,1.1618
2019-02-12,10831.400390625,15.75,27010.435546875,15938.650390625,8904.9501953125,8278.099609375,-1731.33,753.99,0.9905
2019-02-14,10746.0498046875,15.770000457763672,26970.28515625,15861.650390625,8920.900390625,8223.349609375,-250.23,1225.24,1.0761
2019-02-15,10724.400390625,16.459999084472656,26793.939453125,15815.599609375,8643.2998046875,8132.5498046875,-966.43,853.25,1.0188
2019-02-18,10640.9501953125,18.0,26653.939453125,15659.0,8573.9501953125,8067.7001953125,-1239.79,2336.74,0.9202
2019-02-19,10604.349609375,18.469999313354492,26684.5390625,15333.5,8552.7001953125,8073.39990234375,-813.76,1163.85,0.922
2019-02-20,10735.4501953125,17.059999465942383,26955.1875,15609.4501953125,8606.349609375,8121.5,713.47,113.27,1.0801
2019-02-21,10789.849609375,16.049999237060547,27052.0859375,15588.900390625,8706.349609375,8156.75,55.48,202.1,1.1109
2019-02-22,10791.650390625,15.449999809265137,26867.23828125,15684.7001953125,8772.599609375,8278.9501953125,6311.01,838.88,1.0655
2019-02-25,10880.099609375,15.359999656677246,27158.93359375,16003.7001953125,8816.2001953125,8371.4501953125,2134.35,-1746.4,1.1666
2019-02-26,10835.2998046875,17.110000610351562,26952.63671875,15989.599609375,8829.4501953125,8399.099609375,1674.17,-720.27,1.1165
2019-02-27,10806.650390625,18.899999618530273,26798.990234375,15902.099609375,8866.2001953125,8420.0498046875,423.04,66.81,1.0925
2019-02-28,10792.5,18.280000686645508,26789.58984375,15732.0,8884.849609375,8355.150390625,3210.6,-5240.62,1.4645
2019-03-01,10863.5,16.270000457763672,27043.5859375,15848.2998046875,8972.650390625,8413.650390625,-972.81,34.52,1.4365
2019-03-05,10987.4501953125,15.65999984741211,27553.73046875,15664.099609375,9054.650390625,8676.599609375,-400.68,57.07,1.5526
2019-03-06,11053.0,15.609999656677246,27625.330078125,15735.0498046875,9155.0,8651.75,3068.88,-462.69,1.4603
2019-03-07,11058.2001953125,15.289999961853027,27764.27734375,15582.099609375,9045.650390625,8635.7001953125,-390.18,287.57,1.2419
2019-03-12,11301.2001953125,15.100000381469727,28443.369140625,15384.5498046875,9274.7998046875,8802.900390625,-1131.12,963.97,1.44
2019-03-13,11341.7001953125,15.279999732971191,28883.96484375,15342.900390625,9100.25,8767.5498046875,2722.28,-1508.14,1.4468
2019-03-14,11343.25,15.149999618530273,28922.763671875,15260.4501953125,9184.900390625,8725.5,1482.99,-817.77,1.2848
2019-03-15,11426.849609375,15.869999885559082,29381.107421875,15546.599609375,9221.75,8748.0498046875,4323.49,-2130.36,1.356
2019-03-18,11462.2001953125,16.899999618530273,29595.755859375,15359.4501953125,9204.9501953125,8627.0498046875,1822.99,-1268.91,1.2697
2019-03-19,11532.400390625,16.489999771118164,29767.50390625,15495.5498046875,9244.599609375,8567.0498046875,2132.36,-1253.67,1.3084
2019-03-20,11521.0498046875,16.030000686645508,29831.8515625,15599.25,9264.5,8445.099609375,1771.61,-1323.17,1.2494
2019-03-22,11456.900390625,16.270000457763672,29582.15625,15551.099609375,9199.349609375,8336.599609375,1374.57,-675.37,1.1201
2019-03-25,11354.25,16.670000076293945,29280.859375,15416.849609375,9170.150390625,8238.5498046875,150.4,-12.52,1.0624
2019-03-26,11483.25,16.489999771118164,29881.802734375,15356.599609375,9245.0,8287.25,999.02,-196.7,1.2276
2019-03-27,11445.0498046875,17.049999237060547,30019.451171875,15339.400390625,9148.7998046875,8215.349609375,1481.11,134.92,1.1519
2019-03-28,11570.0,16.649999618530273,30420.197265625,15566.75,9199.400390625,8234.25,3594.51,-2080.22,1.3105
2019-04-01,11669.150390625,18.010000228881836,30326.1484375,15840.650390625,9375.400390625,8414.349609375,-157.72,240.6,1.0868
2019-04-02,11713.2001953125,18.079999923706055,30353.896484375,15988.400390625,9296.9501953125,8504.2998046875,-112.13,-65.22,1.1143
2019-04-04,11598.0,18.649999618530273,29904.552734375,15744.7998046875,9263.400390625,8536.349609375,-226.19,1206.16,1.0717
2019-04-09,11671.9501953125,20.280000686645508,30113.5,16121.599609375,9333.2998046875,8622.7998046875,-1738.49,1304.58,1.0787
2019-04-10,11584.2998046875,21.1299991607666,29803.154296875,15999.150390625,9407.900390625,8644.5,-682.93,606.28,0.8906
2019-04-11,11596.7001953125,20.959999084472656,29785.75390625,15874.75,9391.150390625,8690.0498046875,-138.53,-500.24,1.0089
2019-04-12,11643.4501953125,21.0,29938.203125,15911.099609375,9426.4501953125,8777.4501953125,-781.06,904.13,1.0723
2019-04-15,11690.349609375,21.389999389648438,30103.900390625,16113.7001953125,9417.75,8911.599609375,713.22,581.36,1.1008
2019-04-16,11787.150390625,21.690000534057617,30530.994140625,16084.900390625,9417.7998046875,8983.5498046875,1038.58,37.22,1.2602
2019-04-18,11752.7998046875,22.739999771118164,30223.048828125,16079.2998046875,9409.900390625,8972.650390625,1038.46,-337.59,1.0952
2019-04-22,11594.4501953125,24.049999237060547,29687.603515625,16150.599609375,9285.4501953125,8813.900390625,73.08,-68.16,0.8923
2019-04-23,11575.9501953125,24.649999618530273,29479.357421875,16166.2998046875,9388.7998046875,8682.900390625,-237.47,198.35,0.8536
2019-04-24,11726.150390625,23.709999084472656,29860.453125,16370.349609375,9459.0,8646.0498046875,974.88,-657.06,1.0756
2019-04-25,11641.7998046875,23.229999542236328,29561.005859375,16352.7998046875,9442.5498046875,8587.900390625,3785.73,-4069.98,1.2076
2019-04-26,11754.650390625,21.719999313354492,30013.150390625,16504.44921875,9461.7001953125,8493.7998046875,-70.73,920.88,1.3103
2019-04-30,11748.150390625,21.829999923706055,29764.455078125,16705.400390625,9402.5,8350.599609375,114.59,730.02,1.0742
2019-05-02,11724.75,22.979999542236328,29708.25390625,16403.69921875,9291.2998046875,8333.849609375,420.65,194.31,1.1131
2019-05-03,11712.25,24.030000686645508,29953.802734375,16092.9501953125,9220.4501953125,8381.4501953125,751.92,580.86,1.1185
2019-05-07,11497.900390625,26.479999542236328,29287.859375,16135.75,9148.2001953125,8206.25,-89.38,275.63,0.8136
2019-05-08,11359.4501953125,26.3700008392334,28994.0625,16061.599609375,9003.349609375,8095.89990234375,-2016.73,1871.27,0.7598
2019-05-09,11301.7998046875,25.489999771118164,28884.263671875,16132.849609375,8976.900390625,8103.5,-561.17,699.31,1.0069
2019-05-13,11148.2001953125,27.3799991607666,28659.615234375,15955.2998046875,8553.5,7938.64990234375,-1056.01,1057.91,0.8699
2019-05-14,11222.0498046875,27.1299991607666,28828.86328125,15762.75,8683.900390625,7955.5,-2011.85,2242.91,0.9743
2019-05-15,11157.0,28.65999984741211,28616.1171875,15776.7998046875,8595.75,7856.85009765625,-1142.44,671.77,0.8295
2019-05-16,11257.099609375,28.3700008392334,28854.96484375,15934.0,8577.349609375,7891.89990234375,-953.23,948.0,1.0392
2019-05-17,11407.150390625,28.079999923706055,29449.80859375,15843.400390625,8448.9501953125,8085.75,-1057.82,1809.76,1.0082
2019-05-20,11828.25,23.68000030517578,30759.341796875,15968.2001953125,8505.9501953125,8422.099609375,1734.45,-542.71,1.0118
2019-05-21,11709.099609375,25.649999618530273,30308.048828125,15766.9501953125,8488.25,8209.4501953125,1185.44,-1090.32,0.9539
2019-05-22,11737.900390625,27.6299991607666,30526.4453125,15666.150390625,8510.849609375,8246.5498046875,-965.02,-157.75,0.9386
2019-05-23,11657.0498046875,19.40999984741211,30408.74609375,15538.849609375,8497.599609375,8216.900390625,1352.2,-593.54,0.837
2019-05-24,11844.099609375,16.469999313354492,31212.1875,15569.849609375,8608.4501953125,8460.25,2026.33,-195.35,0.9997
2019-05-27,11924.75,16.190000534057617,31647.283203125,15556.650390625,8525.0,8462.2001953125,1215.36,-327.86,1.0706
2019-05-28,11928.75,15.920000076293945,31597.533203125,15762.0498046875,8513.849609375,8398.2001953125,-501.11,269.22,1.069
2019-05-29,11861.099609375,16.40999984741211,31295.1875,15865.599609375,8484.650390625,8281.900390625,-304.27,-189.58,0.9125
2019-05-30,11945.900390625,15.609999656677246,31536.732421875,15997.349609375,8474.7001953125,8235.7001953125,1664.74,-1122.6,1.2844
2019-05-31,11922.7998046875,16.06999969482422,31375.03515625,16160.650390625,8455.099609375,8175.5,676.15,394.09,1.0667
2019-06-03,12088.5498046875,15.970000267028809,31653.283203125,16360.5498046875,8536.599609375,8328.2001953125,1130.78,-878.45,1.3345
2019-06-06,11843.75,15.529999732971191,30857.041015625,16012.099609375,8279.099609375,8226.4501953125,-1448.99,-650.84,0.9586
2019-06-11,11965.599609375,14.489999771118164,31265.0859375,16448.099609375,8243.5,8240.25,1011.49,-1117.25,1.121
2019-06-12,11906.2001953125,14.119999885559082,30965.33984375,16425.94921875,8179.14990234375,8146.9501953125,-867.66,210.72,0.9667
2019-06-13,11914.0498046875,13.65999984741211,30975.740234375,16316.599609375,8148.5498046875,8116.9501953125,172.35,-444.87,1.0141
2019-06-14,11823.2998046875,13.899999618530273,30613.994140625,16268.2001953125,8083.5498046875,8031.60009765625,-238.64,376.47,0.8518
2019-06-17,11672.150390625,14.649999618530273,30272.8984375,16228.2001953125,7975.25,7896.10009765625,-331.27,1257.86,0.7576
2019-06-18,11691.5,14.600000381469727,30350.646484375,16322.5,7916.9501953125,7859.35009765625,31.73,181.03,0.8036
2019-06-19,11691.4501953125,14.729999542236328,30361.74609375,16282.7001953125,7790.5,7772.2001953125,-97.05,-104.91,0.8055
2019-06-20,11831.75,14.0,30780.7421875,16316.9501953125,8029.0,7965.4501953125,-438.41,1241.23,1.1096
2019-06-21,11724.099609375,14.609999656677246,30627.994140625,16189.400390625,7911.5498046875,7868.25,-730.58,445.75,0.9963
2019-06-24,11699.650390625,15.220000267028809,30601.6953125,16187.400390625,7902.0,7832.2998046875,207.33,984.43,0.9705
2019-06-25,11796.4501953125,15.010000228881836,30846.69140625,16214.4501953125,7947.2001953125,7878.25,1157.87,377.22,1.1483
2019-06-26,11847.5498046875,14.75,31161.98828125,16101.75,8086.2998046875,7883.5498046875,106.26,-51.47,1.2857
2019-06-27,11841.5498046875,14.649999618530273,31269.13671875,15991.7998046875,8088.0,7971.4501953125,-0.71,196.57,1.2314
2019-06-28,11788.849609375,14.949999809265137,31104.837890625,15936.4501953125,8065.14990234375,7928.0498046875,-513.91,182.4,1.01
2019-07-01,11865.599609375,14.600000381469727,31371.833984375,15916.7001953125,8178.7998046875,8029.14990234375,736.18,-141.97,1.1101
2019-07-02,11910.2998046875,14.25,31282.9375,16074.099609375,8101.64990234375,8045.64990234375,418.01,294.11,1.0797
2019-07-03,11916.75,13.699999809265137,31381.935546875,15927.650390625,8092.2001953125,8039.5,1137.85,-925.46,1.0697
2019-07-05,11811.150390625,13.069999694824219,31475.435546875,15550.0498046875,7926.5,7849.10009765625,-645.08,818.84,0.8643
2019-07-08,11558.599609375,13.850000381469727,30603.494140625,15376.0,7801.75,7593.2998046875,-383.66,531.56,0.6952
2019-07-10,11498.900390625,13.640000343322754,30521.744140625,15168.599609375,8009.5,7511.14990234375,-494.21,904.82,0.6836
2019-07-11,11582.900390625,12.470000267028809,30716.193359375,15214.2998046875,8110.0498046875,7650.9501953125,926.6,-635.59,0.9374
2019-07-15,11588.349609375,12.020000457763672,30445.595703125,15662.0498046875,8231.849609375,7674.25,-216.44,591.72,0.8534
2019-07-16,11662.599609375,11.5600004196167,30570.4453125,15580.4501953125,8347.9501953125,7727.10009765625,-444.99,637.71,0.9506
2019-07-17,11687.5,11.800000190734863,30735.142578125,15676.0,8330.75,7648.14990234375,-16.97,208.88,1.0162
2019-07-18,11596.900390625,11.75,30430.24609375,15498.5,8223.150390625,7438.7001953125,-1404.86,329.05,0.8658
2019-07-19,11419.25,12.520000457763672,29770.00390625,15383.650390625,8040.10009765625,7192.75,-950.15,733.92,0.747
2019-07-22,11346.2001953125,13.010000228881836,29284.609375,15448.25,8120.85009765625,7220.25,-1916.91,1829.9,0.7458
2019-07-23,11331.0498046875,13.430000305175781,29127.76171875,15493.400390625,8063.64990234375,7176.64990234375,-2607.97,2625.1,0.7403
2019-07-24,11271.2998046875,12.760000228881836,28951.9140625,15380.75,7920.64990234375,7036.7001953125,-1393.71,2140.26,0.7184
2019-07-25,11252.150390625,12.640000343322754,29042.712890625,15474.650390625,8094.35009765625,7010.5498046875,-126.65,398.53,1.1514
2019-07-26,11284.2998046875,12.130000114440918,29324.958984375,15348.0498046875,8178.89990234375,7161.5,-1503.26,1917.52,1.1816
2019-07-29,11189.2001953125,13.0600004196167,29295.560546875,15400.849609375,8039.7998046875,6905.7001953125,-704.42,1351.64,0.9918
2019-07-30,11085.400390625,13.609999656677246,28791.265625,15501.650390625,7877.75,6763.75,-644.59,1079.72,0.7875
2019-07-31,11118.0,13.59000015258789,28875.6640625,15620.2001953125,7987.5,6851.64990234375,-1497.07,2479.38,0.8855
2019-08-01,10980.0,14.5600004196167,28366.919921875,15332.099609375,7878.75,6856.10009765625,-553.78,698.17,0.8879
2019-08-02,10997.349609375,15.1899995803833,28204.62109375,15422.099609375,7868.2001953125,6933.75,843.73,-960.04,0.9234
2019-08-05,10862.599609375,16.59000015258789,27647.728515625,15518.5498046875,7807.9501953125,6844.60009765625,-701.07,232.95,0.788
2019-08-07,10855.5,16.739999771118164,27701.728515625,15583.349609375,7879.75,6792.60009765625,-401.99,321.13,0.7595
2019-08-08,11032.4501953125,16.09000015258789,28110.123046875,15867.9501953125,7964.7998046875,6998.4501953125,-437.39,291.29,0.952
2019-08-13,10925.849609375,17.780000686645508,27728.77734375,15424.400390625,7851.9501953125,6855.75,-638.28,201.53,0.7314
2019-08-14,11029.400390625,16.360000610351562,28018.873046875,15466.25,7744.2998046875,6919.0498046875,1614.63,1619.82,0.9101
2019-08-16,11047.7998046875,16.649999618530273,28216.671875,15365.349609375,7684.2998046875,6998.4501953125,-1339.27,1058.28,0.9724
2019-08-19,11053.900390625,16.75,28185.771484375,15415.150390625,7741.35009765625,6959.14990234375,-305.74,386.23,0.9296
2019-08-20,11017.0,16.6299991607666,27982.123046875,15597.75,7749.7001953125,7040.5,373.23,296.41,0.8726
2019-08-21,10918.7001953125,17.020000457763672,27718.728515625,15578.150390625,7677.25,7001.85009765625,-770.81,353.97,0.744
2019-08-22,10741.349609375,17.850000381469727,27033.884765625,15632.0,7670.85009765625,6882.10009765625,-902.99,1719.07,0.7458
2019-08-23,10829.349609375,17.350000381469727,26958.337890625,15816.599609375,7780.5498046875,6988.35009765625,-1737.2,1548.49,0.7916
2019-08-26,11057.849609375,16.65999984741211,27951.025390625,15890.2001953125,7824.2998046875,7022.75,-752.9,1272.29,0.9918
2019-08-27,11105.349609375,16.010000228881836,28125.82421875,15675.2998046875,7812.10009765625,7152.9501953125,-923.94,1162.65,1.0039
2019-08-28,11046.099609375,16.84000015258789,27803.978515625,15879.900390625,7738.64990234375,7018.5498046875,-935.27,359.32,0.8783
2019-08-29,10948.2998046875,16.43000030517578,27304.8828125,15884.5498046875,7912.5,6970.14990234375,-986.58,489.23,0.7545
2019-08-30,11023.25,16.280000686645508,27427.53125,16010.400390625,8072.0498046875,7009.2998046875,1162.95,1502.27,1.0566
2019-09-04,10844.650390625,17.239999771118164,27123.53515625,16032.5,7967.64990234375,6782.0498046875,1212.35,-688.65,0.8989
2019-09-05,10847.900390625,17.270000457763672,26919.38671875,16030.9501953125,8071.75,6921.75,-655.36,677.91,0.9757
2019-09-09,11003.0498046875,15.850000381469727,27504.330078125,15919.400390625,8077.89990234375,7165.35009765625,-188.08,686.47,1.1636
2019-09-12,10982.7998046875,14.899999618530273,27818.17578125,15583.25,8102.14990234375,7284.0,459.22,74.93,1.0331
2019-09-13,11075.900390625,14.119999885559082,28098.423828125,15722.900390625,8033.0498046875,7360.60009765625,-405.45,209.56,1.1476
2019-09-16,11003.5,14.949999809265137,27854.67578125,15743.150390625,8070.64990234375,7300.64990234375,-751.26,308.56,0.9792
2019-09-17,10817.599609375,16.020000457763672,27131.435546875,15625.650390625,7933.85009765625,7020.75,-808.29,85.76,0.7777
2019-09-18,10840.650390625,15.350000381469727,27172.333984375,15702.2998046875,7923.4501953125,7012.10009765625,-959.09,780.45,0.8001
2019-09-19,10704.7998046875,15.550000190734863,26757.33984375,15522.4501953125,7799.60009765625,6920.60009765625,-892.52,645.72,0.8132
2019-09-20,11274.2001953125,15.399999618530273,28981.21484375,15491.099609375,7983.5498046875,7605.85009765625,35.78,3001.32,1.2067
2019-09-23,11600.2001953125,16.790000915527344,30565.84375,15040.650390625,7857.25,7802.64990234375,2684.05,291.95,1.2716
2019-09-24,11588.2001953125,16.729999542236328,30182.748046875,15338.650390625,7891.9501953125,7773.25,-828.49,472.81,1.1813
2019-09-25,11440.2001953125,16.170000076293945,29585.70703125,15379.900390625,7789.7001953125,7470.4501953125,-342.4,-762.48,1.0189
2019-09-26,11571.2001953125,16.34000015258789,30002.25,15312.900390625,7857.2998046875,7659.75,737.17,339.28,1.1652
2019-09-27,11512.400390625,16.110000610351562,29876.302734375,15236.400390625,7695.2998046875,7554.25,-213.6,458.68,1.0121
2019-09-30,11474.4501953125,15.869999885559082,29102.8125,15540.150390625,7547.75,7493.14990234375,-469.4,504.69,0.857
2019-10-01,11359.900390625,16.760000228881836,28725.166015625,15300.25,7466.4501953125,7464.10009765625,-344.58,10.98,0.7385
2019-10-04,11174.75,17.579999923706055,27731.52734375,15340.2998046875,7396.89990234375,7404.89990234375,1429.92,461.29,0.7759
2019-10-07,11126.400390625,17.829999923706055,27767.228515625,15246.75,7148.9501953125,7355.4501953125,-604.94,667.4,0.7922
2019-10-10,11234.5498046875,17.229999542236328,28013.123046875,15093.7998046875,7235.60009765625,7359.64990234375,-263.11,502.67,0.9146
2019-10-14,11341.150390625,17.43000030517578,28181.62109375,15277.75,7361.7001953125,7520.35009765625,895.63,-425.15,0.926
2019-10-15,11428.2998046875,16.850000381469727,28554.767578125,15208.400390625,7420.64990234375,7688.25,436.02,929.39,1.0532
2019-10-16,11464.0,16.360000610351562,28538.46875,15344.9501953125,7475.35009765625,7673.7998046875,686.33,1605.45,1.0079
2019-10-17,11586.349609375,15.880000114440918,28989.111328125,15281.900390625,7533.4501953125,7914.0,1158.63,-511.76,1.085
2019-10-18,11661.849609375,15.930000305175781,29119.912109375,15410.099609375,7608.14990234375,7964.75,36.56,586.88,1.1177
2019-10-22,11588.349609375,16.809999465942383,29410.80859375,14688.650390625,7746.14990234375,7936.64990234375,-557.5,-985.47,1.0494
2019-10-23,11604.099609375,16.540000915527344,29459.2578125,14833.349609375,7761.85009765625,8036.60009765625,-213.23,-137.38,1.0305
2019-10-24,11582.599609375,16.239999771118164,29107.611328125,14781.5,7728.14990234375,8012.39990234375,-72.87,-738.75,0.9437
2019-10-25,11583.900390625,15.319999694824219,29395.607421875,14898.849609375,7736.5498046875,7986.35009765625,-435.42,440.16,0.9755
2019-10-29,11786.849609375,16.420000076293945,29872.703125,15181.400390625,7824.60009765625,8449.75,876.64,144.75,1.2313
2019-10-30,11844.099609375,16.65999984741211,29987.15234375,15395.650390625,7819.35009765625,8428.900390625,7192.42,-185.87,1.2359
2019-10-31,11877.4501953125,16.280000686645508,30065.900390625,15559.400390625,7878.14990234375,8449.5,1870.87,-650.73,1.1962
2019-11-01,11890.599609375,15.729999542236328,30330.19921875,15471.2001953125,7949.4501953125,8392.900390625,-687.2,123.17,1.2101
2019-11-04,11941.2998046875,15.930000305175781,30332.74609375,15591.2998046875,7966.85009765625,8280.349609375,476.51,-16.58,1.1451
2019-11-06,11966.0498046875,15.779999732971191,30609.244140625,15561.2998046875,7926.35009765625,8258.849609375,95.79,-151.01,1.2284
2019-11-07,12012.0498046875,15.210000038146973,30632.794921875,15624.400390625,7966.0,8239.900390625,-316.86,719.74,1.0903
2019-11-11,11913.4501953125,16.25,31115.189453125,15308.5498046875,7784.89990234375,8159.0,664.2,-245.06,1.1207
2019-11-13,11840.4501953125,16.459999084472656,30541.1953125,15240.9501953125,7660.4501953125,8150.2001953125,584.92,-890.03,0.8501
2019-11-14,11872.099609375,15.649999618530273,30749.591796875,15388.75,7591.4501953125,8190.89990234375,-562.05,82.74,1.0006
2019-11-15,11895.4501953125,15.029999732971191,31008.0390625,15310.650390625,7720.60009765625,8153.89990234375,-1008.37,537.74,1.0596
2019-11-18,11884.5,15.760000228881836,30991.740234375,15295.25,7816.5498046875,8119.0,-270.66,309.45,1.0013
2019-11-19,11940.099609375,15.40999984741211,31235.88671875,15304.849609375,7851.4501953125,8063.9501953125,-915.37,262.35,1.1284
2019-11-20,11999.099609375,15.15999984741211,31353.484375,15318.5,8107.60009765625,8083.7998046875,566.52,183.41,1.1711
2019-11-21,11968.400390625,14.979999542236328,31349.583984375,15293.9501953125,8068.9501953125,8004.64990234375,5023.54,-247.74,1.0526
2019-11-22,11914.400390625,14.869999885559082,31111.23828125,14995.900390625,8067.2001953125,8034.9501953125,305.72,-177.37,0.959
2019-11-25,12073.75,15.0,31555.533203125,15100.599609375,8211.5498046875,8174.75,960.9,-213.66,1.2355
2019-11-26,12037.7001953125,14.84000015258789,31717.98046875,14922.150390625,8177.85009765625,8099.89990234375,4677.75,-4242.01,1.2077
2019-11-27,12100.7001953125,14.619999885559082,31875.578125,15022.150390625,8246.099609375,8202.849609375,42.93,439.51,1.3154
2019-11-28,12151.150390625,13.989999771118164,32122.576171875,15121.7998046875,8273.650390625,8179.75,1008.89,-155.47,1.4244
2019-11-29,12056.0498046875,13.899999618530273,31945.728515625,14998.0498046875,8189.9501953125,8086.0,-1892.29,953.62,1.1907
2019-12-02,12048.2001953125,14.199999809265137,31871.078125,14852.0,8128.9501953125,8012.75,-466.78,-122.64,1.1266
2019-12-03,11994.2001953125,14.5600004196167,31612.982421875,14920.75,8044.85009765625,7964.25,2477.72,-990.48,0.9853
2019-12-04,12043.2001953125,13.319999694824219,31978.9296875,15175.150390625,8121.5,7996.5498046875,897.45,-15.99,1.1667
2019-12-06,11921.5,13.640000343322754,31341.185546875,15289.599609375,7957.5498046875,7806.60009765625,-1050.43,271.15,0.8987
2019-12-09,11937.5,14.600000381469727,31316.287109375,15157.150390625,7960.35009765625,7863.2998046875,783.55,-126.82,0.9467
2019-12-12,11971.7998046875,13.350000381469727,31665.08203125,14972.650390625,8045.35009765625,7941.7001953125,-683.83,810.23,1.1141
2019-12-13,12086.7001953125,13.300000190734863,32013.876953125,15200.5498046875,8045.0498046875,8069.7001953125,115.7,384.92,1.1973
2019-12-16,12053.9501953125,13.420000076293945,31973.828125,15348.75,8025.85009765625,7990.7998046875,728.13,-796.38,1.0973
2019-12-17,12165.0,12.520000457763672,32139.876953125,15637.150390625,7999.60009765625,8039.89990234375,1248.47,-908.16,1.2164
2019-12-18,12221.650390625,12.34000015258789,32243.875,15710.650390625,8091.10009765625,8082.35009765625,1836.81,-1267.57,1.291
2019-12-19,12259.7001953125,12.119999885559082,32241.07421875,15812.9501953125,8073.0498046875,8165.5,739.43,-493.95,1.2095
2019-12-20,12271.7998046875,12.329999923706055,32384.572265625,15844.5498046875,8049.4501953125,8133.5498046875,338.86,-285.41,1.248
2019-12-23,12262.75,11.960000038146973,32339.07421875,15865.5,8051.5,8180.5,1463.28,-1947.36,1.2131
2019-12-24,12214.5498046875,11.630000114440918,32280.375,15778.2001953125,8073.7998046875,8152.60009765625,-114.38,-345.22,1.1632
2019-12-26,12126.5498046875,11.119999885559082,31997.328125,15706.4501953125,7997.60009765625,8129.64990234375,-504.13,120.46,1.1766
2019-12-27,12245.7998046875,10.529999732971191,32411.97265625,15780.7001953125,8068.0498046875,8205.900390625,81.37,125.77,1.3353
2019-12-30,12255.849609375,11.010000228881836,32354.5234375,15775.0,8083.10009765625,8325.400390625,-130.52,201.32,1.1572
2019-12-31,12168.4501953125,11.670000076293945,32161.27734375,15652.400390625,8040.14990234375,8248.2998046875,-1265.1,585.07,0.9616
2020-01-02,12282.2001953125,11.489999771118164,32443.47265625,15709.650390625,8053.9501953125,8267.4501953125,-1199.53,36.64,1.2174
2020-01-06,11993.0498046875,14.779999732971191,31236.787109375,15879.7998046875,7987.35009765625,7978.75,1575.46,-459.25,0.9025
2020-01-07,12052.9501953125,14.609999656677246,31399.03515625,15895.2001953125,8036.5,8002.5,-1696.45,1377.13,0.9423
2020-01-09,12215.900390625,14.0,32092.02734375,15925.150390625,8033.14990234375,8155.25,486.09,-775.23,1.2858
2020-01-10,12256.7998046875,14.079999923706055,32097.02734375,15959.900390625,8058.5,8225.5,1632.25,259.46,1.2161
2020-01-13,12329.5498046875,14.279999732971191,32177.27734375,16225.900390625,8078.4501953125,8235.849609375,120.79,-1128.89,1.2363
2020-01-14,12362.2998046875,13.90999984741211,32071.27734375,16362.349609375,8117.0,8289.2998046875,-205.56,-642.47,1.2275
2020-01-15,12343.2998046875,14.119999885559082,31824.53125,16346.849609375,8166.2001953125,8385.349609375,279.53,-648.34,1.078
2020-01-16,12355.5,14.180000305175781,31853.529296875,16381.650390625,8203.099609375,8395.900390625,-395.24,-184.65,1.1111
2020-01-17,12352.349609375,14.130000114440918,31590.283203125,16356.599609375,8345.2998046875,8427.599609375,264.26,-500.17,1.0541
2020-01-20,12224.5498046875,15.40999984741211,31080.2890625,16207.150390625,8269.349609375,8352.7001953125,5.87,-1419.85,0.8144
2020-01-21,12169.849609375,15.859999656677246,30947.19140625,16175.2001953125,8274.2001953125,8245.900390625,-50.08,-307.81,0.8101
2020-01-22,12106.900390625,16.360000610351562,30701.091796875,16334.5498046875,8256.650390625,8169.14990234375,-176.43,-326.22,0.7523
2020-01-23,12180.349609375,15.859999656677246,31003.689453125,16474.400390625,8300.2001953125,8241.75,1352.13,-984.56,0.9652
2020-01-24,12248.25,15.5600004196167,31241.38671875,16472.75,8294.0498046875,8274.849609375,659.11,417.96,1.0952
2020-01-27,12119.0,17.18000030517578,30837.041015625,16393.55078125,8416.349609375,8258.150390625,-438.85,10.51,0.8534
2020-01-28,12055.7998046875,17.299999237060547,30761.04296875,16429.75,8420.25,8156.0498046875,-1357.56,711.7,0.7938
2020-01-29,12129.5,16.5,30876.640625,16479.30078125,8412.7998046875,8220.400390625,-1014.27,1520.9,0.8979
2020-01-30,12035.7998046875,16.799999237060547,30647.044921875,16327.900390625,8237.0498046875,8181.4501953125,-962.28,292.35,1.0881
2020-01-31,11962.099609375,17.3700008392334,30833.2421875,16144.150390625,8138.60009765625,8086.5498046875,-4179.12,3816.44,0.927
2020-02-03,11707.900390625,15.779999732971191,30022.900390625,16059.900390625,7967.5498046875,7988.35009765625,-1354.72,1138.74,0.8034
2020-02-06,12137.9501953125,13.779999732971191,31303.6875,16371.150390625,8227.900390625,8142.14990234375,7498.29,441.05,1.142
2020-02-07,12098.349609375,13.75,31201.5859375,16470.150390625,8341.849609375,8064.60009765625,-556.72,908.64,1.1116
2020-02-11,12107.900390625,13.880000114440918,31300.236328125,16452.30078125,8324.650390625,7892.39990234375,740.61,-533.97,1.1076
2020-02-12,12201.2001953125,13.619999885559082,31492.53515625,16538.099609375,8265.0498046875,7933.7998046875,357.35,-1635.97,1.2189
2020-02-13,12174.650390625,13.369999885559082,31229.88671875,16673.05078125,8335.7001953125,7914.89990234375,1061.39,-960.48,1.0196
2020-02-14,12113.4501953125,13.619999885559082,30834.443359375,16642.75,8331.7001953125,7822.2001953125,-704.92,219.54,0.8883
2020-02-17,12045.7998046875,14.420000076293945,30680.341796875,16647.69921875,8204.849609375,7770.5,-374.06,-154.25,0.8029
2020-02-18,11992.5,14.510000228881836,30562.14453125,16748.75,8198.2998046875,7692.2998046875,-74.39,-309.43,0.7945
2020-02-19,12125.900390625,14.020000457763672,30837.83984375,16772.5,8378.650390625,7687.35009765625,-190.66,590.12,0.9743
2020-02-20,12080.849609375,13.699999809265137,30942.490234375,16649.400390625,8364.349609375,7697.89990234375,1495.25,-699.62,1.0113
2020-02-24,11829.400390625,17.0,30454.74609375,16461.80078125,8115.5498046875,7429.10009765625,-1160.9,516.21,0.839
2020-02-25,11797.900390625,16.899999618530273,30432.345703125,16562.5,7938.4501953125,7366.0,-2315.07,1565.28,0.8288
2020-02-26,11678.5,18.260000228881836,30306.498046875,16332.25,7839.2001953125,7207.9501953125,-3336.6,2785.67,0.8245
2020-02-27,11633.2998046875,17.770000457763672,30186.6484375,16123.7998046875,7885.14990234375,7178.85009765625,-3127.36,3497.5,1.151
2020-02-28,11201.75,23.239999771118164,29146.8125,15212.9501953125,7576.75,6903.9501953125,-1428.74,7621.16,0.9039
2020-03-02,11132.75,25.200000762939453,28868.064453125,15427.650390625,7535.10009765625,6856.89990234375,-1200.27,1286.63,0.9202
2020-03-03,11303.2998046875,24.540000915527344,29176.7109375,15723.2001953125,7920.60009765625,6986.64990234375,-2415.8,3135.24,1.0106
2020-03-04,11251.0,24.229999542236328,28653.365234375,15864.2998046875,8086.5498046875,6938.85009765625,-1960.97,226.55,0.903
2020-03-06,10989.4501953125,25.639999389648438,27801.126953125,15663.5,8018.2998046875,6895.0,1851.12,-781.79,0.9726
2020-03-09,10451.4501953125,30.799999237060547,26462.29296875,14854.900390625,7756.4501953125,6632.14990234375,7.72,120.08,0.8125
2020-03-11,10458.400390625,31.559999465942383,26487.4921875,14681.400390625,7623.0498046875,6568.4501953125,2274.4,-1100.92,0.8448
2020-03-12,9590.150390625,41.15999984741211,23970.87109375,13384.849609375,6942.5498046875,6033.39990234375,3637.42,-1439.74,0.8714
2020-03-13,9955.2001953125,51.470001220703125,25166.15625,13539.099609375,7268.0,6182.0,-6027.58,5867.9,0.8768
2020-03-16,9197.400390625,58.880001068115234,23100.8828125,12451.349609375,6959.35009765625,5843.7001953125,-3809.93,2614.54,0.745
2020-03-17,8967.0498046875,62.93000030517578,22154.892578125,12099.25,6979.10009765625,5803.85009765625,-4044.69,3422.12,0.7566
2020-03-18,8468.7998046875,63.959999084472656,20579.9609375,11753.0,6705.75,5516.5,-5085.35,3636.44,0.7057
2020-03-19,8263.4501953125,72.19999694824219,20083.265625,11340.0,6655.5,5180.5,-4622.93,4367.43,0.8677
2020-03-20,8745.4501953125,67.0999984741211,20317.36328125,12363.4501953125,6951.89990234375,5370.14990234375,-3345.95,2431.24,0.8965
2020-03-23,7610.25,71.98999786376953,16917.453125,11179.599609375,6432.2998046875,4626.5,-2989.29,1082.24,0.7551
2020-03-24,7801.0498046875,83.61000061035156,17107.1015625,11865.0498046875,6611.0498046875,4693.35009765625,-2153.35,1553.66,0.8227
2020-03-25,8317.849609375,77.62999725341797,18480.8359375,12233.349609375,6695.5498046875,4936.14990234375,-1893.36,737.98,0.9709
2020-03-26,8641.4501953125,71.52999877929688,19613.671875,12535.599609375,6775.0,5061.2998046875,-484.78,-769.93,1.2881
2020-03-27,8660.25,70.38999938964844,19968.767578125,12569.099609375,6813.0498046875,4938.7001953125,355.78,1703.72,1.0713
2020-03-30,8281.099609375,71.88999938964844,18782.181640625,12318.7998046875,6896.0,4669.14990234375,-4363.61,3550.33,0.9456
2020-03-31,8597.75,64.41000366210938,19143.77734375,12763.650390625,7176.5,4731.2998046875,-3044.94,3576.23,1.0219
2020-04-03,8083.7998046875,55.29999923706055,17249.099609375,11680.0498046875,7361.60009765625,4517.75,-878.38,764.13,0.9805
2020-04-08,8748.75,52.2400016784668,18946.228515625,12491.5498046875,8412.2001953125,5043.60009765625,703.74,-665.69,1.1378
2020-04-09,9111.900390625,49.75,19913.3671875,12728.5498046875,8800.4501953125,5568.4501953125,-1888.78,-456.88,1.2653
2020-04-13,8993.849609375,51.459999084472656,19487.7734375,12603.099609375,9044.349609375,5432.10009765625,-1243.74,-1096.89,1.1793
2020-04-15,8925.2998046875,49.7400016784668,19056.830078125,12702.599609375,9038.7998046875,5333.0,1359.31,-1097.86,1.0412
2020-04-16,8992.7998046875,46.099998474121094,19399.775390625,12463.599609375,9199.2998046875,5394.14990234375,-2920.36,1321.44,1.1768
2020-04-17,9266.75,42.59000015258789,20681.208984375,12649.25,9157.75,5668.89990234375,-1391.98,534.24,1.1812
2020-04-20,9261.849609375,43.459999084472656,20522.412109375,12847.650390625,9149.2001953125,5591.0,-265.89,-788.87,1.1135
2020-04-21,8981.4501953125,45.20000076293945,19409.123046875,12408.849609375,9381.650390625,5294.0498046875,-2095.23,-68.46,0.9468
2020-04-22,9187.2998046875,42.81999969482422,19701.62109375,12571.2998046875,9377.0,5426.85009765625,-1326.09,863.82,1.0503
2020-04-23,9313.900390625,39.22999954223633,20267.712890625,13128.2001953125,9388.900390625,5464.75,-114.58,338.27,1.161
2020-04-24,9154.400390625,39.119998931884766,19586.421875,12816.2001953125,9518.4501953125,5377.25,-207.29,-993.98,1.0591
2020-04-27,9282.2998046875,38.040000915527344,20080.916015625,13121.150390625,9602.0498046875,5433.2001953125,-916.42,1141.97,1.0887
2020-04-28,9380.900390625,35.349998474121094,20670.859375,13133.650390625,9386.2001953125,5447.10009765625,-122.15,389.0,1.2173
2020-04-29,9553.349609375,33.84000015258789,21089.953125,13424.9501953125,9385.4501953125,5543.75,722.08,786.4,1.2861
2020-04-30,9859.900390625,33.9900016784668,21534.25,14108.400390625,9327.099609375,5901.39990234375,1968.8,579.03,1.4617
2020-05-05,9205.599609375,43.61000061035156,19271.525390625,13388.0498046875,9181.5,5451.89990234375,-323.86,-58.21,0.9164
2020-05-06,9270.900390625,41.25,19694.322265625,13394.7001953125,9227.150390625,5552.39990234375,97.61,47.29,1.0151
2020-05-08,9251.5,38.40999984741211,19352.67578125,13403.599609375,9343.349609375,5447.75,-60.18,-425.98,0.9775
2020-05-11,9239.2001953125,38.040000915527344,18950.279296875,13593.5498046875,9307.2998046875,5679.7001953125,5368.31,-2208.18,0.9184
2020-05-13,9383.5498046875,38.84000015258789,19634.720703125,13776.9501953125,9147.75,5844.60009765625,-283.43,232.65,0.8789
2020-05-14,9142.75,38.18000030517578,19068.279296875,13293.75,9172.2001953125,5804.0498046875,-2152.52,802.36,0.8919
2020-05-15,9136.849609375,38.02000045776367,18833.73046875,13196.349609375,9093.0,5745.7001953125,-2388.04,1225.53,0.8273
2020-05-18,8823.25,40.91999816894531,17572.994140625,13314.400390625,9092.650390625,5430.0498046875,-2512.82,-152.42,0.6973
2020-05-19,8879.099609375,39.45000076293945,17486.046875,13446.599609375,9084.599609375,5486.14990234375,-1328.31,1659.74,0.767
2020-05-20,9066.5498046875,35.810001373291016,17839.9921875,13517.400390625,9456.7998046875,5603.7998046875,-1466.52,2373.19,0.8682
2020-05-21,9106.25,32.9900016784668,17734.892578125,13647.900390625,9520.5498046875,5749.89990234375,-258.73,401.78,0.9027
2020-05-22,9039.25,32.380001068115234,17278.69921875,13842.650390625,9600.650390625,5767.0,-1353.9,-344.16,0.8427
2020-05-26,9029.0498046875,31.469999313354492,17440.146484375,13574.9501953125,9483.5,5854.2998046875,4716.13,2841.09,0.8182
2020-05-27,9314.9501953125,31.270000457763672,18710.333984375,13952.900390625,9463.7001953125,5896.9501953125,-334.74,2408.85,1.196
2020-05-28,9490.099609375,30.020000457763672,19169.578125,14028.599609375,9464.5,6112.2998046875,2354.14,144.83,1.2886
2020-05-29,9580.2998046875,30.219999313354492,19297.025390625,14010.5,9768.599609375,6218.7998046875,1460.71,967.43,1.3309
2020-06-01,9826.150390625,30.739999771118164,19959.66796875,14307.099609375,9802.099609375,6419.5,-103.84,-23.7,1.2374
2020-06-02,9979.099609375,30.1200008392334,20529.9609375,14422.400390625,9833.599609375,6471.2998046875,-560.36,304.01,1.3077
2020-06-03,10061.5498046875,30.040000915527344,20940.455078125,14361.7001953125,9864.0498046875,6498.64990234375,-3594.84,2543.78,1.2576
2020-06-05,10142.150390625,28.68000030517578,21034.255859375,14627.4501953125,10081.2998046875,6628.75,-493.68,322.47,1.1756
2020-06-08,10167.4501953125,29.649999618530273,21187.103515625,14894.599609375,9939.099609375,6610.5498046875,637.43,-468.0,1.0633
2020-06-10,10116.150390625,29.440000534057617,21099.853515625,14842.0498046875,10149.25,6502.64990234375,1101.76,-934.84,1.0837
2020-06-11,9902.0,29.65999984741211,20524.912109375,14619.4501953125,9933.400390625,6373.60009765625,4869.87,-2938.66,1.047
2020-06-15,9813.7001953125,32.58000183105469,19912.66796875,14396.7001953125,9989.0498046875,6443.0,-2960.33,1076.38,1.0128
2020-06-16,9914.0,32.970001220703125,20296.462890625,14450.7998046875,9926.400390625,6451.0498046875,-1478.52,1161.51,0.9915
2020-06-17,9881.150390625,33.349998474121094,20201.515625,14478.4501953125,9977.2001953125,6503.5,-486.62,168.05,0.9946
2020-06-18,10091.650390625,31.459999084472656,20956.056640625,14551.25,9975.2998046875,6535.89990234375,366.57,1131.27,1.1422
2020-06-19,10244.400390625,29.969999313354492,21337.8515625,14499.7998046875,10002.150390625,6634.5,1237.0,-880.66,1.1894
2020-06-22,10311.2001953125,30.459999084472656,21708.09765625,14463.7001953125,10218.349609375,6729.10009765625,424.21,-1287.69,1.2054
2020-06-23,10471.0,29.34000015258789,22264.642578125,14680.400390625,10360.7998046875,6789.2001953125,168.96,454.48,1.2822
2020-06-24,10305.2998046875,29.579999923706055,21426.55078125,14581.4501953125,10110.5,6742.7998046875,1766.9,-1524.9,0.9839
2020-06-25,10288.900390625,29.729999542236328,21505.900390625,14411.2001953125,10193.150390625,6737.85009765625,-1050.61,-255.59,1.1237
2020-06-26,10383.0,28.739999771118164,21591.80078125,14994.650390625,10137.849609375,6731.4501953125,-753.18,1304.18,1.0202
2020-06-29,10312.400390625,28.90999984741211,21358.751953125,14768.0,10135.900390625,6645.85009765625,-1937.06,1036.13,0.9987
2020-06-30,10302.099609375,29.1200008392334,21369.90234375,14754.2998046875,9985.150390625,6719.14990234375,-2000.08,2051.31,0.9264
2020-07-01,10430.0498046875,28.1200008392334,21977.34375,14732.150390625,9882.849609375,6718.60009765625,-682.23,311.19,1.1358
2020-07-02,10551.7001953125,26.510000228881836,21952.943359375,15122.5498046875,9943.650390625,6907.10009765625,161.93,-178.59,1.113
2020-07-07,10799.650390625,25.100000381469727,22627.736328125,15784.9501953125,9878.0,7199.5498046875,829.9,-784.47,1.2171
2020-07-08,10705.75,26.100000381469727,22584.388671875,15513.650390625,9948.5,7059.35009765625,397.32,-438.62,1.0646
2020-07-09,10813.4501953125,24.90999984741211,22906.93359375,15535.9501953125,9987.5498046875,7085.60009765625,-6.93,-815.82,1.1432
2020-07-10,10768.0498046875,24.940000534057617,22398.189453125,15565.2001953125,10072.25,7041.10009765625,1093.81,-1129.49,1.0186
2020-07-13,10802.7001953125,25.25,22088.994140625,15819.2001953125,10106.599609375,7084.4501953125,221.76,-1485.59,0.9458
2020-07-14,10607.349609375,26.639999389648438,21391.951171875,15640.5498046875,10155.0498046875,6916.0,-1565.62,-649.7,0.7958
2020-07-15,10618.2001953125,26.290000915527344,21340.501953125,16459.849609375,10210.75,6931.0498046875,-221.7,-899.37,0.818
2020-07-16,10739.9501953125,25.360000610351562,21596.8984375,16926.05078125,10382.2998046875,7015.89990234375,-1091.08,1659.91,1.0255
2020-07-17,10901.7001953125,24.15999984741211,21966.544921875,16821.349609375,10472.150390625,7137.2998046875,697.08,-209.42,1.1299
2020-07-20,11022.2001953125,24.709999084472656,22321.58984375,17258.30078125,10304.599609375,7175.85009765625,1709.97,-1521.99,1.1376
2020-07-21,11162.25,24.43000030517578,22781.734375,17273.19921875,10153.7998046875,7295.75,2265.88,-727.39,1.2264
2020-07-22,11132.599609375,24.889999389648438,22882.333984375,17076.05078125,10175.2001953125,7203.9501953125,1665.57,-1138.83,1.1874
2020-07-23,11215.4501953125,24.639999389648438,23083.6328125,17045.19921875,10322.150390625,7301.0498046875,1740.5,-931.91,1.191
2020-07-24,11194.150390625,24.540000915527344,22661.787109375,17286.0,10237.9501953125,7218.64990234375,409.88,-1002.98,1.1036
2020-07-27,11131.7998046875,25.020000457763672,21848.49609375,17626.75,10062.0498046875,7186.4501953125,-453.31,-977.88,0.9528
2020-07-28,11300.5498046875,23.639999389648438,22104.94140625,18042.75,10128.0498046875,7416.89990234375,245.95,-1017.4,1.1085
2020-07-29,11202.849609375,24.110000610351562,22076.34375,17880.5,10441.150390625,7330.25,-352.62,-505.62,0.9846
2020-07-30,11102.150390625,24.729999542236328,21646.59765625,18003.55078125,10766.0498046875,7287.85009765625,207.3,-387.24,1.0973
2020-07-31,11073.4501953125,24.190000534057617,21639.798828125,18071.849609375,11148.900390625,7279.75,-958.64,442.73,0.998
2020-08-04,11095.25,23.81999969482422,21490.25,17808.0,11316.9501953125,7353.9501953125,1943.41,-1757.79,1.0377
2020-08-05,11101.650390625,23.56999969482422,21509.69921875,17869.80078125,11263.75,7489.10009765625,1724.71,-1503.14,0.9557
2020-08-06,11200.150390625,23.149999618530273,21642.34765625,18188.75,11403.650390625,7498.25,813.27,-1238.23,1.1004
2020-08-07,11214.0498046875,22.579999923706055,21753.748046875,18004.150390625,11333.0,7554.4501953125,-994.87,-853.41,1.123
2020-08-10,11270.150390625,22.510000228881836,21899.99609375,18159.55078125,11941.400390625,7621.2998046875,978.37,19.85,1.1117
2020-08-12,11308.400390625,20.850000381469727,22263.7421875,18066.0,11590.25,7785.0498046875,2909.6,-2640.93,1.0564
2020-08-13,11300.4501953125,20.56999969482422,22196.091796875,18107.19921875,11477.9501953125,7879.75,416.28,-763.54,1.0134
2020-08-14,11178.400390625,21.670000076293945,21679.1484375,18022.650390625,11640.400390625,7677.64990234375,46.39,-797.08,0.9183
2020-08-17,11247.099609375,21.309999465942383,21700.59765625,18223.599609375,11595.349609375,7865.5498046875,332.9,-717.62,1.0157
2020-08-18,11385.349609375,20.43000030517578,22170.341796875,18270.349609375,11581.7001953125,7941.85009765625,1134.57,-379.38,1.1334
2020-08-19,11408.400390625,19.959999084472656,22285.640625,18210.849609375,11537.900390625,7941.35009765625,459.01,-97.13,1.1133
2020-08-20,11312.2001953125,20.6200008392334,21999.193359375,18126.099609375,11540.900390625,7911.60009765625,-268.46,-672.23,0.991
2020-08-21,11371.599609375,19.940000534057617,22299.33984375,18065.30078125,11614.900390625,7934.7001953125,410.16,-250.65,1.0433
2020-08-24,11466.4501953125,19.229999542236328,22832.734375,18010.94921875,11572.25,7948.39990234375,219.07,-335.64,1.1748
2020-08-25,11472.25,19.31999969482422,23091.8828125,17973.69921875,11500.0,7983.60009765625,1481.2,-172.97,1.1828
2020-08-26,11549.599609375,19.299999237060547,23413.927734375,18128.0,11484.5498046875,8100.5,1581.31,-1194.62,1.3008
2020-08-27,11559.25,18.899999618530273,23600.076171875,18102.650390625,11588.0498046875,8183.0,1164.32,-809.27,1.2556
2020-08-28,11647.599609375,18.350000381469727,24523.515625,18122.0,11622.900390625,8111.85009765625,1004.11,-543.56,1.3027
2020-08-31,11387.5,22.84000015258789,23754.07421875,17928.849609375,11079.7998046875,7840.35009765625,-3395.49,680.88,0.8828
2020-09-01,11470.25,21.799999237060547,23811.72265625,17814.05078125,11339.5,7885.9501953125,-431.11,419.22,0.9367
2020-09-03,11527.4501953125,20.5,23530.576171875,18348.55078125,11511.849609375,8049.5498046875,-6595.56,4974.8,0.9616
2020-09-04,11333.849609375,22.149999618530273,23011.232421875,18073.94921875,11281.4501953125,7996.5498046875,1737.62,-466.02,0.878
2020-09-07,11355.0498046875,22.010000228881836,22944.783203125,18176.80078125,11269.849609375,7957.85009765625,212.77,-803.39,0.8736
2020-09-09,11278.0,22.229999542236328,22266.740234375,18261.5,11304.099609375,7903.10009765625,-959.09,-263.97,0.8231
2020-09-10,11449.25,21.260000228881836,22465.9375,18395.849609375,11303.400390625,7945.0,-39.39,126.61,0.9635
2020-09-11,11464.4501953125,20.709999084472656,22479.6875,18633.25,11313.2998046875,7956.7998046875,4548.39,-3036.31,0.9556
2020-09-14,11440.0498046875,21.190000534057617,22100.9921875,19505.099609375,11233.2998046875,8035.35009765625,298.22,-120.35,0.8553
2020-09-15,11521.7998046875,20.600000381469727,22465.388671875,19627.30078125,11450.5,8033.5,1170.89,-895.63,0.9472
2020-09-16,11604.5498046875,19.65999984741211,22573.2890625,19770.349609375,11688.5498046875,8156.2001953125,264.66,-212.21,0.9859
2020-09-17,11516.099609375,20.100000381469727,22320.08984375,19817.69921875,11735.9501953125,8128.64990234375,-249.82,-1067.83,0.881
2020-09-18,11504.9501953125,20.049999237060547,22030.794921875,19827.099609375,12320.900390625,8161.7001953125,205.15,-100.83,0.8573
2020-09-21,11250.5498046875,22.190000534057617,21366.552734375,19729.0,11799.5498046875,7832.2001953125,-539.81,-517.95,0.7491
2020-09-22,11153.650390625,21.40999984741211,21138.853515625,19866.099609375,11876.849609375,7695.25,-2072.76,878.91,0.7547
2020-09-23,11131.849609375,20.989999771118164,21178.25390625,19805.650390625,11685.900390625,7690.89990234375,-3912.44,1629.23,0.7869
2020-09-24,10805.5498046875,23.510000228881836,20456.611328125,18973.05078125,11334.599609375,7418.85009765625,-1885.69,188.64,0.8859
2020-09-25,11050.25,20.68000030517578,20982.10546875,19629.349609375,11595.900390625,7669.5,-2080.21,2070.63,1.04
2020-09-28,11227.5498046875,19.56999969482422,21665.248046875,19783.05078125,11796.599609375,7902.5498046875,-26.98,542.34,1.1202
2020-09-29,11222.400390625,19.770000457763672,21411.052734375,19831.80078125,11709.5,7925.2001953125,-1456.66,576.5,1.0053
2020-09-30,11247.5498046875,19.530000686645508,21451.55078125,19951.349609375,11772.849609375,7908.10009765625,-712.48,409.47,1.0758
2020-10-01,11416.9501953125,18.350000381469727,22245.7421875,20110.400390625,11822.900390625,7966.10009765625,578.28,-251.74,1.1364
2020-10-06,11662.400390625,19.639999389648438,22853.43359375,20896.75,12009.4501953125,8058.10009765625,-919.26,500.7,1.1474
2020-10-07,11738.849609375,20.059999465942383,22964.533203125,21017.400390625,11915.0,8170.0498046875,-1031.0,-431.21,1.1423
2020-10-08,11834.599609375,20.3799991607666,23191.080078125,21697.25,12209.2001953125,8183.7001953125,302.88,-504.92,1.0919
2020-10-09,11914.2001953125,20.3799991607666,23846.5234375,21837.650390625,12043.9501953125,8163.5,838.37,-317.3,1.1873
2020-10-12,11930.9501953125,21.1299991607666,23712.525390625,22202.099609375,12154.5498046875,8102.5,2259.98,-2275.22,1.0047
2020-10-13,11934.5,20.719999313354492,23491.92578125,22492.599609375,11937.099609375,8052.85009765625,832.14,-1674.46,0.9675
2020-10-14,11971.0498046875,20.209999084472656,23874.373046875,22204.05078125,11857.25,8031.0498046875,821.86,-1276.14,1.0121
2020-10-15,11680.349609375,22.059999465942383,23072.1328125,21567.30078125,11637.900390625,7935.35009765625,-604.07,-808.29,0.9214
2020-10-16,11762.4501953125,21.649999618530273,23532.9765625,21538.150390625,11814.099609375,7959.4501953125,-479.59,-429.81,0.9444
2020-10-19,11873.0498046875,21.81999969482422,24266.46875,21391.900390625,11616.650390625,7870.35009765625,1656.78,-1621.73,1.0263
2020-10-20,11896.7998046875,22.690000534057617,24311.517578125,21694.349609375,11644.400390625,7896.7001953125,1585.07,-1633.23,1.0771
2020-10-21,11937.650390625,22.920000076293945,24634.763671875,21577.650390625,11645.7001953125,7878.0498046875,2108.48,-1633.53,1.0943
2020-10-22,11896.4501953125,22.639999389648438,24483.865234375,21413.5,11545.2998046875,7864.14990234375,1118.46,-2019.87,1.0165
2020-10-23,11930.349609375,21.829999923706055,24478.015625,21523.599609375,11503.0498046875,8094.60009765625,906.93,-891.86,0.983
2020-10-26,11767.75,22.829999923706055,24075.169921875,21265.69921875,11334.2001953125,7833.64990234375,-119.42,-979.16,0.8541
2020-10-27,11889.400390625,22.200000762939453,24769.212890625,21023.400390625,11511.5,7930.64990234375,3514.89,-1570.8,1.1147
2020-10-28,11729.599609375,23.280000686645508,24232.21875,20810.30078125,11325.099609375,7922.75,-1130.98,1.48,0.9385
2020-10-29,11670.7998046875,24.020000457763672,24091.720703125,20876.94921875,11226.0,7846.75,-420.95,-253.41,1.196
2020-10-30,11642.400390625,24.75,23900.623046875,20916.849609375,11243.75,7758.39990234375,-870.88,631.11,1.0586
2020-11-02,11669.150390625,25.209999084472656,24892.2109375,20732.30078125,11175.2998046875,7732.25,-209.39,344.63,1.1849
2020-11-03,11813.5,24.239999771118164,25682.501953125,20736.0,11361.0,7848.85009765625,-3515.38,2835.46,1.2693
2020-11-05,12120.2998046875,20.969999313354492,26312.79296875,21385.650390625,11704.9501953125,7995.5,534.87,-821.6,1.2412
2020-11-06,12263.5498046875,20.5,26798.638671875,21492.30078125,11623.349609375,8006.10009765625,-805.14,-874.35,1.3453
2020-11-09,12461.0498046875,20.110000610351562,27533.779296875,21820.150390625,11674.349609375,8067.64990234375,1175.81,-724.31,1.333
2020-11-11,12749.150390625,22.030000686645508,28844.6640625,21330.5,11570.349609375,8255.2001953125,6207.19,-3463.86,1.297
2020-11-12,12690.7998046875,20.6200008392334,28278.47265625,21363.349609375,11600.7998046875,8284.0498046875,4195.43,-2359.0,1.1067
2020-11-13,12719.9501953125,19.700000762939453,28465.369140625,21436.849609375,11726.4501953125,8308.900390625,1935.92,-2462.42,1.1311
2020-11-17,12874.2001953125,19.799999237060547,29180.9609375,21488.55078125,11690.7998046875,8425.5498046875,4905.35,-3829.16,1.2089
2020-11-18,12938.25,19.1200008392334,29749.50390625,21314.849609375,11612.9501953125,8686.599609375,3071.93,-2789.85,1.2706
2020-11-19,12771.7001953125,19.56999969482422,28902.71484375,21114.44921875,11566.599609375,8628.2998046875,1180.61,-2854.94,1.0389
2020-11-20,12859.0498046875,19.6200008392334,29235.66015625,21409.25,11526.75,8684.75,3860.78,-2868.66,1.1225
2020-11-23,12926.4501953125,20.799999237060547,29023.861328125,22007.05078125,11737.2001953125,8738.599609375,4738.44,-2944.05,1.078
2020-11-24,13055.150390625,21.059999465942383,29736.904296875,22064.30078125,11880.7998046875,8887.9501953125,4563.18,-2522.11,1.2897
2020-11-25,12858.400390625,23.1299991607666,29196.060546875,21705.900390625,11635.2001953125,8738.4501953125,24.2,-1840.33,0.9885
2020-11-26,12987.0,20.020000457763672,29549.40625,21859.900390625,11801.25,8767.75,2027.31,-3400.1,1.1225
2020-11-27,12968.9501953125,19.81999969482422,29608.70703125,21764.900390625,11839.150390625,8891.599609375,7712.98,-4968.9,1.0301
2020-12-02,13113.75,19.90999984741211,29462.80859375,22319.0,12088.599609375,9093.7001953125,48.81,339.19,1.0322
2020-12-03,13133.900390625,19.0,29448.408203125,22202.19921875,12206.9501953125,9245.2998046875,-3475.29,3918.24,1.1419
2020-12-08,13392.9501953125,18.6200008392334,30261.548828125,22617.400390625,12407.2998046875,9297.849609375,351.15,-939.67,1.1878
2020-12-10,13478.2998046875,18.709999084472656,30509.994140625,22755.75,12440.599609375,9200.849609375,615.17,-1028.77,1.101
2020-12-11,13513.849609375,18.790000915527344,30604.494140625,22664.0,12366.0,9188.9501953125,1514.12,-2239.43,1.0586
2020-12-14,13558.150390625,19.399999618530273,30745.54296875,22746.69921875,12459.900390625,9093.099609375,2264.38,-1721.11,1.0463
2020-12-15,13567.849609375,19.350000381469727,30690.693359375,22715.099609375,12432.599609375,9149.75,2484.09,-2666.79,1.0435
2020-12-16,13682.7001953125,19.200000762939453,30698.04296875,22906.25,12547.5,9239.099609375,1981.77,-1718.45,1.0882
2020-12-17,13740.7001953125,19.15999984741211,30846.69140625,22892.25,12602.400390625,9185.2001953125,2355.25,-2494.36,1.1883
2020-12-18,13760.5498046875,18.6200008392334,30714.29296875,23256.599609375,12762.349609375,9168.650390625,2720.95,-2424.61,1.0827
2020-12-21,13328.400390625,23.190000534057617,29456.107421875,22844.599609375,12278.150390625,8745.0,-323.55,486.12,0.8067
2020-12-22,13466.2998046875,21.989999771118164,29625.60546875,23611.599609375,12550.9501953125,8818.599609375,1153.0,-661.51,0.9188
2020-12-23,13601.099609375,20.5,29882.953125,24167.75,12753.25,8935.9501953125,536.13,-1326.92,1.0557
2020-12-24,13749.25,19.969999313354492,30401.845703125,24009.25,12908.9501953125,8978.0498046875,1225.69,-1897.92,1.1213
2020-12-28,13873.2001953125,20.43000030517578,30880.58984375,24100.30078125,12874.349609375,9066.849609375,1588.93,-1386.55,1.1741
2020-12-29,13932.599609375,20.790000915527344,31322.13671875,24274.05078125,12843.900390625,9043.900390625,2349.53,-2010.5,1.167
2020-12-30,13981.9501953125,21.110000610351562,31302.6875,24330.05078125,12823.900390625,9164.7998046875,1824.52,-587.43,1.175
2020-12-31,13981.75,21.100000381469727,31263.6875,24251.349609375,12915.900390625,9193.5,1135.59,-257.64,1.127
2021-01-04,14132.900390625,20.030000686645508,31212.0859375,25110.05078125,13149.7998046875,9417.9501953125,149.41,-296.84,1.0059
2021-01-06,14146.25,21.0,31797.53125,25419.150390625,13118.099609375,9379.5498046875,-449.86,230.49,1.0109
2021-01-07,14137.349609375,20.6200008392334,31955.62890625,25251.19921875,13060.75,9429.650390625,-1245.29,880.6,1.0366
2021-01-11,14484.75,22.3799991607666,31998.529296875,27027.75,13412.349609375,9995.599609375,-202.13,116.01,1.117
2021-01-12,14563.4501953125,22.850000381469727,32338.625,26982.099609375,13244.7001953125,10119.849609375,-2765.84,3467.02,1.1413
2021-01-13,14564.849609375,23.290000915527344,32574.271484375,27004.30078125,13122.5498046875,10208.5498046875,1879.06,-2370.17,1.0497
2021-01-14,14595.599609375,23.030000686645508,32519.37109375,26965.55078125,13232.5498046875,10238.2998046875,1076.62,-188.1,1.0382
2021-01-15,14433.7001953125,24.010000228881836,32246.42578125,26362.80078125,13014.25,10178.2998046875,971.06,-942.07,0.8699
2021-01-18,14281.2998046875,24.399999618530273,31811.380859375,25916.25,12653.5,9961.099609375,650.6,-42.51,0.8038
2021-01-19,14521.150390625,22.899999618530273,32424.47265625,26043.5,12866.0498046875,10136.7998046875,257.55,-199.3,0.9504
2021-01-20,14644.7001953125,21.549999237060547,32543.3203125,26619.69921875,12881.2001953125,10369.25,2289.05,-864.62,0.9797
2021-01-21,14590.349609375,22.18000030517578,32186.525390625,26450.150390625,12697.150390625,10367.75,1614.66,-1039.48,0.9713
2021-01-25,14238.900390625,23.25,31198.037109375,26023.30078125,12756.75,10433.5,-765.3,-387.76,0.7655
2021-01-27,13967.5,24.389999389648438,30284.19921875,25865.30078125,12495.900390625,10210.25,-1688.22,-3.38,0.6829
2021-01-28,13817.5498046875,24.290000915527344,30357.947265625,25301.25,12395.9501953125,10105.599609375,-3712.51,1736.92,0.9838
2021-01-29,13634.599609375,25.34000015258789,30565.14453125,24645.75,12170.25,9813.150390625,-5930.66,2443.2,0.836
2021-02-02,14647.849609375,23.350000381469727,34267.5,25447.80078125,12361.5498046875,10638.599609375,6181.56,-2035.2,1.2112
2021-02-03,14789.9501953125,23.75,34758.046875,25680.900390625,12706.650390625,10749.150390625,2223.16,-854.04,1.2501
2021-02-08,15115.7998046875,23.959999084472656,35983.23046875,25915.599609375,12971.0,11061.150390625,-1539.88,1505.82,1.0649
2021-02-09,15109.2998046875,24.270000457763672,36056.08203125,25779.150390625,12812.7998046875,10907.599609375,348.52,381.7,1.0242
2021-02-11,15173.2998046875,23.049999237060547,35751.6875,26043.44921875,12929.7998046875,10965.25,244.87,-6.0,1.0021
2021-02-12,15163.2998046875,22.040000915527344,36108.48046875,26093.80078125,12785.75,10912.25,-909.71,1372.65,0.9776
2021-02-16,15313.4501953125,21.780000686645508,37097.96875,25613.94921875,12804.150390625,10944.900390625,1144.09,-1559.53,0.955
2021-02-18,15118.9501953125,21.540000915527344,36586.57421875,25618.55078125,12517.5,10827.0,903.07,-1217.34,0.8945
2021-02-19,14981.75,22.25,35841.18359375,25503.19921875,12347.400390625,10540.349609375,118.75,-1174.98,0.8344
2021-02-22,14675.7001953125,25.469999313354492,35256.7890625,24766.44921875,12032.2998046875,10300.0,-893.25,-919.88,0.751
2021-02-23,14707.7998046875,25.229999542236328,35116.54296875,24807.80078125,12029.5,10379.5498046875,-1569.04,216.67,0.7978
2021-02-24,14982.0,24.170000076293945,36451.87890625,24779.400390625,12035.849609375,10405.5,28739.17,230.44,1.0587
2021-02-25,15097.349609375,22.889999389648438,36548.57421875,24872.44921875,12141.7001953125,10497.9501953125,188.08,-746.57,0.9927
2021-02-26,14529.150390625,28.139999389648438,34803.1953125,24301.44921875,11927.900390625,10169.900390625,-8295.17,1499.7,0.7337
2021-03-02,14919.099609375,23.610000610351562,35419.2890625,25301.849609375,12257.2998046875,10744.0498046875,2520.92,-399.74,0.8816
2021-03-03,15245.599609375,22.09000015258789,36367.62890625,25772.650390625,12379.599609375,10673.099609375,2088.7,392.91,1.1057
2021-03-05,14938.099609375,25.559999465942383,35227.73828125,25229.599609375,12192.75,10524.400390625,-2289.46,552.92,0.8187
2021-03-08,14956.2001953125,24.68000030517578,35275.33984375,25347.94921875,12239.849609375,10507.349609375,2116.6,-298.54,0.8022
2021-03-09,15098.400390625,22.5,35865.23046875,25582.349609375,12133.849609375,10464.25,768.58,668.6,0.8672
2021-03-12,15030.9501953125,21.709999084472656,35496.234375,25888.25,12184.25,10383.900390625,-3356.17,1648.79,0.7641
2021-03-15,14929.5,21.229999542236328,35182.140625,26032.05078125,12024.5,10335.099609375,-1101.35,-749.71,0.7339
2021-03-16,14910.4501953125,20.190000534057617,34804.1953125,26363.849609375,12013.0,10350.7998046875,1692.31,-1168.59,0.7
2021-03-17,14721.2998046875,20.15999984741211,34228.8515625,26183.5,11787.5,10159.099609375,2625.82,-562.15,0.6541
2021-03-18,14557.849609375,20.079999923706055,33856.40625,25373.349609375,11514.4501953125,10143.9501953125,1258.47,-1116.17,0.7775
2021-03-19,14744.0,19.989999771118164,34161.203125,25562.75,11667.099609375,10186.5,1418.43,559.62,0.8684
2021-03-22,14736.400390625,20.489999771118164,33603.05859375,26035.349609375,11850.75,10140.4501953125,-786.98,542.7,0.8119
2021-03-23,14814.75,20.670000076293945,34184.0,26105.69921875,11907.2001953125,10187.650390625,-108.24,-529.69,0.9357
2021-03-24,14549.400390625,22.459999084472656,33292.86328125,25802.94921875,11916.2998046875,9925.25,-1951.9,612.8,0.768
2021-03-25,14324.900390625,22.700000762939453,33006.06640625,25237.099609375,11816.7998046875,9651.349609375,-3383.6,2267.69,0.9623
2021-03-26,14507.2998046875,20.649999618530273,33317.8125,25385.099609375,11883.2001953125,9771.5,-50.13,1703.14,0.9634
2021-03-30,14845.099609375,20.489999771118164,33874.70703125,26121.099609375,12206.599609375,9865.0,769.47,2181.01,1.087
2021-03-31,14690.7001953125,20.649999618530273,33303.51171875,25855.0,12272.599609375,9862.4501953125,-1685.91,2081.52,0.914
2021-04-01,14867.349609375,19.989999771118164,33857.60546875,25980.400390625,12377.099609375,10022.599609375,1843.22,-715.21,1.0038
2021-04-05,14637.7998046875,21.219999313354492,32678.470703125,26491.400390625,12331.5,9768.0498046875,-1772.37,987.34,0.7976
2021-04-06,14683.5,20.84000015258789,32500.97265625,26532.19921875,12548.599609375,9781.349609375,1499.37,-1175.01,0.8264
2021-04-08,14873.7998046875,20.309999465942383,32782.46875,27148.400390625,12611.7001953125,9959.349609375,2828.57,-411.36,0.9549
2021-04-13,14504.7998046875,20.459999084472656,31771.23046875,25851.30078125,12807.5,9818.2998046875,-730.81,243.8,0.9236
2021-04-15,14581.4501953125,20.889999389648438,32112.4765625,26010.849609375,12987.0498046875,9691.4501953125,979.7,-526.63,0.9408
2021-04-16,14617.849609375,20.399999618530273,31977.078125,26324.900390625,13234.25,9808.9501953125,437.51,657.55,0.9529
2021-04-19,14359.4501953125,22.489999771118164,31208.037109375,26236.900390625,13256.25,9532.150390625,-1633.7,2355.56,0.9153
2021-04-20,14296.400390625,22.43000030517578,31112.337890625,25877.599609375,13426.900390625,9630.7001953125,-1082.33,1323.01,0.8322
2021-04-22,14406.150390625,23.030000686645508,31782.23046875,25826.69921875,13378.9501953125,9644.5498046875,-909.56,849.98,0.9411
2021-04-23,14341.349609375,22.690000534057617,31721.931640625,25609.099609375,13319.75,9596.9501953125,-1360.76,1695.59,0.9419
2021-04-26,14485.0,23.5,32274.775390625,25680.30078125,13203.849609375,9641.4501953125,-1111.89,1022.57,1.0281
2021-04-27,14653.0498046875,23.079999923706055,32734.96875,25815.75,13296.75,9708.2001953125,-1454.75,1463.44,1.1366
2021-04-28,14864.5498046875,22.579999923706055,33722.41015625,25962.099609375,13252.9501953125,9871.5,766.02,436.2,1.2534
2021-04-29,14894.900390625,23.309999465942383,33714.109375,25874.30078125,13298.650390625,9773.7001953125,809.37,-942.35,1.1501
2021-04-30,14631.099609375,23.030000686645508,32781.41796875,25664.44921875,13469.25,9640.849609375,-3465.07,1419.31,0.8845
2021-05-03,14634.150390625,23.690000534057617,32465.373046875,25676.05078125,13507.4501953125,9662.9501953125,-2014.16,-1191.19,0.8846
2021-05-04,14496.5,23.010000228881836,32269.974609375,25489.0,13234.75,9577.7001953125,-931.66,75.48,0.7977
2021-05-07,14823.150390625,20.81999969482422,32904.1171875,26269.44921875,13747.099609375,9819.4501953125,-338.43,645.59,0.9714
2021-05-10,14942.349609375,20.229999542236328,33142.01171875,26273.44921875,14131.849609375,9973.0498046875,-1915.08,1868.23,0.9851
2021-05-14,14677.7998046875,20.270000457763672,32169.177734375,25588.19921875,13885.5,9810.4501953125,-2607.85,613.26,0.7886
2021-05-17,14923.150390625,19.610000610351562,33458.859375,25703.55078125,13858.7001953125,10001.7001953125,-2255.84,1948.48,1.0542
2021-05-18,15108.099609375,19.239999771118164,33922.00390625,25958.25,13832.400390625,10324.0,618.49,449.52,1.0268
2021-05-19,15030.150390625,19.31999969482422,33684.80859375,25982.80078125,14001.349609375,10249.099609375,-697.75,-852.52,0.9151
2021-05-21,15175.2998046875,19.079999923706055,34606.49609375,26105.30078125,13993.7001953125,10312.400390625,510.16,649.1,0.956
2021-05-24,15197.7001953125,19.1299991607666,34943.1953125,26144.19921875,14034.650390625,10315.75,585.36,-707.69,0.9189
2021-05-26,15301.4501953125,20.8700008392334,34683.796875,26857.349609375,14127.25,10437.7998046875,241.6,-438.59,0.9499
2021-05-27,15337.849609375,19.90999984741211,35094.64453125,27164.80078125,14100.0498046875,10486.0,-660.9,112.38,0.9828
2021-05-28,15435.650390625,17.399999618530273,35141.0390625,27122.80078125,13934.099609375,10510.25,913.59,1275.22,0.9204
2021-06-01,15574.849609375,17.389999389648438,35336.7890625,27144.400390625,14058.0498046875,10457.849609375,-483.64,-380.41,0.8855
2021-06-04,15670.25,15.9399995803833,35291.23828125,26996.75,14101.5498046875,10735.75,-1092.75,416.59,0.8372
2021-06-07,15751.650390625,15.569999694824219,35443.23828125,27295.650390625,14069.0,10806.5498046875,-543.3,521.3,0.8481
2021-06-08,15740.099609375,15.229999542236328,35084.89453125,27623.80078125,14189.849609375,10873.900390625,-69.37,-631.0,0.7943
2021-06-09,15635.349609375,14.75,34800.09375,27539.0,14118.900390625,10734.400390625,-589.36,547.31,0.7152
2021-06-10,15737.75,15.0,35130.7890625,27798.0,14313.900390625,10722.7001953125,-802.81,-998.69,0.8576
2021-06-14,15811.849609375,14.720000267028809,34950.1953125,28314.099609375,14449.599609375,10753.099609375,-503.51,544.26,0.8228
2021-06-15,15869.25,14.609999656677246,35247.33984375,28377.849609375,14322.650390625,10754.400390625,633.69,-649.29,0.8724
2021-06-16,15767.5498046875,14.869999885559082,35003.09375,28448.849609375,14215.7001953125,10669.4501953125,-870.29,-874.2,0.7502
2021-06-17,15691.400390625,15.289999961853027,34604.99609375,28611.349609375,14081.599609375,10523.0,-879.73,45.24,0.7625
2021-06-18,15683.349609375,14.800000190734863,34557.59765625,28445.599609375,14030.599609375,10443.75,2680.57,446.2,0.7863
2021-06-21,15746.5,15.0600004196167,34870.89453125,28367.0,14082.9501953125,10401.150390625,-1244.71,138.09,0.8847
2021-06-22,15772.75,14.739999771118164,34744.59765625,28523.55078125,14095.0,10540.4501953125,-1027.94,302.45,0.7899
2021-06-23,15686.9501953125,15.369999885559082,34573.59765625,28258.5,14018.0498046875,10588.5,3156.53,1317.2,0.7584
2021-06-24,15790.4501953125,15.100000381469727,34826.59375,29048.0,13967.9501953125,10618.4501953125,-2890.94,1138.76,0.9624
2021-06-25,15860.349609375,13.369999885559082,35364.23828125,29210.55078125,14069.599609375,10706.7998046875,-678.84,1832.76,0.9968
2021-06-28,15814.7001953125,13.399999618530273,35359.0390625,29068.55078125,14247.599609375,10709.900390625,-1658.72,1277.08,0.8537
2021-06-29,15748.4501953125,13.0,35009.89453125,28986.25,14330.2001953125,10612.25,116.63,1810.05,0.7497
2021-06-30,15721.5,13.050000190734863,34771.796875,29168.0,14308.900390625,10600.349609375,-1646.66,1520.18,0.7401
2021-07-01,15680.0,12.84000015258789,34683.59765625,29003.099609375,14442.4501953125,10687.7001953125,382.3,-989.5,0.833
2021-07-06,15818.25,12.279999732971191,35578.734375,28649.400390625,14406.9501953125,10559.7001953125,-186.46,983.97,0.9572
2021-07-07,15879.650390625,12.210000038146973,35770.88671875,28734.650390625,14453.2001953125,10552.5,532.94,-231.8,1.0296
2021-07-09,15689.7998046875,12.9399995803833,35071.54296875,28662.19921875,14360.2001953125,10420.2998046875,-145.45,-136.57,0.7808
2021-07-12,15692.599609375,12.989999771118164,35198.48828125,28532.349609375,14372.2001953125,10438.2001953125,-2584.97,2605.81,0.7418
2021-07-13,15812.349609375,12.619999885559082,35672.984375,28439.75,14460.0498046875,10497.7998046875,113.83,344.19,0.9221
2021-07-14,15853.9501953125,12.59000015258789,35667.8359375,29339.849609375,14507.0,10467.900390625,-1303.95,1335.91,0.9554
2021-07-15,15924.2001953125,12.270000457763672,35907.23046875,29718.05078125,14467.4501953125,10426.0,-264.77,439.41,0.9183
2021-07-16,15923.400390625,11.710000038146973,35751.38671875,29400.25,14635.0498046875,10428.4501953125,-466.3,666.07,0.8578
2021-07-19,15752.400390625,12.680000305175781,35078.79296875,29264.0,14669.900390625,10310.900390625,-2198.71,1047.66,0.7091
2021-07-20,15632.099609375,13.210000038146973,34415.05078125,29252.5,14479.2001953125,10222.2001953125,-2834.96,873.14,0.6497
2021-07-22,15824.0498046875,11.890000343322754,34676.8984375,29779.94921875,14575.400390625,10235.7998046875,-247.59,942.55,0.7844
2021-07-23,15856.0498046875,11.760000228881836,35033.9921875,29894.30078125,14597.849609375,10201.349609375,-163.31,2187.8,0.8557
2021-07-26,15824.4501953125,12.449999809265137,34949.29296875,29940.400390625,14652.5498046875,10137.9501953125,-2376.79,1551.27,0.8608
2021-07-27,15746.4501953125,13.229999542236328,34797.04296875,29892.55078125,14018.650390625,10094.349609375,-1459.08,729.96,0.7575
2021-07-28,15709.400390625,13.6899995803833,34532.49609375,29954.150390625,13964.75,10000.400390625,-2274.77,921.45,0.7526
2021-07-29,15778.4501953125,12.949999809265137,34691.09765625,30371.400390625,13920.349609375,9956.650390625,-866.26,2046.96,0.9305
2021-07-30,15763.0498046875,12.800000190734863,34583.94921875,30480.05078125,14425.2998046875,10048.5,-3848.31,2956.68,0.8887
2021-08-02,15885.150390625,12.8100004196167,34709.59765625,30803.05078125,14474.9501953125,10183.4501953125,1876.6,-504.86,0.9425
2021-08-03,16130.75,13.75,35207.0390625,31165.849609375,14647.849609375,10342.599609375,-1494.49,483.62,1.2295
2021-08-04,16258.7998046875,13.210000038146973,36027.6328125,30977.150390625,14594.349609375,10246.7998046875,110.85,552.78,1.2057
2021-08-06,16238.2001953125,12.609999656677246,35808.83203125,31303.30078125,14517.5,10249.5,1422.71,-1626.98,0.9684
2021-08-09,16258.25,12.609999656677246,36028.53125,31441.0,14533.4501953125,10239.0,-802.51,0.6,0.9711
2021-08-10,16280.099609375,12.710000038146973,36033.68359375,31713.400390625,14502.900390625,10158.75,-64.01,-168.19,0.9261
2021-08-11,16282.25,12.710000038146973,35805.98046875,31670.0,14291.150390625,10140.400390625,-860.65,1911.77,0.8639
2021-08-12,16364.400390625,12.369999885559082,35936.6328125,32245.099609375,14133.0498046875,10180.5498046875,-579.27,1735.5,1.0092
2021-08-13,16529.099609375,12.989999771118164,36168.9296875,32678.80078125,14049.0498046875,10178.2998046875,819.77,149.5,1.1119
2021-08-16,16563.05078125,13.460000038146973,36094.08203125,32577.94921875,13965.400390625,10088.7998046875,-1088.32,506.21,1.0836
2021-08-17,16614.599609375,13.40999984741211,35867.03125,33414.75,14041.25,10088.2998046875,-343.73,266.43,1.0487
2021-08-18,16568.849609375,12.90999984741211,35554.0859375,33448.8984375,14071.349609375,10067.9501953125,-595.32,-729.49,0.8849
2021-08-20,16450.5,14.020000457763672,35033.4453125,33351.3515625,13711.150390625,9904.7001953125,-2287.03,119.3,0.8106
2021-08-23,16496.44921875,13.6899995803833,35123.98828125,33919.80078125,13700.599609375,9759.150390625,-1363.36,1452.51,0.804
2021-08-24,16624.599609375,13.1899995803833,35711.6875,33838.3984375,13876.0498046875,9832.7998046875,-1644.91,2380.05,1.0378
2021-08-25,16634.650390625,13.5,35585.8359375,34083.94921875,13830.5,9808.650390625,-1071.83,-151.39,0.9613
2021-08-26,16636.900390625,13.539999961853027,35617.13671875,34041.1015625,13758.599609375,9763.099609375,-1974.48,1055.21,0.994
2021-08-27,16705.19921875,13.40999984741211,35627.38671875,34309.80078125,13948.7001953125,9793.849609375,-778.75,1646.19,1.0832
2021-08-30,16931.05078125,13.319999694824219,36347.2265625,34109.25,14222.5,9957.900390625,1202.81,688.85,1.2664
2021-08-31,17132.19921875,14.520000457763672,36424.1796875,34570.25,14344.75,10034.4501953125,3881.16,-1872.4,1.2544
2021-09-02,17234.150390625,14.239999771118164,36830.87109375,34680.30078125,14458.5,10022.4501953125,1300.65,-1756.24,1.0633
2021-09-03,17323.599609375,14.539999961853027,36760.72265625,34891.19921875,14485.650390625,10124.75,2801.87,1250.22,0.9677
2021-09-06,17377.80078125,15.109999656677246,36591.92578125,35415.1015625,14481.5498046875,10167.25,-846.37,-271.7,0.8917
2021-09-07,17362.099609375,14.899999618530273,36468.375,34951.30078125,14387.349609375,10152.7001953125,-1124.65,106.55,0.8634
2021-09-08,17353.5,14.40999984741211,36767.7734375,34678.19921875,14349.4501953125,10100.400390625,211.91,-716.15,0.9326
2021-09-09,17369.25,13.9399995803833,36682.7734375,34802.30078125,14329.849609375,10112.599609375,423.44,704.21,0.9694
2021-09-13,17355.30078125,14.029999732971191,36471.375,35129.6015625,14377.0498046875,10120.150390625,1419.31,-559.59,0.9145
2021-09-14,17380.0,13.579999923706055,36612.625,35431.5,14410.9501953125,10209.599609375,1649.6,-310.31,0.8811
2021-09-15,17519.44921875,13.729999542236328,36851.8203125,36075.19921875,14487.900390625,10297.0,232.84,167.67,1.0285
2021-09-16,17629.5,14.40999984741211,37668.1640625,35852.44921875,14491.349609375,10351.4501953125,1621.88,-795.13,1.0139
2021-09-17,17585.150390625,15.229999542236328,37811.5078125,35646.5,14355.150390625,10351.4501953125,1552.59,-1398.55,0.8891
2021-09-20,17396.900390625,17.489999771118164,37145.265625,35400.05078125,14097.25,10202.650390625,92.54,-1626.58,0.7509
2021-09-21,17562.0,16.520000457763672,37235.41796875,36086.05078125,14278.9501953125,10155.9501953125,1041.92,2167.62,0.8234
2021-09-22,17546.650390625,16.489999771118164,36944.21875,36422.44921875,14334.25,10284.599609375,-1943.26,1850.02,0.8063
2021-09-23,17822.94921875,16.600000381469727,37771.26171875,36816.8984375,14380.5,10372.9501953125,357.93,1173.09,0.9762
2021-09-24,17853.19921875,16.920000076293945,37829.859375,37103.25,14289.150390625,10429.0498046875,442.49,-515.85,0.9118
2021-09-27,17855.099609375,18.049999237060547,38170.8046875,36034.3984375,14156.7001953125,10765.150390625,-594.63,1397.69,0.9055
2021-09-28,17748.599609375,18.540000915527344,37944.55859375,35239.94921875,14171.599609375,10695.9501953125,-1957.7,161.45,0.7947
2021-09-29,17711.30078125,18.84000015258789,37742.5625,35282.6484375,14404.9501953125,10655.5,-1446.02,3262.16,0.8281
2021-09-30,17618.150390625,18.399999618530273,37424.66796875,35028.0,14466.5,10598.4501953125,-2225.6,97.18,0.8204
2021-10-05,17822.30078125,16.399999618530273,37740.5625,35544.30078125,14738.25,10692.0,583.69,-476.26,0.9389
2021-10-06,17646.0,17.329999923706055,37521.11328125,35075.80078125,14461.9501953125,10567.5498046875,1329.7,-575.19,0.7339
2021-10-08,17895.19921875,15.649999618530273,37774.8125,36402.0,14514.7998046875,11079.349609375,-178.51,689.0,0.8964
2021-10-11,17945.94921875,16.09000015258789,38293.35546875,35179.94921875,14615.349609375,11375.5498046875,-469.5,766.95,1.0063
2021-10-12,17991.94921875,15.850000381469727,38521.05078125,34869.75,14629.2001953125,11476.099609375,-1092.4,386.63,1.021
2021-10-13,18161.75,16.100000381469727,38635.30078125,35285.6015625,14679.400390625,11870.0,937.31,-431.72,1.0595
2021-10-14,18338.55078125,15.770000457763672,39340.44140625,35744.8515625,14728.650390625,11800.2998046875,1681.6,-1750.59,0.983
2021-10-18,18477.05078125,17.18000030517578,39684.33984375,36306.3515625,14598.2001953125,11814.7998046875,512.44,-1703.87,0.9852
2021-10-19,18418.75,17.3799991607666,39540.0390625,37106.3515625,14384.349609375,11626.849609375,-505.79,-2578.22,0.8823
2021-10-20,18266.599609375,18.309999465942383,39517.73828125,36846.80078125,14177.349609375,11493.2998046875,-1843.09,-1680.73,0.7686
2021-10-21,18178.099609375,18.040000915527344,40029.734375,35913.6015625,14169.9501953125,11557.400390625,-2818.9,428.45,0.7503
2021-10-22,18114.900390625,17.549999237060547,40323.1796875,35394.6484375,13949.650390625,11433.9501953125,-2697.7,1029.97,0.7245
2021-10-25,18125.400390625,17.610000610351562,41191.91796875,35005.3984375,13943.849609375,11228.2001953125,-2459.1,2390.23,0.7746
2021-10-26,18268.400390625,16.75,41237.8203125,35162.3515625,13970.650390625,11452.25,-2368.66,1385.41,0.8309
2021-10-27,18210.94921875,16.829999923706055,40873.875,35503.8984375,14094.25,11395.150390625,-1913.36,472.48,0.7361
2021-10-28,17857.25,17.90999984741211,39508.48828125,34913.6015625,13780.599609375,11260.900390625,-3818.51,836.6,0.7171
2021-10-29,17671.650390625,17.43000030517578,39115.1484375,34408.75,13879.349609375,11297.4501953125,-5142.63,4342.51,0.6511
2021-11-01,17929.650390625,17.239999771118164,39763.2890625,35290.0,14049.4501953125,11421.0,3138.9,-2610.13,0.7805
2021-11-02,17888.94921875,17.059999465942383,39937.984375,35177.3515625,13993.2001953125,11521.25,944.36,-707.68,0.7091
2021-11-08,18068.55078125,16.34000015258789,39437.79296875,35782.3515625,13851.25,11645.75,238.14,206.28,0.811
2021-11-10,18017.19921875,16.309999465942383,39022.796875,35722.94921875,13911.2998046875,11829.150390625,-1303.22,-373.28,0.704
2021-11-11,17873.599609375,16.350000381469727,38559.75,35583.6484375,13717.7998046875,11690.150390625,-1637.46,445.76,0.6958
2021-11-15,18109.44921875,15.470000267028809,38701.90234375,36465.30078125,13974.349609375,11687.650390625,424.74,1524.67,0.7018
2021-11-16,17999.19921875,15.199999809265137,38306.65625,36643.8984375,13798.7998046875,11977.2998046875,-560.67,577.34,0.6496
2021-11-17,17898.650390625,14.979999542236328,38041.109375,36660.8984375,13621.900390625,12061.7998046875,-344.35,-61.14,0.6341
2021-11-18,17764.80078125,14.859999656677246,37975.80859375,36007.0,13481.400390625,11747.4501953125,-3930.62,1885.66,0.6535
2021-11-22,17416.55078125,17.520000457763672,37128.37109375,35478.94921875,13245.349609375,11379.75,-3438.76,2051.18,0.5604
2021-11-23,17503.349609375,18.020000457763672,37272.3671875,35504.3984375,13489.9501953125,11455.7001953125,-4477.06,1412.05,0.6916
2021-11-24,17415.05078125,17.100000381469727,37441.515625,34966.25,13408.099609375,11308.849609375,-5122.65,3809.62,0.7024
2021-11-25,17536.25,16.65999984741211,37364.31640625,35300.25,13566.5,11247.75,-2300.65,1367.8,0.974
2021-11-26,17026.44921875,20.799999237060547,36025.08203125,34606.1484375,13797.099609375,10759.599609375,-5785.83,2294.11,0.6463
2021-11-29,17053.94921875,20.829999923706055,35976.03125,34870.75,13648.7998046875,10704.150390625,-3332.21,4611.41,0.7417
2021-11-30,16983.19921875,21.170000076293945,35694.88671875,35043.75,13662.7998046875,10603.5498046875,-5445.25,5350.23,0.7421
2021-12-01,17166.900390625,19.450000762939453,36364.4765625,35429.0,13442.099609375,10758.150390625,571.47,-1334.5,0.9045
2021-12-02,17401.650390625,18.09000015258789,36507.82421875,36157.8515625,13557.0,10873.150390625,-37.33,-597.62,1.0191
2021-12-03,17196.69921875,18.450000762939453,36196.7265625,35848.05078125,13443.849609375,10788.75,-942.6,-163.87,0.767
2021-12-07,17176.69921875,18.459999084472656,36617.97265625,35272.30078125,13234.349609375,10759.0,-745.97,447.42,0.8902
2021-12-08,17469.75,17.270000457763672,37284.265625,35959.05078125,13433.849609375,11007.7001953125,-212.11,307.75,1.0685
2021-12-10,17511.30078125,16.059999465942383,37105.21875,35939.6015625,13446.099609375,11080.0498046875,-278.32,-741.22,0.9507
2021-12-13,17368.25,16.56999969482422,36924.8203125,36050.55078125,13432.900390625,11047.150390625,-2743.44,1351.03,0.7304
2021-12-14,17324.900390625,16.950000762939453,36893.51953125,36102.55078125,13575.900390625,10972.150390625,-763.18,425.43,0.7309
2021-12-15,17221.400390625,17.219999313354492,36789.125,35737.19921875,13512.0498046875,11026.0,-3407.04,1553.01,0.6953
2021-12-16,17248.400390625,15.899999618530273,36548.22265625,36160.30078125,13393.650390625,10945.75,-1468.71,1533.15,0.7455
2021-12-17,16985.19921875,16.34000015258789,35618.234375,36647.8984375,13230.7001953125,10678.650390625,-2069.9,1478.52,0.6391
2021-12-20,16614.19921875,18.969999313354492,34439.453125,35916.44921875,13184.4501953125,10405.2998046875,-3565.36,2764.02,0.5956
2021-12-21,16770.849609375,17.540000915527344,34607.44921875,36627.1484375,13282.849609375,10483.900390625,-1209.82,1404.89,0.6989
2021-12-22,16955.44921875,16.579999923706055,35029.09375,36989.1484375,13547.7001953125,10652.5498046875,-827.26,1593.41,0.8228
2021-12-23,17072.599609375,15.829999923706055,35190.73828125,37362.8515625,13644.5,10731.0498046875,-271.59,1196.48,0.7981
2021-12-24,17003.75,16.149999618530273,34856.64453125,37727.80078125,13491.25,10620.75,-715.0,-43.24,0.7897
2021-12-27,17086.25,17.1200008392334,35057.4921875,37988.5,13710.150390625,10641.650390625,-1038.25,955.79,0.9802
2021-12-28,17233.25,16.479999542236328,35183.390625,38357.80078125,13836.150390625,10783.849609375,207.31,567.47,0.9943
2021-12-29,17213.599609375,16.239999771118164,35044.9921875,38274.6484375,14072.900390625,10829.5498046875,-975.23,1006.93,0.8876
2021-12-30,17203.94921875,16.56999969482422,35063.1953125,38658.80078125,14135.5,10755.650390625,-986.32,577.74,1.0171
2021-12-31,17354.05078125,16.219999313354492,35481.28515625,38701.05078125,14223.0,10936.900390625,575.39,1165.62,1.106
2022-01-04,17805.25,16.1200008392334,36839.71875,39370.69921875,14040.650390625,11139.400390625,1909.78,-183.79,1.2782
2022-01-06,17745.900390625,17.979999542236328,37489.8125,38009.0,13912.25,11316.599609375,-1930.16,984.11,0.987
2022-01-07,17812.69921875,17.600000381469727,37739.1640625,38139.8515625,13857.9501953125,11290.900390625,-2324.74,1310.71,0.9383
2022-01-13,18257.80078125,16.700000762939453,38469.50390625,38607.0,14051.150390625,11686.150390625,-1390.85,1065.32,0.9553
2022-01-14,18255.75,16.559999465942383,38369.953125,38826.8515625,13964.150390625,11643.0498046875,-1598.2,371.41,0.9191
2022-01-17,18308.099609375,16.770000457763672,38215.703125,38804.94921875,13862.4501953125,11881.25,-855.47,-115.31,0.8885
2022-01-18,18113.05078125,17.780000686645508,38209.85546875,38091.75,13697.599609375,11598.75,-1254.95,-220.2,0.7685
2022-01-19,17938.400390625,17.81999969482422,38040.91015625,37281.69921875,13682.7001953125,11681.400390625,-2704.77,-195.07,0.6862
2022-01-20,17757.0,17.790000915527344,37850.41015625,36662.19921875,13454.900390625,11583.2001953125,-4679.84,769.26,0.7177
2022-01-21,17617.150390625,18.889999389648438,37573.86328125,36054.6015625,13243.0498046875,11561.75,-3148.58,269.36,0.6998
2022-01-24,17149.099609375,22.829999923706055,36947.12109375,34821.6015625,12998.599609375,11261.2001953125,-3751.58,74.88,0.569
2022-01-25,17277.94921875,21.360000610351562,37706.3125,34707.44921875,13092.099609375,11522.75,-7094.48,4534.53,0.7849
2022-01-27,17110.150390625,21.06999969482422,37981.66015625,33475.05078125,12847.900390625,11561.599609375,-6266.75,2881.32,0.8902
2022-01-28,17101.94921875,20.700000762939453,37688.9609375,33851.94921875,12983.0498046875,11493.400390625,-5045.34,3358.67,0.7551
2022-01-31,17339.849609375,21.950000762939453,37974.91015625,34824.55078125,13179.900390625,11703.5,-3624.48,3648.65,0.745
2022-02-02,17780.0,18.649999618530273,39330.04296875,35788.75,13643.650390625,11632.400390625,-183.6,425.96,0.9849
2022-02-03,17560.19921875,19.15999984741211,39009.546875,35056.80078125,13617.599609375,11683.400390625,-4338.94,3061.7,0.7865
2022-02-08,17266.75,19.68000030517578,38028.0078125,34521.55078125,13444.7001953125,11429.7998046875,825.18,117.79,0.6484
2022-02-14,16842.80078125,22.979999542236328,36908.12109375,33880.6484375,13252.150390625,11107.150390625,-4253.7,2170.29,0.6323
2022-02-15,17352.44921875,20.610000610351562,38169.65625,34913.30078125,13356.900390625,11552.2998046875,-2298.76,4411.6,0.8353
2022-02-16,17322.19921875,20.59000015258789,37953.359375,34801.94921875,13425.099609375,11509.7001953125,-1890.96,1180.14,0.7765
2022-02-17,17304.599609375,22.010000228881836,37531.2109375,34634.1015625,13324.400390625,11492.849609375,-1242.1,901.1,0.7727
2022-02-18,17276.30078125,22.170000076293945,37598.7109375,34483.1015625,13208.7998046875,11420.4501953125,-2529.96,1929.08,0.8117
2022-02-21,17206.650390625,22.899999618530273,37685.1640625,34472.05078125,13029.900390625,11361.599609375,-2261.9,2392.85,0.8493
2022-02-22,17092.19921875,26.65999984741211,37371.21484375,34129.55078125,12954.5,11343.0498046875,-3245.52,4108.58,0.8173
2022-02-23,17063.25,24.540000915527344,37391.6171875,34114.30078125,12976.2998046875,11318.7001953125,-3417.16,3024.37,0.7625
2022-02-24,16247.9501953125,31.979999542236328,35227.69140625,32547.900390625,12500.099609375,10609.7998046875,-6448.24,7667.75,0.8141
2022-02-25,16658.400390625,26.739999771118164,36430.328125,33476.94921875,12899.849609375,10895.2998046875,-4470.7,4318.24,0.8882
2022-02-28,16793.900390625,28.56999969482422,36204.87890625,33847.8515625,12927.599609375,10820.5498046875,-3948.47,4142.82,0.9199
2022-03-02,16605.94921875,29.229999542236328,35372.390625,33720.0,12689.5498046875,10500.4501953125,-1597.54,-370.58,0.7258
2022-03-03,16498.05078125,28.15999984741211,34943.89453125,34130.30078125,12643.75,10261.099609375,-6644.65,4799.24,0.811
2022-03-08,16013.4501953125,28.59000015258789,33157.71484375,35055.55078125,12844.849609375,9560.0,765.17,-518.42,0.6443
2022-03-14,16871.30078125,25.68000030517578,35311.73828125,36028.0,13351.900390625,10074.2998046875,-176.52,1098.62,0.9207
2022-03-15,16663.0,26.729999542236328,35022.2421875,35097.8515625,13318.849609375,10131.2998046875,-1249.74,98.25,0.7733
2022-03-16,16975.349609375,24.1200008392334,35747.8359375,35729.6484375,13374.5,10350.099609375,311.99,772.55,0.899
2022-03-17,17287.05078125,22.610000610351562,36428.12890625,35643.6015625,13546.0498046875,10576.0,2800.14,-678.45,0.9617
2022-03-21,17117.599609375,24.6200008392334,36018.08203125,35377.75,13549.5498046875,10448.400390625,-2962.12,252.91,0.74
2022-03-22,17315.5,24.06999969482422,36348.12890625,36070.44921875,13513.150390625,10572.900390625,384.48,-602.05,0.8469
2022-03-23,17245.650390625,24.75,36146.9296875,36082.0,13569.650390625,10463.4501953125,481.33,-294.23,0.7004
2022-03-24,17222.75,23.93000030517578,35526.6875,36516.75,13724.5,10412.400390625,-1740.71,2091.07,0.7864
2022-03-25,17153.0,23.43000030517578,35409.69140625,36152.30078125,13607.0498046875,10354.150390625,-1507.37,1373.02,0.7529
2022-03-28,17222.0,22.610000610351562,35710.0859375,36026.05078125,13562.25,10421.599609375,-801.41,1161.7,0.7854
2022-03-29,17325.30078125,21.299999237060547,35846.98046875,36146.75,13771.400390625,10416.25,35.47,1713.31,0.8616
2022-03-30,17498.25,20.610000610351562,36333.87890625,36463.55078125,13745.599609375,10542.150390625,1357.47,1216.0,0.9888
2022-03-31,17464.75,20.559999465942383,36373.1796875,36317.19921875,13584.099609375,10552.099609375,3088.73,1145.28,0.8878
2022-04-01,17670.44921875,18.43000030517578,37148.06640625,36343.3984375,13579.900390625,10676.849609375,1273.86,532.97,1.0967
2022-04-04,18053.400390625,17.90999984741211,38634.75,36442.8984375,13789.25,10803.849609375,1152.21,1675.01,1.1964
2022-04-05,17957.400390625,18.489999771118164,38067.45703125,36466.55078125,13809.25,10936.5,-3288.18,1338.0,0.9005
2022-04-07,17639.55078125,19.0,37556.9140625,35423.25,13815.0,10820.7001953125,-2149.56,1688.39,0.7418
2022-04-08,17784.349609375,17.690000534057617,37751.61328125,35394.44921875,13838.599609375,10894.2998046875,1474.77,-46.79,0.8101
2022-04-13,17475.650390625,17.790000915527344,37462.96484375,34354.80078125,13772.75,10698.2998046875,-2061.04,1410.85,0.7238
2022-04-18,17173.650390625,19.34000015258789,36728.57421875,32780.05078125,13717.2998046875,10745.75,-6387.45,3341.96,0.6203
2022-04-19,16958.650390625,19.770000457763672,36341.1796875,31804.19921875,13522.4501953125,10615.150390625,-5871.69,3980.81,0.5678
2022-04-20,17136.55078125,18.670000076293945,36314.4765625,32173.400390625,13660.650390625,10848.7001953125,-3009.26,2645.82,0.657
2022-04-21,17392.599609375,17.850000381469727,36815.671875,32611.599609375,13821.2998046875,11090.5498046875,-713.69,2823.43,0.7861
2022-04-22,17171.94921875,18.350000381469727,36044.33203125,32426.69921875,13569.849609375,11028.150390625,-2461.72,1602.35,0.6725
2022-04-25,16953.94921875,21.260000228881836,36081.93359375,31744.0,13296.75,10916.5,-3302.85,1870.45,0.7055
2022-04-26,17200.80078125,19.190000534057617,36404.37890625,31840.05078125,13444.099609375,11221.75,-1174.05,1643.84,0.7892
2022-04-27,17038.400390625,20.610000610351562,36028.43359375,31594.349609375,13358.150390625,11158.849609375,-4064.54,1917.51,0.7432
2022-04-28,17245.05078125,19.3799991607666,36421.77734375,31914.349609375,13480.0,11192.0498046875,743.22,780.94,1.03
2022-04-29,17102.55078125,19.420000076293945,36087.73046875,31622.400390625,13462.849609375,11078.099609375,-3648.3,3490.3,0.7828
2022-05-04,16677.599609375,21.8799991607666,35264.140625,30794.599609375,13108.7998046875,10661.0,374.89,105.42,0.578
2022-05-05,16682.650390625,20.290000915527344,35232.44140625,31432.44921875,13008.5,10705.7001953125,-2074.74,2229.31,0.7088
2022-05-13,15782.150390625,23.489999771118164,33120.96484375,29624.849609375,12629.5,10412.349609375,-3780.08,3169.62,0.5885
2022-05-16,15842.2998046875,24.530000686645508,33597.2109375,29403.5,12608.25,10649.099609375,-1788.93,1428.39,0.6444
2022-05-17,16259.2998046875,22.739999771118164,34301.5,30218.75,12745.9501953125,10911.150390625,-2192.44,2294.42,0.9204
2022-05-18,16240.2998046875,22.299999237060547,34163.30078125,30077.69921875,12881.5498046875,10909.4501953125,-1254.64,375.61,0.7578
2022-05-19,15809.400390625,24.559999465942383,33315.26171875,28352.150390625,12600.849609375,10618.0,-4899.92,3225.54,0.6424
2022-05-20,16266.150390625,23.100000381469727,34276.0,28789.400390625,13065.5,10914.599609375,-1265.41,2148.95,0.8612
2022-05-23,16214.7001953125,23.399999618530273,34247.203125,29079.30078125,12889.2001953125,11115.2001953125,-1951.17,1445.39,0.8219
2022-05-24,16125.150390625,25.639999389648438,34289.75,28531.5,12691.599609375,11116.2998046875,-2393.45,1948.49,0.7893
2022-05-25,16025.7998046875,25.280000686645508,34339.1015625,27566.099609375,12543.849609375,11011.5,-1803.06,2229.82,0.6941
2022-05-26,16170.150390625,22.719999313354492,35094.4921875,27932.55078125,12557.5,11097.150390625,-1597.84,2906.46,0.9884
2022-05-27,16352.4501953125,21.479999542236328,35612.88671875,28641.599609375,12669.9501953125,11270.25,-1943.1,2727.47,1.0381
2022-05-30,16661.400390625,19.979999542236328,35826.53125,29753.30078125,12671.150390625,11491.400390625,502.08,1524.49,1.0504
2022-05-31,16584.55078125,20.479999542236328,35486.984375,29679.05078125,12604.4501953125,11586.599609375,-1003.56,1845.15,0.9025
2022-06-01,16522.75,20.850000381469727,35620.38671875,29260.75,12443.75,11563.0,-1926.77,800.91,0.8212
2022-06-06,16569.55078125,20.200000762939453,35309.7890625,29819.80078125,12412.400390625,11303.150390625,-2397.65,1940.0,0.7842
2022-06-07,16416.349609375,20.43000030517578,34995.59375,29351.69921875,12279.650390625,11362.2001953125,-330.13,1464.33,0.6894
2022-06-13,15774.400390625,22.3700008392334,33405.46484375,27914.599609375,12191.849609375,11165.650390625,-4164.01,2814.5,0.6272
2022-06-14,15732.099609375,21.889999389648438,33310.96484375,27953.349609375,12218.5,11104.150390625,-4502.25,3807.6,0.6418
2022-06-15,15692.150390625,22.149999618530273,33338.61328125,27812.44921875,12261.349609375,11206.75,-3531.15,2588.0,0.6816
2022-06-16,15360.599609375,22.8700008392334,32616.720703125,27136.44921875,12066.650390625,10956.599609375,-3257.65,1929.14,0.6355
2022-06-17,15293.5,22.760000228881836,32742.669921875,26732.44921875,11803.9501953125,10830.900390625,-7818.61,6086.92,0.6748
2022-06-20,15350.150390625,22.40999984741211,32684.419921875,26966.19921875,11847.900390625,10754.7001953125,-1217.12,2093.39,0.7061
2022-06-21,15638.7998046875,21.139999389648438,33191.36328125,27810.650390625,12098.349609375,10974.2001953125,-2701.21,3066.41,0.8986
2022-06-22,15413.2998046875,21.299999237060547,32844.91796875,27488.400390625,11939.0498046875,10881.400390625,-2920.61,1859.07,0.7454
2022-06-23,15556.650390625,20.8799991607666,33134.61328125,28027.80078125,12127.2001953125,11359.5,-2319.06,2438.31,0.7917
2022-06-24,15699.25,20.549999237060547,33627.05859375,27777.80078125,12178.400390625,11583.25,-2353.77,2213.44,0.8614
2022-06-27,15832.0498046875,21.010000228881836,33810.85546875,28345.94921875,12221.5498046875,11686.0498046875,-1278.42,1184.47,0.8531
2022-06-28,15850.2001953125,21.450000762939453,33642.05859375,28509.099609375,12214.5498046875,11832.5498046875,-1244.44,1205.63,0.8334
2022-06-29,15799.099609375,21.899999618530273,33269.51171875,28140.099609375,12210.9501953125,11850.5,-851.06,847.46,0.8509
2022-06-30,15780.25,21.84000015258789,33424.71484375,27843.349609375,12159.349609375,11701.150390625,-1138.05,1378.2,0.9878
2022-07-01,15752.0498046875,21.25,33539.05859375,28064.25,12260.900390625,11711.9501953125,496.27,-115.66,1.0134
2022-07-04,15835.349609375,20.969999313354492,33940.50390625,27890.650390625,12218.2001953125,11692.099609375,-5009.62,1774.7,1.0233
2022-07-06,15989.7998046875,20.270000457763672,34323.8515625,28007.599609375,12331.150390625,11952.2001953125,-2293.98,1311.14,1.1817
2022-07-07,16132.900390625,19.200000762939453,34919.89453125,28196.349609375,12389.7001953125,12114.099609375,-925.22,980.59,1.0314
2022-07-13,15966.650390625,18.520000457763672,34827.39453125,26949.75,12622.2998046875,12099.349609375,-2839.52,1799.22,0.7287
2022-07-14,15938.650390625,18.34000015258789,34650.796875,26523.30078125,12721.0,12115.2998046875,309.06,-556.4,0.8462
2022-07-15,16049.2001953125,17.600000381469727,34682.24609375,26484.75,12732.0,12361.650390625,-1649.36,1059.46,0.9152
2022-07-18,16278.5,17.15999984741211,35358.2890625,27322.94921875,12713.4501953125,12408.7001953125,156.08,844.33,1.0834
2022-07-19,16340.5498046875,17.200000762939453,35719.9375,27346.150390625,12682.2001953125,12538.900390625,976.4,-100.73,1.1563
2022-07-20,16520.849609375,16.81999969482422,35971.68359375,28146.349609375,12711.5,12511.2998046875,1780.94,-230.22,1.1179
2022-07-21,16605.25,16.860000610351562,36200.578125,28342.900390625,12651.75,12581.349609375,1799.32,-312.29,1.0505
2022-07-22,16719.44921875,16.649999618530273,36738.5234375,28168.150390625,12617.5498046875,12634.2001953125,-675.45,739.38,1.1037
2022-07-25,16631.0,17.68000030517578,36725.97265625,28216.0,12488.7998046875,12423.7001953125,-844.78,-72.26,0.9887
2022-07-26,16483.849609375,18.170000076293945,36408.078125,27418.849609375,12341.900390625,12276.5,-1548.29,999.36,0.8635
2022-07-27,16641.80078125,18.1299991607666,36783.32421875,27878.80078125,12628.9501953125,12326.349609375,-436.81,712.03,1.0872
2022-07-28,16929.599609375,17.010000228881836,37377.71484375,28663.05078125,12660.650390625,12383.7001953125,1637.69,600.29,1.1385
2022-07-29,17158.25,16.549999237060547,37490.9609375,29152.30078125,12776.5498046875,12543.2001953125,1046.32,-0.91,1.0715
2022-08-02,17345.44921875,18.530000686645508,38023.55859375,29024.650390625,12780.400390625,13023.650390625,-1967.89,1115.0,1.1621
2022-08-03,17388.150390625,18.450000762939453,37988.80859375,29416.94921875,12682.0,12919.400390625,-8142.6,6489.59,1.0459
2022-08-04,17382.0,19.260000228881836,37755.11328125,29782.900390625,12982.349609375,12945.7001953125,-575.04,-16.51,0.9012
2022-08-08,17525.099609375,19.299999237060547,38236.953125,29967.69921875,12940.25,12927.9501953125,1449.7,-140.73,1.0822
2022-08-16,17825.25,17.68000030517578,39239.19140625,29909.0,12933.849609375,13250.0,1376.84,-136.24,1.0168
2022-08-17,17944.25,17.68000030517578,39461.2421875,30256.900390625,12979.25,13194.25,2347.22,-510.23,1.1112
2022-08-18,17956.5,17.350000381469727,39655.6875,30018.900390625,12935.75,13131.900390625,-1706.0,470.79,1.0168
2022-08-19,17758.44921875,18.290000915527344,38985.49609375,30036.099609375,12799.9501953125,12946.4501953125,1110.9,-1633.21,0.7342
2022-08-22,17490.69921875,19.040000915527344,38297.3046875,29478.900390625,12588.25,12695.75,-453.77,-85.06,0.6779
2022-08-23,17577.5,19.049999237060547,38697.19921875,28957.849609375,12683.5498046875,12925.75,563.0,-215.2,0.8423
2022-08-24,17604.94921875,18.43000030517578,39038.046875,28859.849609375,12644.0,12913.349609375,23.19,-322.34,0.9075
2022-08-25,17522.44921875,19.56999969482422,38950.296875,28608.650390625,12593.25,12877.900390625,369.06,-334.31,0.8715
2022-08-26,17558.900390625,18.219999313354492,38986.6953125,28691.599609375,12580.4501953125,12929.150390625,-51.12,453.59,0.8186
2022-08-29,17312.900390625,19.81999969482422,38276.25390625,27678.94921875,12545.75,12886.400390625,-561.22,144.08,0.8295
2022-08-30,17759.30078125,18.700000762939453,39536.2890625,28407.900390625,12699.400390625,13217.349609375,4165.86,-656.72,1.2298
2022-09-02,17539.44921875,19.549999237060547,39420.54296875,27745.80078125,12506.150390625,13220.650390625,-892.64,1793.35,0.8813
2022-09-05,17665.80078125,19.65999984741211,39805.2890625,27836.599609375,12565.5498046875,13246.099609375,-3361.8,3077.24,1.0201
2022-09-06,17655.599609375,19.520000457763672,39666.0390625,27742.80078125,12598.0,13225.2998046875,-1512.64,1624.9,0.8897
2022-10-03,16887.349609375,21.3700008392334,38029.20703125,26729.099609375,13118.9501953125,12441.0498046875,-1981.15,945.71,0.7615
2022-10-06,17331.80078125,19.31999969482422,39282.39453125,27928.75,13188.0,12784.5498046875,-3973.95,2831.07,0.8776
2022-11-01,18145.400390625,16.1299991607666,41289.0703125,29270.650390625,13492.0498046875,13416.900390625,111.91,378.74,0.9864
2022-11-02,18082.849609375,16.65999984741211,41146.171875,29138.650390625,13556.900390625,13318.25,108.53,-696.9,0.8973
2022-11-03,18052.69921875,15.9399995803833,41297.87109375,28795.75,13559.9501953125,13262.650390625,-2263.9,1686.85,1.0041
2022-11-04,18117.150390625,15.65999984741211,41257.96875,28693.05078125,13422.150390625,13271.7001953125,-1145.2,-486.5,0.9285
2022-11-07,18202.80078125,15.59000015258789,41686.21484375,28741.30078125,13230.0,13443.900390625,-170.51,-296.99,0.9508
2022-12-01,18812.5,13.359999656677246,43260.14453125,31120.5,13120.650390625,13191.75,-1001.57,1332.01,0.9824
2022-12-05,18701.05078125,13.729999542236328,43332.4453125,30891.5,13052.900390625,13007.5498046875,-5255.75,4815.64,0.8863
2022-12-07,18560.5,14.079999923706055,43098.19921875,30187.05078125,12869.7998046875,12870.650390625,-1565.68,140.71,0.725
