date,nifty_close,india_vix,nifty_bank_close,nifty_it_close,nifty_pharma_close,nifty_auto_close,fii_net,dii_net,pcr,flow_div_raw,flow_div_pct,pcr_dev_raw,pcr_dev_pct,realized_vol,vol_spread_raw,vol_spread_pct
2015-01-06,8127.35009765625,17.420000076293945,18430.53515625,10959.900390625,10637.7998046875,8248.2001953125,113.47,49.34,0.9496,64.13,,0.0,,,,
2015-01-07,8102.10009765625,18.139999389648438,18304.037109375,10916.0,10604.9501953125,8254.7001953125,75.03,52.12,0.9467,22.910000000000004,,0.0,,,,
2015-01-09,8284.5,15.960000038146973,18637.033203125,11399.650390625,10934.5498046875,8397.0,-675.32,681.93,1.0823,-1357.25,,0.0,,,,
2015-01-12,8323.0,16.110000610351562,18795.630859375,11543.650390625,10976.2001953125,8409.5498046875,-106.78,194.75,1.1427,-301.53,,0.0,,,,
2015-01-13,8299.400390625,16.479999542236328,18706.982421875,11502.7998046875,10984.2998046875,8398.7998046875,235.09,46.06,1.1145,189.03,,0.0,,,,
2015-01-14,8277.5498046875,17.25,18603.583984375,11614.2998046875,10881.5498046875,8427.7001953125,-69.74,-223.98,1.083,154.24,,0.0,,,,
2015-01-15,8494.150390625,16.15999984741211,19235.427734375,11669.849609375,10936.2998046875,8614.7001953125,1738.24,-527.27,1.1768,2265.51,,0.0,,,,
2015-01-16,8513.7998046875,17.270000457763672,19222.927734375,11659.599609375,11101.150390625,8623.599609375,1099.93,-716.91,1.2131,1816.8400000000001,,0.0,,,,
2015-01-19,8550.7001953125,17.649999618530273,19405.826171875,11642.75,11249.2998046875,8694.900390625,433.72,-237.71,1.2478,671.4300000000001,,0.0,,,,
2015-01-20,8695.599609375,17.270000457763672,19766.8203125,11695.0,11290.650390625,8760.900390625,1275.59,-761.6,1.3044,2037.19,,0.0,,,,
2015-01-22,8761.400390625,18.56999969482422,19917.41796875,11850.849609375,11509.5,8842.0,592.79,-578.53,1.3049,1171.32,,0.0,,,,
2015-01-23,8835.599609375,17.889999389648438,20072.466796875,11885.150390625,11581.099609375,8983.099609375,2019.98,-1299.96,1.304,3319.94,,0.0,,,,
2015-01-27,8910.5,18.09000015258789,20555.01171875,11693.4501953125,11583.25,9099.599609375,953.51,-783.34,1.3706,1736.85,,0.0,,,,
2015-01-28,8914.2998046875,19.770000457763672,20491.51171875,11809.5498046875,11577.75,9043.150390625,1723.17,-1292.7,1.326,3015.87,,0.0,,,,
2015-01-29,8952.349609375,19.43000030517578,20528.361328125,11824.150390625,11752.0498046875,9049.7001953125,1723.77,-1680.09,0.9736,3403.8599999999997,,0.0,,,,
2015-01-30,8808.900390625,20.170000076293945,19843.51953125,11824.75,11693.5498046875,8930.849609375,-771.55,-37.6,0.8886,-733.9499999999999,,0.0,,,,
2015-02-02,8797.400390625,20.40999984741211,19865.669921875,11943.9501953125,11627.650390625,8976.099609375,-629.97,-224.07,0.8501,-405.90000000000003,,0.0,,,,
2015-02-03,8756.5498046875,19.809999465942383,19382.724609375,11963.900390625,11520.0,8919.7001953125,424.79,180.35,0.821,244.44000000000003,,0.0,,,,
2015-02-06,8661.0498046875,20.690000534057617,18786.48046875,12267.9501953125,11322.9501953125,8496.2998046875,-594.14,271.64,0.8244,-865.78,,0.0,,,,
2015-02-09,8526.349609375,22.020000457763672,18403.634765625,12249.2998046875,11289.400390625,8294.4501953125,-1573.42,880.27,0.832,-2453.69,,0.0,,,,
2015-02-11,8627.400390625,20.5,18940.580078125,12243.400390625,11391.7001953125,8514.150390625,-272.67,145.38,0.8345,-418.05,,0.0,,0.17631327931309326,0.028686720686906725,
2015-02-12,8711.5498046875,20.15999984741211,19128.376953125,12372.0,11598.25,8654.2998046875,60.61,-78.31,0.8525,138.92000000000002,,0.0,,0.1763051376940276,0.025294860780093492,
2015-02-13,8805.5,20.100000381469727,19369.474609375,12464.9501953125,11789.900390625,8759.0,390.26,95.82,0.9312,294.44,,0.0,,0.16449102862453102,0.03650897519016624,
2015-02-16,8809.349609375,20.829999923706055,19189.7265625,12487.2001953125,11680.25,8792.5498046875,-182.8,280.77,0.9001,-463.57,,0.0,,0.16462903569539064,0.04367096354166991,
2015-02-18,8869.099609375,20.90999984741211,19296.275390625,12632.75,11741.25,8884.849609375,2187.96,327.87,0.9191,1860.0900000000001,,0.0,,0.16376103619120946,0.04533896228291162,
2015-02-19,8895.2998046875,20.399999618530273,19188.078125,12723.7998046875,11734.5,8871.650390625,1542.7,-195.74,0.926,1738.44,,0.0,,0.16226009507929154,0.041739901106011196,
2015-02-20,8833.599609375,21.270000457763672,19073.328125,12571.9501953125,11746.5,8874.650390625,-89.41,204.85,0.8788,-294.26,,0.0,,0.1433131157462932,0.0693868888313435,
2015-02-23,8754.9501953125,21.6299991607666,18913.1796875,12531.2998046875,11640.7998046875,8804.150390625,601.91,-163.79,0.8052,765.6999999999999,,0.0,,0.14842357087111654,0.06787642073654948,
2015-02-24,8762.099609375,21.549999237060547,18883.58203125,12566.2001953125,11663.849609375,8777.7001953125,697.28,-146.98,0.8207,844.26,,0.0,,0.14802746380909607,0.0674725285615094,
2015-02-25,8767.25,20.780000686645508,18732.833984375,12633.349609375,11533.5,8781.2998046875,516.06,19.7,0.8273,496.35999999999996,,-0.9998177451960272,,0.13609720542156908,0.071702801444886,
2015-02-26,8683.849609375,20.579999923706055,18537.884765625,12458.5,11412.2998046875,8640.7001953125,2312.15,340.79,0.897,1971.3600000000001,,-0.6164354673429804,,0.1377412410864192,0.06805875815064136,
2015-02-27,8844.599609375,19.56999969482422,19074.328125,12554.9501953125,11554.7998046875,8841.7998046875,1957.1,-491.93,0.8475,2449.0299999999997,,-0.851957582906366,,0.1501442292474798,0.04555576770076239,
2015-03-02,8956.75,15.850000381469727,20007.8671875,12663.7001953125,12024.0498046875,8919.5498046875,-264.35,-137.31,0.8951,-127.04000000000002,,-0.5678390202115674,,0.15390547652758804,0.004594527287109212,
2015-03-03,8996.25,15.489999771118164,19960.966796875,12855.900390625,12166.2001953125,8838.7998046875,772.92,-303.88,0.937,1076.8,,-0.31544649378785405,,0.154607709559088,0.0002922881520936449,
2015-03-09,8756.75,15.8100004196167,19145.328125,12422.25,12676.900390625,8727.0498046875,-394.31,840.35,0.8736,-1234.66,,-0.6072334391738778,,0.18180069125564893,-0.023700687059481945,
2015-03-11,8699.9501953125,15.130000114440918,19043.779296875,12352.349609375,12515.75,8761.5,-449.84,350.31,0.8942,-800.15,,-0.46579598380229603,,0.17427934710295978,-0.022979345958550612,
2015-03-12,8776.0,14.75,19141.626953125,12423.650390625,12663.7001953125,8851.650390625,-611.43,521.11,0.9187,-1132.54,,-0.2964468689422335,,0.17735307979249884,-0.02985307979249885,
2015-03-13,8647.75,14.970000267028809,18779.58203125,12312.150390625,12487.0498046875,8721.75,66.98,-71.55,0.8707,138.53,,-0.5055033051758807,,0.18423223518358645,-0.03453223251329837,
2015-03-16,8633.150390625,15.180000305175781,18837.130859375,12419.0498046875,12480.7001953125,8697.849609375,-762.55,158.65,0.8501,-921.1999999999999,,-0.5683165214639551,,0.18022541235088932,-0.02842540929913151,
2015-03-17,8723.2998046875,15.130000114440918,19058.029296875,12383.150390625,12716.7998046875,8807.400390625,265.52,-243.69,0.8543,509.21,,-0.4942384409702299,,0.17411162125886914,-0.022811620114459974,
2015-03-18,8685.900390625,15.510000228881836,19147.02734375,12276.099609375,12732.400390625,8748.75,-457.43,-882.99,0.8413,425.56,,-0.5286838056464404,,0.17039407314353658,-0.015294070854718206,
2015-03-19,8634.650390625,15.199999809265137,18810.931640625,12275.2001953125,12799.7998046875,8719.5498046875,1428.72,53.46,0.8178,1375.26,,-0.6609111001147616,,0.1680094664288512,-0.016009468336199845,
2015-03-20,8570.900390625,14.260000228881836,18606.1328125,12363.5,12622.25,8585.9501953125,354.59,-219.2,0.8102,573.79,,-0.7836356619889385,,0.1643105554739175,-0.021710553185099152,
2015-03-23,8550.900390625,14.270000457763672,18448.78515625,12244.4501953125,12622.9501953125,8597.7998046875,417.41,403.91,0.7967,13.5,,-1.5335525850008216,,0.1642053163154506,-0.021505311737813892,
2015-03-24,8542.9501953125,13.670000076293945,18331.236328125,12180.0,12853.4501953125,8480.7998046875,737.86,-631.67,0.8315,1369.53,,-0.7332753141861608,,0.1613254805277258,-0.02462547976478635,
2015-03-25,8530.7998046875,13.140000343322754,18309.88671875,12225.599609375,12919.4501953125,8515.650390625,813.19,96.52,0.7976,716.6700000000001,,-1.441008531573075,,0.16033522838099934,-0.028935224947771787,
2015-03-26,8342.150390625,15.15999984741211,17831.443359375,11902.099609375,12676.849609375,8385.349609375,-521.23,687.09,0.8701,-1208.3200000000002,,0.25746580625524756,,0.17517204176973025,-0.023572043295609163,
2015-03-27,8341.400390625,14.5,18044.591796875,11968.5,12588.5498046875,8435.0,-320.52,674.76,0.8295,-995.28,,-0.7128096307016853,,0.17391003518783504,-0.028910035187835054,
2015-03-30,8492.2998046875,14.260000228881836,18361.587890625,12100.849609375,12703.7998046875,8574.4501953125,-240.34,651.67,0.8587,-892.01,,-0.04653108679997275,,0.18815741110935127,-0.04555740882053291,
2015-03-31,8491.0,14.489999771118164,18206.439453125,12083.0,12844.7998046875,8621.75,356.07,283.71,0.8577,72.36000000000001,,-0.09198570664409784,,0.18806342838298837,-0.043163430671806724,
2015-04-06,8659.900390625,14.569999694824219,18605.232421875,11969.25,13807.099609375,8792.0,511.9,772.04,0.978,-260.14,,2.428318702655637,,0.19994069055513952,-0.054240693606897344,
2015-04-08,8714.400390625,14.350000381469727,18416.384765625,12214.2998046875,13831.150390625,8838.75,118.7,-112.55,1.0255,231.25,,2.8253257026086955,,0.1894606454013717,-0.04596064158667443,
2015-04-09,8778.2998046875,14.420000076293945,18875.630859375,12279.400390625,13545.900390625,8848.150390625,-1287.12,1128.7,1.0608,-2415.8199999999997,,2.9021917250593794,,0.18540429211911677,-0.041204291356177314,
2015-04-13,8834.0,14.489999771118164,18798.03125,12333.7998046875,13722.849609375,8817.849609375,417.01,46.42,1.0914,370.59,,2.7953999974913946,,0.18627259538065327,-0.04137259766947163,
2015-04-16,8706.7001953125,14.949999809265137,18636.833984375,12059.0,13248.650390625,8666.400390625,-214.36,432.27,0.9779,-646.63,,1.2201834174180086,,0.16743075641966837,-0.017930758327017016,
2015-04-17,8606.0,15.039999961853027,18345.337890625,11803.0498046875,12809.150390625,8558.2001953125,-675.71,72.52,0.9267,-748.23,,0.549491911444453,,0.1709091304213248,-0.02050913080279454,
2015-04-20,8448.099609375,16.299999237060547,18112.5390625,11562.2001953125,12753.849609375,8398.599609375,-1506.86,962.5,0.8489,-2469.3599999999997,,-0.45418411504744,,0.1785218363983567,-0.015521844027751225,
2015-04-21,8377.75,17.030000686645508,18105.5390625,11558.400390625,12284.0,8284.900390625,17488.73,1364.83,0.8155,16123.9,,-0.8982826436429775,,0.17383151028047686,-0.0035315034140217805,
2015-04-22,8429.7001953125,17.209999084472656,18243.486328125,11492.0,12431.349609375,8280.2998046875,-910.15,217.98,0.8075,-1128.1299999999999,,-0.9919349919637184,,0.17600126891853762,-0.0039012780738110486,
2015-04-23,8398.2998046875,18.5,18245.38671875,11451.5498046875,12293.0498046875,8228.7998046875,-276.83,559.6,0.814,-836.4300000000001,,-0.8970900053251234,,0.17073683619955526,0.014263163800444734,
2015-04-24,8305.25,19.110000610351562,18001.69140625,11132.25,12210.0,8164.4501953125,-775.46,896.33,0.7858,-1671.79,,-1.1845784412639835,,0.17371481939340905,0.01738518671010658,
2015-04-27,8213.7998046875,18.739999771118164,17767.392578125,11097.900390625,11908.2001953125,8118.64990234375,-1749.33,1667.54,0.7416,-3416.87,,-1.6219292418300983,,0.17610892912629292,0.011291068584888736,
2015-04-28,8285.599609375,17.40999984741211,18246.037109375,11052.9501953125,11984.599609375,8315.400390625,-1532.84,1537.08,0.8049,-3069.92,,-0.8124739535550046,,0.17940568067264334,-0.00530568219852226,
2015-04-29,8239.75,17.239999771118164,18302.4375,11094.400390625,12042.900390625,8278.5,-718.31,912.46,0.7793,-1630.77,,-1.0455822764787024,,0.1799202619055994,-0.007520264194417758,
2015-04-30,8181.5,17.229999542236328,18337.88671875,11001.0498046875,12057.7998046875,8188.2001953125,-3157.61,2460.8,0.9606,-5618.41,,1.0440855468091141,,0.1808290221568027,-0.008529026734439393,
2015-05-05,8324.7998046875,17.360000610351562,18471.234375,11170.25,12391.7001953125,8327.2001953125,-756.52,979.19,0.9526,-1735.71,,0.9159404724815485,,0.19368561758299147,-0.02008561147947585,
2015-05-06,8097.0,19.670000076293945,17799.34375,10938.849609375,12037.650390625,8089.85009765625,-550.29,879.5,0.8933,-1429.79,,0.24824458791746967,,0.20223254192427428,-0.005532541161334836,
2015-05-11,8325.25,18.6299991607666,18199.5390625,11324.5498046875,12317.5,8427.5498046875,-991.87,636.15,1.015,-1628.02,,1.5233494353153003,,0.2274539188604628,-0.04115392725279676,
2015-05-13,8235.4501953125,20.690000534057617,18097.23828125,11170.5,12261.400390625,8413.400390625,-71.2,254.0,0.9474,-325.2,,0.7380320478609347,,0.22002026318204967,-0.013120257841473498,
2015-05-14,8224.2001953125,20.700000762939453,18115.98828125,11093.599609375,12238.7998046875,8485.5,-73.76,302.57,0.9106,-376.33,,0.31604005841045657,,0.21996128134341042,-0.012961273714015897,
2015-05-15,8262.349609375,19.81999969482422,18182.939453125,11171.900390625,12294.650390625,8539.5498046875,-38.31,563.6,0.9203,-601.9100000000001,,0.39335895866854126,,0.2067195326238456,-0.008519535675603401,
2015-05-18,8373.650390625,17.899999618530273,18422.734375,11279.4501953125,12486.0,8600.0498046875,-202.12,618.54,1.0089,-820.66,,1.265063606957675,,0.2121206936654701,-0.033120697480167355,
2015-05-19,8365.650390625,18.270000457763672,18380.1875,11372.2001953125,12502.349609375,8531.2998046875,48.06,451.02,0.9844,-402.96,,0.9384934449839768,,0.2093252122075885,-0.026625207629951797,
2015-05-20,8423.25,17.719999313354492,18554.935546875,11571.7001953125,12537.0498046875,8484.7998046875,123.49,103.58,1.04,19.909999999999997,,1.4210513309223713,,0.20963049671530085,-0.03243050358175592,
2015-05-21,8421.0,17.40999984741211,18512.935546875,11618.599609375,12554.75,8549.599609375,-186.26,404.01,1.0658,-590.27,,1.5551304615598602,,0.2047355288843988,-0.030635530410277723,
2015-05-22,8458.9501953125,16.950000762939453,18433.0859375,11728.400390625,12690.099609375,8581.650390625,211.42,237.62,1.0666,-26.200000000000017,,1.4514035560833531,,0.20231435707633327,-0.03281434944693873,
2015-05-25,8370.25,16.93000030517578,18324.63671875,11623.349609375,12617.5498046875,8565.099609375,74.14,0.17,0.9862,73.97,,0.6083804661771011,,0.19492774251833375,-0.025627739466575927,
2015-05-26,8339.349609375,17.06999969482422,18329.087890625,11581.900390625,12559.0498046875,8548.150390625,114.81,123.85,0.945,-9.039999999999992,,0.16179722149146383,,0.19311567019221523,-0.022415673243973033,
2015-05-27,8334.599609375,17.280000686645508,18538.634765625,11367.5,12506.0498046875,8369.900390625,-934.98,594.03,0.9625,-1529.01,,0.3063182491918614,,0.1916239749868511,-0.018823968120396023,
2015-05-28,8319.0,17.1299991607666,18448.984375,11450.849609375,12311.900390625,8379.2998046875,-792.54,683.29,0.9661,-1475.83,,0.3088882059478294,,0.19133022306612524,-0.020030231458459224,
2015-05-29,8433.650390625,16.65999984741211,18721.1328125,11575.0498046875,12511.75,8536.75,2284.3,-2267.88,0.9623,4552.18,,0.2756905113040986,,0.19325980453789862,-0.02665980606377752,
2015-06-01,8433.400390625,16.90999984741211,18616.783203125,11525.650390625,12079.7998046875,8509.349609375,-1570.76,1189.65,0.9424,-2760.41,,0.10048419355786087,,0.18819624013182537,-0.019096241657704266,
2015-06-02,8236.4501953125,16.81999969482422,17977.091796875,11347.900390625,11902.849609375,8325.0498046875,-96.45,115.49,0.8943,-211.94,,-0.35618825071476085,,0.20556642283265752,-0.03736642588441533,
2015-06-04,8130.64990234375,18.1200008392334,17718.994140625,11379.2001953125,11633.150390625,8130.4501953125,936.81,-170.03,0.8502,1106.84,,-0.7829215783370173,,0.20969437304263094,-0.02849436465029695,
2015-06-05,8114.7001953125,18.09000015258789,17549.046875,11291.5498046875,11715.849609375,8092.2998046875,-1699.6,1454.97,0.8655,-3154.5699999999997,,-0.5681023295596561,,0.20839519848591118,-0.027495196960032275,
2015-06-08,8044.14990234375,18.889999389648438,17432.396484375,11238.599609375,11585.099609375,8006.14990234375,108.93,-111.78,0.8318,220.71,,-0.9021256017940934,,0.19926318325078976,-0.010363189354305385,
2015-06-10,8124.4501953125,17.079999923706055,17707.044921875,11401.7001953125,11477.400390625,8104.0498046875,480.24,-424.6,0.8308,904.84,,-0.9014870940162574,,0.17769828600613852,-0.0068982867690779714,
2015-06-11,7965.35009765625,17.809999465942383,17304.19921875,11227.150390625,11308.150390625,7909.0,219.17,-39.45,0.7985,258.62,,-1.245638871014599,,0.15883002195585322,0.019269972703570615,
2015-06-15,8013.89990234375,17.520000457763672,17458.49609375,11093.849609375,11451.099609375,7996.2001953125,-604.86,650.47,0.8441,-1255.33,,-0.7650763739002715,,0.1579832729250778,0.01721673165255891,
2015-06-16,8047.2998046875,17.170000076293945,17602.244140625,11119.2001953125,11473.7001953125,8090.85009765625,-521.65,644.81,0.844,-1166.46,,-0.7860188603016562,,0.15919478434040943,0.012505216422530024,
2015-06-17,8091.5498046875,16.729999542236328,17583.845703125,11143.5,11678.9501953125,8160.9501953125,-940.91,1447.07,0.8456,-2387.98,,-0.8119747674971949,,0.159630622873598,0.007669372548765291,
2015-06-18,8174.60009765625,16.020000457763672,17733.34375,11215.349609375,11836.150390625,8258.650390625,-784.73,1110.01,0.9201,-1894.74,,-0.015157067365282623,,0.1561913214991806,0.004008683078456116,
2015-06-19,8224.9501953125,15.09000015258789,17880.642578125,11243.650390625,11810.0,8305.349609375,-106.12,447.55,1.0058,-553.6700000000001,,1.0014364430769906,,0.1583563620771213,-0.007456360551242408,
2015-06-22,8353.099609375,15.489999771118164,18334.287109375,11429.7998046875,11879.349609375,8400.7001953125,651.31,-94.03,1.1058,745.3399999999999,,2.1129398199452174,,0.1666340818101296,-0.011734084098947939,
2015-06-23,8381.5498046875,15.039999961853027,18391.13671875,11341.150390625,11910.25,8405.7998046875,-374.97,404.2,1.146,-779.1700000000001,,2.295253376009875,,0.16718572318160357,-0.016785723563073313,
2015-06-24,8360.849609375,15.920000076293945,18365.337890625,11353.75,11997.5498046875,8326.9501953125,92.57,13.52,1.127,79.05,,1.8808480107245447,,0.16639828985540558,-0.0071982890924661425,
2015-06-25,8398.0,15.930000305175781,18492.685546875,11210.400390625,12007.25,8395.9501953125,280.21,-8.45,1.0748,288.65999999999997,,1.2325440234309524,,0.16296708824370854,-0.0036670851919507197,
2015-06-26,8381.099609375,15.760000228881836,18371.287109375,11362.5498046875,12066.849609375,8447.2001953125,-203.74,234.21,1.0274,-437.95000000000005,,0.7303988466384218,,0.16254658688132273,-0.004946584592504383,
2015-06-29,8318.400390625,17.299999237060547,18241.037109375,11133.650390625,11926.400390625,8325.0498046875,-711.88,906.38,1.08,-1618.26,,1.2008005786810458,,0.1648605160366862,0.008139476333919288,
2015-06-30,8368.5,16.93000030517578,18295.88671875,11037.400390625,12202.5498046875,8383.25,-551.38,580.59,1.0796,-1131.97,,1.1191811649111318,,0.1661018622053189,0.003198140846438935,
2015-07-01,8453.0498046875,15.850000381469727,18581.3828125,11213.599609375,12257.099609375,8482.4501953125,-1073.18,601.4,1.1123,-1674.58,,1.3417025494704597,,0.16268100726560222,-0.004181003450904969,
2015-07-07,8510.7998046875,16.309999465942383,18798.28125,11143.849609375,12490.5,8488.900390625,23.54,-94.71,1.1328,118.25,,1.4462120288201965,,0.16440223277038624,-0.001302238110962417,
2015-07-08,8363.0498046875,17.790000915527344,18462.935546875,11021.7998046875,12390.5,8287.2998046875,-93.74,34.08,1.0833,-127.82,,0.938183249237482,,0.15359259252454147,0.024307416630731965,
2015-07-09,8328.5498046875,17.440000534057617,18508.484375,10828.7001953125,12399.349609375,8248.5498046875,-826.92,504.11,1.0316,-1331.03,,0.4662237782843757,,0.14618889277132924,0.028211112569246938,
2015-07-10,8360.5498046875,17.06999969482422,18719.583984375,10798.25,12537.25,8234.099609375,-50.6,-218.75,1.0295,168.15,,0.4613372291340402,,0.14597211410180602,0.024727882846436178,
2015-07-13,8459.650390625,16.270000457763672,18893.33203125,10998.849609375,12697.7998046875,8370.75,527.98,-171.55,1.0417,699.53,,0.5853579573665372,,0.145075554764448,0.017624449813188725,
2015-07-14,8454.099609375,16.010000228881836,18779.98046875,11043.849609375,12786.599609375,8305.7001953125,269.9,-130.9,1.0408,400.79999999999995,,0.5569440436970334,,0.14274807143185275,0.017351930856965597,
2015-07-15,8523.7998046875,15.569999694824219,18816.03125,11150.25,12912.349609375,8403.2001953125,407.69,-50.38,1.1154,458.07,,1.168630492420425,,0.1186911001106968,0.03700889683754538,
2015-07-16,8608.0498046875,14.779999732971191,19167.828125,11191.599609375,13060.349609375,8434.5498046875,745.81,-98.51,1.1725,844.3199999999999,,1.552477702545703,,0.12055574802653683,0.02724424930317508,
2015-07-17,8609.849609375,14.800000190734863,19094.4765625,11269.2001953125,13139.0,8473.900390625,605.56,-175.15,1.1917,780.7099999999999,,1.5799560970420379,,0.12111642404030415,0.026883577867044484,
2015-07-20,8603.4501953125,14.960000038146973,19032.478515625,11266.9501953125,13175.650390625,8476.349609375,714.4,-848.76,1.1761,1563.1599999999999,,1.3483221648829982,,0.12169655850309606,0.027903441878373667,
2015-07-21,8529.4501953125,15.100000381469727,18723.18359375,11655.4501953125,12255.2998046875,8440.4501953125,-226.88,146.32,1.1151,-373.2,,0.8072242867526412,,0.12535852819057478,0.0256414756241225,
2015-07-22,8633.5,15.130000114440918,18996.779296875,11643.75,12377.7001953125,8538.7998046875,450.32,-351.77,1.1864,802.0899999999999,,1.280187169591706,,0.12962850241229387,0.021671498732115296,
2015-07-23,8589.7998046875,15.520000457763672,18864.78125,11558.7001953125,12275.400390625,8581.349609375,185.42,-276.69,1.1054,462.11,,0.592949625056707,,0.12253795662886696,0.03266204794876976,
2015-07-24,8521.5498046875,15.460000038146973,18635.6328125,11464.150390625,12226.0498046875,8472.0498046875,6.62,196.38,1.0111,-189.76,,-0.21546241439405878,,0.12665717203912666,0.027942828342343073,
2015-07-27,8361.0,16.3700008392334,18212.83984375,11362.4501953125,12056.900390625,8305.650390625,-859.94,238.66,0.8724,-1098.6000000000001,,-1.4108703693650635,,0.1447103944308469,0.018989613961487073,
2015-07-29,8375.0498046875,15.880000114440918,18323.1875,11470.7001953125,11978.400390625,8368.900390625,-186.24,642.69,0.8986,-828.9300000000001,,-1.2445604407570334,,0.14391948324905224,0.014880517895356937,
2015-07-30,8421.7998046875,15.329999923706055,18440.185546875,11394.5498046875,12073.099609375,8387.5,-170.68,499.65,0.8656,-670.3299999999999,,-1.6149808210578407,,0.14511848382118808,0.008181515415872476,
2015-07-31,8532.849609375,14.569999694824219,18729.6328125,11594.150390625,12353.25,8544.849609375,-277.77,1021.34,0.9174,-1299.1100000000001,,-1.2071478908801818,,0.14890751035926064,-0.0032075134110184644,
2015-08-04,8516.900390625,14.829999923706055,18972.37890625,11415.5498046875,12361.9501953125,8703.599609375,-479.18,382.54,0.9208,-861.72,,-1.248599158866018,,0.14821064043533488,8.935880172566968e-05,
2015-08-05,8567.9501953125,14.670000076293945,18928.330078125,11618.0,12572.5498046875,8795.4501953125,-437.56,1114.38,0.9505,-1551.94,,-1.0479758754017774,,0.14554644067646894,0.001153560086470523,
2015-08-06,8588.650390625,14.729999542236328,19029.12890625,11616.5,12697.5,8796.9501953125,-749.12,529.82,0.9743,-1278.94,,-0.8371667881026108,,0.14391681858332528,0.0033831768390379935,
2015-08-07,8564.599609375,14.90999984741211,18893.33203125,11597.0498046875,12641.0498046875,8803.0,-354.32,-346.71,0.9747,-7.610000000000014,,-0.8157612117962892,,0.1281697337629159,0.020930264711205182,
2015-08-10,8525.599609375,15.470000267028809,18874.78125,11573.900390625,12638.599609375,8745.599609375,-48.89,-299.75,0.9539,250.86,,-0.9707381410864308,,0.12841563355418098,0.026284369116107098,
2015-08-12,8349.4501953125,17.450000762939453,18059.541015625,12006.7998046875,12771.75,8407.150390625,-518.46,590.32,0.8192,-1108.7800000000002,,-2.1146395007131455,,0.14979346622588208,0.024706541403512444,
2015-08-13,8355.849609375,17.020000457763672,18175.189453125,11956.099609375,12913.7001953125,8441.5498046875,-625.9,545.86,0.8233,-1171.76,,-1.8744499091714257,,0.14319325138104336,0.027006753196593375,
2015-08-14,8518.5498046875,16.020000457763672,18723.3828125,12048.4501953125,13137.25,8642.099609375,403.76,179.2,0.9471,224.56,,-0.6865876299904305,,0.15966768086227517,0.000532323715361549,
2015-08-17,8477.2998046875,16.459999084472656,18821.83203125,12001.75,13089.5498046875,8615.4501953125,142.34,183.72,0.8983,-41.379999999999995,,-1.0734933612740847,,0.1578940656485346,0.006705925196191981,
2015-08-18,8466.5498046875,16.360000610351562,18780.630859375,12159.400390625,12980.099609375,8662.5498046875,-255.42,127.5,0.9263,-382.91999999999996,,-0.7710247501527543,,0.15331828595344432,0.01028172015007131,
2015-08-19,8495.150390625,16.68000030517578,18703.033203125,12249.099609375,13335.849609375,8703.2998046875,-423.72,383.32,0.9755,-807.04,,-0.3000582440100896,,0.15401188933573642,0.012788113716021399,
2015-08-20,8372.75,16.979999542236328,18282.88671875,11985.25,13463.75,8553.5498046875,-1007.26,567.87,0.8485,-1575.13,,-1.342026019550745,,0.16166408245476058,0.008135912967602715,
2015-08-21,8299.9501953125,17.110000610351562,18056.990234375,12032.2998046875,13470.0,8381.7001953125,-2340.6,1524.1,0.8106,-3864.7,,-1.5519132499665809,,0.161720836447358,0.009379169656157621,
2015-08-24,7809.0,28.1299991607666,16811.60546875,11455.150390625,12653.2998046875,7773.4501953125,-5275.4,4097.83,0.6909,-9373.23,,-2.266668620471262,,0.25946829721315123,0.021831694394514767,
2015-08-25,7880.7001953125,26.850000381469727,17192.55078125,11376.75,12772.400390625,7920.35009765625,-2080.01,1963.09,0.711,-4043.1000000000004,,-1.8947108132175636,,0.2642887396617975,0.004211264152899741,
2015-08-26,7791.85009765625,25.520000457763672,16917.453125,11284.099609375,12623.0498046875,7882.10009765625,-2345.77,1881.08,0.6834,-4226.85,,-1.8893623226121996,,0.26517550063611595,-0.00997549605847925,
2015-08-27,7948.9501953125,22.040000915527344,17214.201171875,11396.900390625,12995.75,7952.35009765625,-3347.35,2577.06,0.9373,-5924.41,,-0.09257964533041162,,0.2728101749792912,-0.05241016582401778,
2015-08-28,8001.9501953125,23.329999923706055,17211.75,11588.25,12940.75,8023.2998046875,56.41,847.43,0.9817,-791.02,,0.23484757622008906,,0.27439071639408874,-0.041090717157028195,
2015-08-31,7971.2998046875,24.600000381469727,17146.3515625,11605.7001953125,13213.2001953125,7948.5498046875,-551.19,478.59,1.0156,-1029.78,,0.5086812909463498,,0.2728508082070167,-0.026850804392319405,
2015-09-01,7785.85009765625,28.719999313354492,16530.109375,11476.4501953125,13007.0498046875,7745.39990234375,-297.99,299.53,0.9823,-597.52,,0.3295935361295748,,0.2756065506990827,0.011593442434462253,
2015-09-02,7717.0,26.649999618530273,16252.51171875,11604.7001953125,12840.349609375,7638.7001953125,-660.3,469.55,0.9463,-1129.85,,0.12724630349944338,,0.27581585395610064,-0.009315857770797908,
2015-09-03,7823.0,24.1200008392334,16555.20703125,11672.849609375,12817.400390625,7738.60009765625,838.3,-35.31,0.9542,873.6099999999999,,0.27133679874373,,0.28112819728727934,-0.03992818889494534,
2015-09-04,7655.0498046875,26.420000076293945,16128.912109375,11413.599609375,12521.5498046875,7559.4501953125,193.81,492.79,0.9157,-298.98,,-0.008415700531979755,,0.2861953296347327,-0.02199532887179323,
2015-09-07,7558.7998046875,26.350000381469727,15789.916015625,11318.2998046875,12240.0,7464.2998046875,-254.1,79.08,0.9054,-333.18,,-0.019327578133657146,,0.28698324530120195,-0.023483241486504658,
2015-09-09,7818.60009765625,24.299999237060547,16631.306640625,11504.900390625,12360.0498046875,7814.85009765625,-452.13,1194.58,0.9178,-1646.71,,0.19150010832618228,,0.32032638228223753,-0.07732638991163207,
2015-09-10,7788.10009765625,24.75,16597.45703125,11396.9501953125,12315.0,7875.85009765625,483.86,-369.0,0.9336,852.86,,0.4114244241698554,,0.31430539250171075,-0.06680539250171075,
2015-09-11,7789.2998046875,24.979999542236328,16612.40625,11432.25,12341.849609375,7857.4501953125,-861.06,621.18,0.9127,-1482.2399999999998,,0.15157883456981214,,0.31420320757722675,-0.06440321215486347,
2015-09-14,7872.25,24.31999969482422,16911.603515625,11520.2998046875,12495.2001953125,7890.75,58.75,183.9,0.9337,-125.15,,0.3826853021695453,,0.30727858885894693,-0.06407859191070475,
2015-09-15,7829.10009765625,23.739999771118164,16739.35546875,11536.349609375,12478.7998046875,7766.2001953125,-910.85,480.5,0.9116,-1391.35,,0.10708480621365397,,0.30731224095927945,-0.0699122432480978,
2015-09-16,7899.14990234375,22.0,16964.65234375,11606.650390625,12623.7998046875,7799.10009765625,-337.27,423.81,0.9436,-761.0799999999999,,0.4698971146020702,,0.3106071032993588,-0.09060710329935881,
2015-09-18,7981.89990234375,18.290000915527344,17408.947265625,11726.7001953125,12751.2001953125,7842.5498046875,643.51,415.09,1.0029,228.42000000000002,,1.1057660397742468,,0.3136589571179185,-0.1307589479626451,
2015-09-21,7977.10009765625,18.18000030517578,17542.697265625,11724.0498046875,12706.2998046875,7848.75,154.87,104.08,0.9909,50.790000000000006,,0.9424745505245132,,0.31082896219665496,-0.12902895914489715,
2015-09-22,7812.0,20.350000381469727,17030.953125,11705.5498046875,12662.7998046875,7709.85009765625,-1052.24,378.26,0.9275,-1430.5,,0.24665122968692801,,0.3170550394022945,-0.11355503558759725,
2015-09-23,7845.9501953125,20.690000534057617,17255.099609375,11694.0,12731.5498046875,7705.5498046875,-1330.12,891.36,0.9439,-2221.48,,0.44853650291623287,,0.23213160547887488,-0.0252316001382987,
2015-09-24,7868.5,20.8799991607666,17196.451171875,11954.099609375,12826.4501953125,7721.25,-115.1,50.67,1.0157,-165.76999999999998,,1.2222399097961767,,0.2299990233829665,-0.02119903177530047,
2015-09-28,7795.7001953125,21.670000076293945,17100.1015625,11841.0498046875,12844.2001953125,7584.25,-650.01,505.59,0.9469,-1155.6,,0.4075814230961937,,0.2287832972148189,-0.012083296451879444,
2015-09-29,7843.2998046875,21.56999969482422,17280.998046875,11863.9501953125,12700.099609375,7648.2001953125,-1112.59,876.2,0.9533,-1988.79,,0.4375556226899185,,0.21778389703094278,-0.002083900082700596,
2015-09-30,7948.89990234375,19.6299991607666,17216.1015625,12032.099609375,12918.75,7759.60009765625,116.08,-191.78,0.961,307.86,,0.5199877418197094,,0.22204898755711538,-0.025748995949449377,
2015-10-06,8152.89990234375,19.309999465942383,17605.14453125,11889.900390625,13275.75,7947.64990234375,-482.11,788.06,1.037,-1270.17,,1.3032318107421366,,0.23941558803362079,-0.04631559337419697,
2015-10-07,8177.39990234375,19.34000015258789,17616.595703125,11683.4501953125,13332.400390625,8064.0498046875,-465.27,590.49,1.0798,-1055.76,,1.640252365017119,,0.22097493821766864,-0.02757493669178973,
2015-10-08,8129.35009765625,19.559999465942383,17474.09765625,11669.7001953125,13212.849609375,8021.75,-14.43,-50.05,1.0551,35.62,,1.3135695795053148,,0.21918876040038585,-0.023588765740962025,
2015-10-09,8189.7001953125,18.93000030517578,17590.044921875,11807.5498046875,13277.7001953125,8051.2001953125,-121.19,66.6,1.0508,-187.79,,1.1833383313332442,,0.2161160951018344,-0.026816092050076595,
2015-10-12,8143.60009765625,19.1200008392334,17582.9453125,11630.650390625,13111.650390625,8062.60009765625,-580.28,410.92,1.0233,-991.2,,0.8437850994078315,,0.19933693602622565,-0.008136927633891677,
2015-10-13,8131.7001953125,18.020000457763672,17554.646484375,11522.599609375,13115.400390625,8078.2001953125,272.61,-273.51,1.043,546.12,,1.044449634897328,,0.1914126911127331,-0.011212686535096383,
2015-10-14,8107.89990234375,17.719999313354492,17543.046875,11362.900390625,13160.650390625,8010.5498046875,121.75,-207.63,1.0105,329.38,,0.6433504989484984,,0.15579055649782714,0.021409436635717788,
2015-10-16,8238.150390625,16.270000457763672,17912.640625,11337.7998046875,13203.5498046875,8266.650390625,436.79,102.49,1.035,334.3,,1.1716774462084192,,0.1619234876507258,0.000776516926910914,
2015-10-19,8275.0498046875,16.8799991607666,17854.84375,11432.150390625,13413.650390625,8245.5498046875,898.23,-246.26,1.0378,1144.49,,1.1450751669082735,,0.1617094184848964,0.007090573122769617,
2015-10-20,8261.650390625,17.0,17830.04296875,11529.599609375,13340.9501953125,8265.400390625,523.69,-354.96,1.0406,878.6500000000001,,1.1344423037542082,,0.15992973401415994,0.010070265985840071,
2015-10-21,8251.7001953125,16.6200008392334,17710.345703125,11549.0498046875,13189.7998046875,8285.150390625,-48.33,-138.73,1.0507,90.39999999999999,,1.2756875185728838,,0.1578261791122777,0.008373829280056283,
2015-10-23,8295.4501953125,16.190000534057617,17933.841796875,11552.0,13258.5,8228.2998046875,229.18,-155.89,1.0737,385.07,,1.572379541561714,,0.1564330647903649,0.005466940550211269,
2015-10-26,8260.5498046875,17.229999542236328,17814.84375,11576.349609375,13234.650390625,8232.25,724.51,-530.78,1.0915,1255.29,,1.7194144446999244,,0.15516084251993753,0.017139152902425764,
2015-10-27,8232.900390625,16.540000915527344,17806.09375,11583.5498046875,13223.0,8272.349609375,9.5,-165.45,1.114,174.95,,1.8902015956771094,,0.15601082290050314,0.00938918625477031,
2015-10-28,8171.2001953125,17.040000915527344,17372.94921875,11643.2998046875,13149.150390625,8206.150390625,-731.17,160.17,1.0434,-891.3399999999999,,0.7125392681776467,,0.13641550697678498,0.033984502178488446,
2015-10-29,8111.75,17.579999923706055,17212.0,11548.150390625,13052.0,8195.900390625,174.12,-299.2,0.8395,473.32,,-2.3910597438718835,,0.14025371939827366,0.03554627983878689,
2015-10-30,8065.7998046875,17.8799991607666,17354.298828125,11486.900390625,13170.150390625,8091.9501953125,-1464.89,1560.11,0.8138,-3025.0,,-2.476124582370648,,0.1425455238758318,0.03625446773183422,
2015-11-02,8050.7998046875,19.479999542236328,17340.3984375,11546.25,13029.7001953125,8097.10009765625,-371.27,147.49,0.8251,-518.76,,-2.1090865322348638,,0.13761699131530078,0.05718300410706251,
2015-11-03,8060.7001953125,19.559999465942383,17325.3984375,11618.400390625,13054.5498046875,8102.89990234375,-444.65,-338.96,0.8389,-105.69,,-1.8179654089425072,,0.13659731125826946,0.05900268340115436,
2015-11-05,7955.4501953125,19.290000915527344,16994.90234375,11414.4501953125,12632.5,8194.150390625,169.97,328.57,0.7981,-158.6,,-2.093067263385834,,0.13810485343726034,0.054795155718013105,
2015-11-06,7954.2998046875,19.469999313354492,17086.30078125,11485.4501953125,12226.650390625,8144.4501953125,-622.89,589.29,0.7762,-1212.1799999999998,,-2.1225439319004167,,0.10076603429655268,0.09393395883699224,
2015-11-09,7915.2001953125,17.040000915527344,17002.802734375,11412.150390625,11989.0498046875,8246.2001953125,-754.27,411.43,0.7291,-1165.7,,-2.2954541028016644,,0.1002767725536895,0.07012323660158393,
2015-11-13,7762.25,17.649999618530273,16932.65234375,11102.4501953125,11640.5498046875,8178.2998046875,-746.7,70.89,0.68,-817.59,,-2.3786456068245916,,0.11803818269677573,0.05846181348852701,
2015-11-16,7806.60009765625,17.8799991607666,17184.701171875,11003.7998046875,11711.0,8190.35009765625,-1051.26,661.71,0.6815,-1712.97,,-2.0950473362588293,,0.11632676554318955,0.06247322606447647,
2015-11-17,7837.5498046875,16.969999313354492,17140.25,11035.099609375,11801.2001953125,8252.099609375,-492.45,783.02,0.6882,-1275.47,,-1.856128942529778,,0.11775348787648153,0.05194650525706339,
2015-11-18,7731.7998046875,17.420000076293945,16811.904296875,10836.7001953125,11717.7998046875,8181.0,-768.46,759.26,0.6777,-1527.72,,-1.761580162801699,,0.12478696222461937,0.04941303853832009,
2015-11-19,7842.75,15.84000015258789,17071.701171875,11032.900390625,11674.9501953125,8295.0498046875,-343.18,233.82,0.7467,-577.0,,-1.200042705172599,,0.1382156587839109,0.02018434274196801,
2015-11-20,7856.5498046875,15.899999618530273,17055.40234375,11118.849609375,11685.349609375,8339.400390625,-94.09,610.16,0.7517,-704.25,,-1.0984971183795529,,0.12254504433608393,0.03645495184921879,
2015-11-23,7849.25,17.079999923706055,17060.05078125,11121.2001953125,11717.150390625,8395.349609375,-35.37,90.28,0.738,-125.65,,-1.1169052046335834,,0.1200204848668614,0.05077951437019915,
2015-11-24,7831.60009765625,16.25,16988.453125,11057.349609375,11637.849609375,8332.900390625,-540.12,532.13,0.7433,-1072.25,,-1.0184109124380867,,0.11997021480246665,0.04252978519753335,
2015-11-26,7883.7998046875,16.690000534057617,17036.353515625,11042.9501953125,11553.2998046875,8444.599609375,-398.1,948.98,0.8257,-1347.08,,-0.4550383599027998,,0.1243966234266135,0.04250338191396266,
2015-11-27,7942.7001953125,16.729999542236328,17370.748046875,11122.900390625,11567.5498046875,8443.650390625,-519.25,900.48,0.8847,-1419.73,,-0.03646695828951739,,0.1263557235275357,0.04094427189482758,
2015-11-30,7935.25,16.43000030517578,17430.197265625,11206.0,11492.900390625,8481.849609375,-1043.84,601.73,0.8809,-1645.57,,-0.0237921518506317,,0.1261882416755437,0.03811176137621411,
2015-12-01,7954.89990234375,15.640000343322754,17398.34765625,11256.2998046875,11608.7001953125,8419.0,244.95,-331.18,0.8468,576.13,,-0.2115154452572831,,0.12705685914616188,0.029343144287065664,
2015-12-02,7931.35009765625,15.489999771118164,17218.30078125,11149.599609375,11723.349609375,8416.400390625,-406.28,705.53,0.8199,-1111.81,,-0.35506570582737224,,0.12531301985970364,0.029586977851478014,
2015-12-03,7864.14990234375,16.059999465942383,17109.900390625,11081.900390625,11587.2998046875,8334.650390625,733.09,-381.94,0.7772,1115.03,,-0.6026373620577197,,0.12612591921719526,0.03447407544222855,
2015-12-08,7701.7001953125,15.970000267028809,16800.955078125,10981.849609375,11610.349609375,8210.349609375,-1855.02,1223.8,0.7607,-3078.8199999999997,,-0.668841422449697,,0.14311091646708166,0.016589086203206427,
2015-12-10,7683.2998046875,16.290000915527344,16710.857421875,11055.5,11368.150390625,8085.0,317.56,-175.07,0.7654,492.63,,-0.5849224086487501,,0.14310127188106658,0.019798737274206862,
2015-12-14,7650.0498046875,17.799999237060547,16350.4599609375,11099.7001953125,11488.0,7964.0498046875,-157.07,386.47,0.7695,-543.54,,-0.5051008471937162,,0.1426252183953029,0.03537477397530256,
2015-12-15,7700.89990234375,17.34000015258789,16398.458984375,11058.25,11554.7998046875,8082.35009765625,48.67,273.93,0.7946,-225.26,,-0.26259136242593617,,0.1405160474745644,0.0328839540513145,
2015-12-16,7750.89990234375,16.729999542236328,16579.20703125,11144.900390625,11637.650390625,8035.60009765625,-503.22,1024.03,0.7942,-1527.25,,-0.20966645950740673,,0.1433748168314521,0.0239251785909112,
2015-12-17,7844.35009765625,14.220000267028809,16741.3046875,11275.150390625,11771.7998046875,8149.0,638.01,-366.23,0.789,1004.24,,-0.1896815522966649,,0.150102107853048,-0.007902105182759911,
2015-12-18,7761.9501953125,14.489999771118164,16594.107421875,11122.5,11663.7998046875,8079.2001953125,-6.99,-404.98,0.7501,397.99,,-0.5080472296823906,,0.1378888893887904,0.007011108322391241,
2015-12-21,7834.4501953125,14.229999542236328,16824.955078125,11224.75,11556.9501953125,8154.89990234375,37.37,62.7,0.7801,-25.330000000000005,,-0.09407057646809885,,0.1404308937148192,0.001869101707544063,
2015-12-22,7786.10009765625,14.479999542236328,16749.00390625,11095.4501953125,11595.900390625,8099.64990234375,168.73,238.36,0.7687,-69.63000000000002,,-0.16588675773343126,,0.14142534124925107,0.003374654173112196,
2015-12-23,7865.9501953125,13.649999618530273,16882.3046875,11195.650390625,11805.849609375,8111.0,385.82,632.64,0.7992,-246.82,,0.4200277883835132,,0.13699212875022196,-0.0004921325649192287,
2015-12-24,7861.0498046875,13.75,16810.8046875,11184.900390625,11795.75,8136.60009765625,-112.03,8.05,0.8,-120.08,,0.4455712459093466,,0.1275624329575927,0.009937567042407308,
2015-12-28,7925.14990234375,14.399999618530273,16978.953125,11271.7998046875,12009.0,8228.400390625,-302.62,987.82,0.8298,-1290.44,,0.9939767790040305,,0.13061161241953742,0.013388383765765316,
2015-12-29,7928.9501953125,14.239999771118164,16991.251953125,11253.4501953125,12022.349609375,8268.7998046875,8.49,6.44,0.8542,2.05,,1.4190415403060808,,0.13051213791132846,0.011887859799853184,
2015-12-30,7896.25,14.350000381469727,16917.703125,11117.599609375,11987.25,8240.2001953125,152.2,-74.41,0.8299,226.60999999999999,,0.9420056728434073,,0.13120819665454456,0.012291807160152712,
2015-12-31,7946.35009765625,13.869999885559082,16922.001953125,11212.5498046875,11963.5,8254.75,1123.41,-257.67,0.7659,1381.0800000000002,,-0.2080591319267919,,0.13101233580041266,0.007687663055178151,
2016-01-04,7791.2998046875,16.84000015258789,16598.95703125,11029.25,11733.7001953125,8142.85009765625,214.01,-519.91,0.829,733.92,,0.8711534634652168,,0.14620234253489778,0.02219765899098114,
2016-01-06,7741.0,16.549999237060547,16432.958984375,11018.150390625,11673.7998046875,8025.39990234375,259.9,-160.49,0.8142,420.39,,0.5540072850073849,,0.14750630853018326,0.017993683840422214,
2016-01-07,7568.2998046875,18.959999084472656,16073.6630859375,10863.2001953125,11451.650390625,7725.14990234375,-187.51,907.05,0.8003,-1094.56,,0.22897502628263147,,0.1648943821875095,0.024705608657217076,
2016-01-08,7601.35009765625,17.799999237060547,16142.462890625,10989.5498046875,11486.599609375,7744.25,726.22,-413.77,0.7759,1139.99,,-0.3623542848707179,,0.1666543616517131,0.011345630718892358,
2016-01-11,7563.85009765625,18.690000534057617,16016.0634765625,10823.900390625,11301.0,7751.64990234375,-123.96,192.1,0.7689,-316.06,,-0.6648470411310922,,0.16531860572262835,0.021581399617947805,
2016-01-12,7510.2998046875,18.709999084472656,15734.6171875,10790.349609375,11341.599609375,7721.0498046875,-402.62,237.81,0.7463,-640.4300000000001,,-1.236378963581549,,0.15101765979457837,0.036082331050148186,
2016-01-13,7562.39990234375,18.350000381469727,15871.6650390625,10839.849609375,11321.400390625,7795.5,-75.9,618.79,0.7498,-694.6899999999999,,-1.1440385791591494,,0.15367982824090673,0.029820175573790547,
2016-01-14,7536.7998046875,18.610000610351562,15609.6181640625,10980.4501953125,11369.400390625,7684.64990234375,-1221.97,1526.22,0.7717,-2748.19,,-0.63865063640025,,0.15342696007547307,0.03267304602804255,
2016-01-15,7437.7998046875,19.420000076293945,15206.123046875,10994.9501953125,11259.75,7544.2001953125,-1123.79,688.84,0.7442,-1812.63,,-1.3578865629385244,,0.15691633386418324,0.0372836668987562,
2016-01-18,7351.0,20.229999542236328,15020.625,10984.0,11095.9501953125,7431.4501953125,-1203.84,1122.8,0.729,-2326.64,,-1.6085829225946944,,0.1575923075530078,0.0447076878693555,
2016-01-19,7435.10009765625,18.43000030517578,15269.47265625,10963.099609375,11225.2001953125,7526.0,-857.7,1386.83,0.7413,-2244.5299999999997,,-1.271574451184235,,0.15685551383488916,0.02744448921686865,
2016-01-20,7309.2998046875,20.969999313354492,14935.326171875,10910.5,11133.650390625,7401.5498046875,-1324.69,1383.14,0.7451,-2707.83,,-1.1592649245626019,,0.16277762532645373,0.04692236780709119,
2016-01-21,7276.7998046875,20.809999465942383,15101.0244140625,10934.7001953125,10876.599609375,7259.4501953125,-1747.23,1267.74,0.7426,-3014.9700000000003,,-1.1798010228431055,,0.15617951527317364,0.05192047938625019,
2016-01-22,7422.4501953125,18.81999969482422,15497.3701171875,11006.7001953125,11141.2998046875,7544.0,-769.83,915.6,0.7988,-1685.43,,0.6177558700290534,,0.17661106668126875,0.01158893026697344,
2016-01-25,7436.14990234375,18.270000457763672,15560.9697265625,11025.349609375,11239.400390625,7487.2998046875,-91.15,307.89,0.7798,-399.03999999999996,,0.0061952537626808685,,0.17111152679860434,0.01158847777903238,
2016-01-27,7437.75,19.059999465942383,15534.4189453125,11029.099609375,11348.7998046875,7491.2998046875,-366.93,499.99,0.7809,-866.9200000000001,,0.019998755722718593,,0.17127939001964057,0.019320604639783245,
2016-01-28,7424.64990234375,17.899999618530273,15381.271484375,11002.7001953125,11440.7001953125,7458.0,-961.82,394.22,0.8664,-1356.04,,2.39136926463926,,0.1664713602495079,0.01252863593579484,
2016-01-29,7563.5498046875,17.239999771118164,15522.2197265625,11236.150390625,11755.849609375,7605.0498046875,571.7,240.02,0.8764,331.68000000000006,,2.32299397650534,,0.18333647220658894,-0.0109364744954073,
2016-02-02,7455.5498046875,18.040000915527344,15067.8251953125,11242.099609375,11425.75,7470.39990234375,-113.98,-323.23,0.7789,209.25,,-0.20279249216911754,,0.18819690843333597,-0.007796899278062541,
2016-02-03,7361.7998046875,18.59000015258789,14833.876953125,11122.25,11343.900390625,7343.2998046875,1437.5,-593.67,0.7632,2031.17,,-0.5816230214233322,,0.18795440524477788,-0.0020544037188989783,
2016-02-05,7489.10009765625,18.110000610351562,15161.8740234375,11227.5498046875,11652.400390625,7495.9501953125,434.93,-109.56,0.8001,544.49,,0.3638237609882137,,0.19211759590651623,-0.011017589803000605,
2016-02-08,7387.25,20.260000228881836,15046.625,11001.4501953125,11498.7998046875,7423.2001953125,536.27,-383.23,0.7712,919.5,,-0.40641393807849746,,0.19602676129289837,0.006573240995919993,
2016-02-09,7298.2001953125,21.729999542236328,14874.9267578125,10614.25,11557.0,7295.75,231.19,134.88,0.7825,96.31,,-0.1127629119169329,,0.18493413700647732,0.03236585841588596,
2016-02-11,6976.35009765625,25.969999313354492,14028.38671875,10312.9501953125,11100.099609375,6949.4501953125,-667.37,407.27,0.7225,-1074.6399999999999,,-1.575339446629747,,0.23858402477937737,0.02111596835416754,
2016-02-12,6980.9501953125,24.670000076293945,13971.337890625,10324.4501953125,11081.0498046875,7074.5,-190.52,-418.58,0.7131,228.05999999999997,,-1.6556287025394976,,0.23920843799399288,0.00749156276894658,
2016-02-15,7162.9501953125,22.3799991607666,14444.83203125,10493.75,11191.7001953125,7391.14990234375,-1311.59,1987.45,0.7519,-3299.04,,-0.6866563704021035,,0.2609874115780354,-0.037187419970369395,
2016-02-16,7048.25,23.040000915527344,14166.28515625,10418.650390625,10936.349609375,7248.7001953125,-964.19,590.73,0.7296,-1554.92,,-1.1385268420152237,,0.2629375493257859,-0.03253754017051244,
2016-02-17,7108.4501953125,21.829999923706055,14119.685546875,10502.4501953125,11148.099609375,7320.89990234375,-560.0,384.53,0.7422,-944.53,,-0.7899948036953952,,0.2663832957393453,-0.04808329650228477,
2016-02-18,7191.75,21.489999771118164,14297.984375,10702.25,11371.349609375,7373.39990234375,418.64,712.12,0.76,-293.48,,-0.2956725981962906,,0.2682562563480582,-0.05335625863687657,
2016-02-19,7210.75,20.920000076293945,14344.033203125,10768.900390625,11341.650390625,7441.5,-191.73,16.53,0.7477,-208.26,,-0.5956314312113071,,0.26595210156315524,-0.05675210080021578,
2016-02-22,7234.5498046875,21.020000457763672,14384.6328125,10720.599609375,11487.7001953125,7464.7998046875,-656.93,597.87,0.7415,-1254.8,,-0.7032227159338017,,0.26250418230203454,-0.05230417772439783,
2016-02-23,7109.5498046875,23.84000015258789,14008.1865234375,10601.4501953125,11351.2998046875,7351.60009765625,-289.66,257.93,0.6882,-547.59,,-1.9278423070296546,,0.262796421630141,-0.0243964201042621,
2016-02-24,7018.7001953125,22.959999084472656,13793.8896484375,10468.0498046875,11130.2001953125,7261.14990234375,-730.99,605.88,0.6483,-1336.87,,-2.518226819086647,,0.2657754927569762,-0.036175501912249636,
2016-02-25,6970.60009765625,22.75,13555.54296875,10403.5,11177.099609375,7175.75,-1465.68,806.97,0.8375,-2272.65,,1.669602207182875,,0.2535812840916293,-0.02608128409162927,
2016-02-26,7029.75,21.8700008392334,13791.2900390625,10463.349609375,11164.25,7164.85009765625,-695.37,784.14,0.8114,-1479.51,,1.0510366510485771,,0.25637218665774136,-0.03767217826540739,
2016-02-29,6987.0498046875,20.15999984741211,13946.23828125,10278.400390625,11167.7001953125,7092.2998046875,-2018.02,1445.25,0.7953,-3463.27,,0.6691566917742898,,0.2563627191579635,-0.054762720683842386,
2016-03-02,7368.85009765625,18.989999771118164,15092.2744140625,10897.099609375,11278.4501953125,7435.14990234375,-357.13,-144.78,0.9076,-212.35,,2.570732786574903,,0.32523329587844124,-0.1353332981672596,
2016-03-03,7475.60009765625,18.040000915527344,15177.5732421875,11054.9501953125,11502.2998046875,7580.2998046875,911.98,-464.75,0.9685,1376.73,,2.964849277435434,,0.32235200336573416,-0.14195199421046073,
2016-03-08,7485.2998046875,18.469999313354492,15146.32421875,10914.2001953125,11570.349609375,7596.64990234375,578.17,-800.75,0.9661,1378.92,,2.4931247788232795,,0.31822942318556535,-0.13352943005202042,
2016-03-10,7486.14990234375,17.899999618530273,15180.4736328125,10826.900390625,11623.0,7688.2998046875,34.22,198.02,0.934,-163.8,,1.8565081784194328,,0.31459618759277247,-0.13559619140746973,
2016-03-11,7510.2001953125,17.100000381469727,15168.0234375,10835.4501953125,11695.599609375,7723.5498046875,-706.77,534.98,0.9254,-1241.75,,1.6000448102500862,,0.3088521795725848,-0.13785217575788755,
2016-03-14,7538.75,17.100000381469727,15277.6220703125,10866.849609375,11719.2001953125,7777.14990234375,1035.63,-805.34,0.9301,1840.9700000000003,,1.5255857063250935,,0.30467310506646217,-0.1336731012517649,
2016-03-15,7460.60009765625,17.600000381469727,15326.6220703125,10730.4501953125,11325.599609375,7711.10009765625,-54.01,-302.31,0.9183,248.3,,1.2873212202554765,,0.30375521420364826,-0.127755210388951,
2016-03-16,7498.75,17.110000610351562,15461.5205078125,10803.2001953125,11381.75,7671.7001953125,625.58,-680.16,0.9248,1305.74,0.9166666666666666,1.2756864458687889,0.8611111111111112,0.2499917405004971,-0.0788917343969815,
2016-03-17,7512.5498046875,16.84000015258789,15443.8203125,10923.5,11227.400390625,7662.60009765625,744.49,-168.38,0.9209,912.87,0.876984126984127,1.152778705852169,0.8253968253968254,0.24984207424780286,-0.08144207272192394,
2016-03-18,7604.35009765625,16.3799991607666,15654.66796875,11159.7001953125,11092.25,7767.10009765625,1712.62,-403.37,0.9612,2115.99,0.9722222222222222,1.475977687543174,0.9047619047619048,0.23831211904768232,-0.07451212744001631,
2016-03-21,7704.25,16.329999923706055,15925.9140625,11193.849609375,11235.7001953125,7867.60009765625,1396.33,-618.77,1.025,2015.1,0.9603174603174603,1.9586899014446,0.9563492063492064,0.2295978710913974,-0.06629787185433686,
2016-03-22,7714.89990234375,16.43000030517578,15935.814453125,11206.599609375,11217.5,7947.14990234375,1095.44,-930.37,1.0161,2025.81,0.9603174603174603,1.7307658703378412,0.9404761904761905,0.2293213455346639,-0.06502134248290609,
2016-03-23,7716.5,16.350000381469727,15887.5654296875,11228.150390625,11198.2998046875,7990.75,976.91,-1022.58,1.0073,1999.49,0.9523809523809523,1.5167802302314257,0.8968253968253969,0.22791300885650492,-0.06441300504180766,
2016-03-28,7615.10009765625,17.489999771118164,15604.71875,11168.7001953125,10960.0498046875,7876.7001953125,2042.94,-2494.44,0.9199,4537.38,0.9920634920634921,0.675542984712532,0.7261904761904762,0.23555847767007593,-0.060658479958894285,
2016-03-29,7597.0,17.639999389648438,15666.068359375,11114.7001953125,10665.25,7955.0,513.45,-556.69,0.9314,1070.14,0.8690476190476191,0.7353885262324964,0.7341269841269841,0.23623757492085048,-0.05983758102436612,
2016-03-30,7735.2001953125,16.809999465942383,16134.662109375,11254.5498046875,10910.2001953125,8084.0,1442.47,-396.9,1.0437,1839.37,0.9365079365079365,1.6038786081546763,0.9246031746031746,0.23012405400091115,-0.06202405934148733,
2016-03-31,7738.39990234375,16.579999923706055,16141.462890625,11309.2998046875,10989.150390625,8087.60009765625,4056.62,-2890.57,0.7552,6947.1900000000005,0.996031746031746,-0.888718281949187,0.21825396825396826,0.22172910210115693,-0.055929102864096386,
2016-04-01,7713.0498046875,17.280000686645508,16174.7119140625,11194.650390625,10928.2998046875,8030.0498046875,-667.15,-222.79,0.8119,-444.36,0.4642857142857143,-0.4343322127740397,0.36904761904761907,0.21955707256641802,-0.046757065699962935,
2016-04-04,7758.7998046875,17.450000762939453,16190.4111328125,11387.7001953125,10978.0,8124.5498046875,236.82,-333.74,0.81,570.56,0.7976190476190477,-0.4927261897280732,0.35714285714285715,0.21922215239757323,-0.04472214476817871,
2016-04-05,7603.2001953125,17.829999923706055,15694.8173828125,11274.9501953125,10876.900390625,7883.10009765625,-66.45,-78.8,0.7399,12.349999999999994,0.6190476190476191,-1.1199259543882882,0.16666666666666666,0.23394471655513477,-0.055644717318074216,
2016-04-07,7546.4501953125,16.93000030517578,15530.5693359375,11102.599609375,10984.349609375,7834.60009765625,182.28,377.45,0.7048,-195.17,0.5476190476190477,-1.4149476284000435,0.10714285714285714,0.1493059133600191,0.019994089691738715,
2016-04-08,7555.2001953125,16.43000030517578,15568.1689453125,11061.150390625,11012.5,7821.2998046875,559.49,-527.11,0.7003,1086.6,0.8888888888888888,-1.4197371018981113,0.10714285714285714,0.14095441794331265,0.02334558510844517,
2016-04-11,7671.39990234375,16.010000228881836,15818.31640625,11291.349609375,11024.75,7992.5498046875,-343.3,1089.86,0.765,-1433.1599999999999,0.19047619047619047,-0.853360123116019,0.23412698412698413,0.15036647748606122,0.009733524802757132,
2016-04-13,7850.4501953125,16.040000915527344,16278.3603515625,11351.849609375,11225.75,8399.349609375,644.27,269.89,0.9189,374.38,0.753968253968254,0.45823344076463396,0.6587301587301587,0.16903444757471925,-0.008634438419445806,
2016-04-18,7914.7001953125,16.950000762939453,16222.51171875,11597.25,11317.900390625,8386.150390625,977.98,-313.22,0.9837,1291.2,0.9126984126984127,0.9709842779212766,0.7658730158730159,0.17026337790663965,-0.0007633702772451012,
2016-04-20,7914.75,17.079999923706055,16349.509765625,11552.75,11267.5,8341.400390625,-80.1,-300.09,0.9901,219.98999999999998,0.6825396825396826,0.9726883449285313,0.7658730158730159,0.17044858640441907,0.00035141283264147893,
2016-04-21,7912.0498046875,16.510000228881836,16636.95703125,11355.400390625,11320.650390625,8320.2998046875,805.42,65.72,0.9823,739.6999999999999,0.8253968253968254,0.86469610204168,0.7341269841269841,0.1640000576300185,0.0010999446587998674,
2016-04-22,7899.2998046875,16.3799991607666,16703.20703125,11304.0498046875,11286.75,8401.400390625,191.07,-168.64,0.9647,359.71,0.7380952380952381,0.6429904370604548,0.6944444444444444,0.1645560751041247,-0.0007560834964586982,0.5
2016-04-25,7855.0498046875,16.56999969482422,16678.45703125,11315.4501953125,11185.25,8322.400390625,222.34,-747.95,0.9507,970.2900000000001,0.873015873015873,0.4595144446970173,0.6428571428571429,0.16712314842380663,-0.0014231514755644326,0.49206349206349204
2016-04-26,7962.64990234375,16.579999923706055,17002.353515625,11417.349609375,11295.599609375,8457.0498046875,512.22,21.21,1.0485,491.01000000000005,0.7738095238095238,1.3587304722204967,0.8690476190476191,0.16834774485639992,-0.0025477456193393755,0.48412698412698413
2016-04-27,7979.89990234375,16.350000381469727,16872.75390625,11453.0,11270.5498046875,8479.650390625,411.0,-295.07,1.0553,706.0699999999999,0.8095238095238095,1.333418436975068,0.8571428571428571,0.16349311236509956,6.891449597701271e-06,0.5158730158730159
2016-04-28,7847.25,16.600000381469727,16716.70703125,11287.150390625,11179.400390625,8317.650390625,120.63,-416.21,0.8831,536.8399999999999,0.7817460317460317,-0.32572697168887443,0.4087301587301587,0.17623602452878995,-0.010236020714092686,0.40476190476190477
2016-04-29,7849.7998046875,16.540000915527344,16794.8046875,11196.25,11293.25,8288.9501953125,-205.3,28.13,0.8926,-233.43,0.5119047619047619,-0.2091687631845516,0.4444444444444444,0.176230831387293,-0.01083082223201956,0.4007936507936508
2016-05-02,7805.89990234375,17.09000015258789,16542.80859375,11117.7001953125,11271.900390625,8299.0498046875,-606.83,760.02,0.8468,-1366.85,0.20634920634920634,-0.6276311300209874,0.31746031746031744,0.1701239648902949,0.0007760366355840098,0.5436507936507936
2016-05-04,7706.5498046875,17.450000762939453,16274.060546875,10948.599609375,11182.0,8087.2998046875,-800.79,55.85,0.7674,-856.64,0.36507936507936506,-1.3114650329258513,0.12698412698412698,0.17695597398855387,-0.002455966359159345,0.49603174603174605
2016-05-05,7735.5,17.170000076293945,16280.810546875,10973.849609375,11233.400390625,8133.89990234375,-388.51,251.79,0.7683,-640.3,0.42857142857142855,-1.2192955173901057,0.15079365079365079,0.16530337680953336,0.006396623953406094,0.5952380952380952
2016-05-10,7887.7998046875,16.420000076293945,16784.75390625,11034.400390625,11266.849609375,8234.349609375,243.0,-349.86,0.8497,592.86,0.8174603174603174,-0.44474236194876016,0.4007936507936508,0.17922686750627784,-0.01502686674333839,0.373015873015873
2016-05-12,7900.39990234375,16.329999923706055,16923.501953125,11081.099609375,11264.599609375,8234.25,-317.85,163.64,0.8903,-481.49,0.4642857142857143,-0.06024085022282404,0.49206349206349204,0.1785323008258704,-0.015232301588809866,0.373015873015873
2016-05-13,7814.89990234375,17.0,16716.70703125,11030.7001953125,11157.650390625,8160.39990234375,1493.88,667.03,0.809,826.8500000000001,0.8531746031746031,-0.7679523781232396,0.28174603174603174,0.18255908827970277,-0.012559088279702757,0.3888888888888889
2016-05-16,7860.75,17.030000686645508,16737.35546875,11087.75,11205.400390625,8200.2001953125,-79.84,-127.91,0.8277,48.06999999999999,0.6349206349206349,-0.5573329510520731,0.35714285714285715,0.16624360909810634,0.004056397768348735,0.5952380952380952
2016-05-18,7870.14990234375,16.450000762939453,16728.75390625,11120.0498046875,11271.2998046875,8145.35009765625,-250.7,239.91,0.8541,-490.61,0.4642857142857143,-0.27113103011896283,0.4365079365079365,0.16271926738189418,0.0017807402475003564,0.5753968253968254
2016-05-19,7783.39990234375,17.059999465942383,16565.056640625,11094.599609375,11246.0,8104.75,-764.58,1483.65,0.7755,-2248.23,0.09126984126984126,-0.9460361987899468,0.21825396825396826,0.16932730826468803,0.0012726863947357947,0.5714285714285714
2016-05-20,7749.7001953125,16.43000030517578,16481.2578125,11036.150390625,11070.650390625,8080.75,-743.86,597.49,0.7609,-1341.35,0.2222222222222222,-1.0172336133710724,0.21031746031746032,0.16232836957077004,0.001971633480987778,0.5793650793650794
2016-05-23,7731.0498046875,16.15999984741211,16407.359375,10939.900390625,10958.5,8026.60009765625,-65.6,-167.77,0.7536,102.17000000000002,0.6626984126984127,-1.0195291437958713,0.20634920634920634,0.13885263878057122,0.02274735969354988,0.8095238095238095
2016-05-24,7748.85009765625,16.219999313354492,16456.458984375,10924.7998046875,10851.150390625,8051.75,-815.53,989.95,0.7896,-1805.48,0.11507936507936507,-0.6340338662436016,0.3333333333333333,0.13537868550559942,0.02682130762794549,0.8412698412698413
2016-05-25,7934.89990234375,15.520000457763672,16997.251953125,11215.5,10908.5498046875,8211.9501953125,495.08,337.22,0.9387,157.85999999999996,0.6706349206349206,0.8519705953068959,0.7222222222222222,0.16151417494949236,-0.0063141703718556375,0.45634920634920634
2016-05-26,8069.64990234375,15.329999923706055,17359.099609375,11337.150390625,10882.2001953125,8312.650390625,581.29,685.37,0.9322,-104.08000000000004,0.5873015873015873,0.7341838910239469,0.7023809523809523,0.17202486606755626,-0.018724866830495707,0.3333333333333333
2016-05-27,8156.64990234375,15.260000228881836,17511.59765625,11420.849609375,11206.7998046875,8393.9501953125,479.89,69.34,0.9556,410.54999999999995,0.7698412698412699,0.9103518033020508,0.7301587301587301,0.17509879742038206,-0.022498795131563692,0.2896825396825397
2016-05-30,8178.5,15.979999542236328,17520.447265625,11547.5,11175.0,8497.0,355.54,-211.09,0.9784,566.63,0.8095238095238095,1.063826034174517,0.7777777777777778,0.17302529722445154,-0.013225301802088252,0.3611111111111111
2016-05-31,8160.10009765625,16.049999237060547,17620.6953125,11395.849609375,10995.4501953125,8720.400390625,-114.52,60.28,0.9666,-174.8,0.5555555555555556,0.8883055305279649,0.7222222222222222,0.16802359071395329,-0.007523598343347815,0.4365079365079365
2016-06-01,8179.9501953125,15.84000015258789,17423.24609375,11494.900390625,10957.2001953125,8670.7998046875,-242.48,576.57,0.9555,-819.0500000000001,0.38095238095238093,0.7278264892444046,0.6825396825396826,0.16804592741741822,-0.009645925891539314,0.40476190476190477
2016-06-06,8201.0498046875,15.359999656677246,17671.1953125,11395.7998046875,10678.849609375,8763.5498046875,28.3,-230.63,0.9668,258.93,0.7301587301587301,0.7981611467760127,0.6984126984126984,0.15400505643085097,-0.00040505986407851635,0.5238095238095238
2016-06-09,8203.599609375,15.670000076293945,17887.4921875,11264.849609375,10665.400390625,8784.2001953125,1438.72,-268.21,1.0338,1706.93,0.9563492063492064,1.43357819760047,0.876984126984127,0.15400733340497505,0.00269266735796439,0.5714285714285714
2016-06-10,8170.0498046875,15.970000267028809,17828.392578125,11229.0498046875,10657.599609375,8688.2998046875,353.8,-124.45,1.0084,478.25,0.7976190476190477,1.0986274752028693,0.7738095238095238,0.15308179854761977,0.006618204122668309,0.6071428571428571
2016-06-13,8110.60009765625,16.579999923706055,17593.744140625,11191.5498046875,10706.599609375,8599.099609375,212.24,-597.83,0.9742,810.07,0.8611111111111112,0.7371472273406036,0.6825396825396826,0.14701082090373696,0.01878917833332358,0.75
2016-06-14,8108.85009765625,17.190000534057617,17672.1953125,11169.4501953125,10781.400390625,8613.150390625,-113.36,-32.27,0.9643,-81.09,0.5912698412698413,0.6446876595289962,0.6507936507936508,0.14725712364230714,0.02464288169826903,0.8174603174603174
2016-06-15,8206.599609375,17.059999465942383,17917.69140625,11282.0498046875,10790.2998046875,8689.650390625,-108.23,234.1,1.0477,-342.33,0.4880952380952381,1.4827572881125426,0.8888888888888888,0.13776622919015505,0.03283376546926878,0.8928571428571429
2016-06-16,8140.75,17.700000762939453,17671.095703125,11244.25,10762.2001953125,8612.7998046875,-156.75,-163.0,0.9818,6.25,0.623015873015873,0.7789102575163901,0.6825396825396826,0.14230966973004547,0.034690337899349055,0.9047619047619048
2016-06-17,8170.2001953125,17.350000381469727,17695.845703125,11290.7998046875,10653.4501953125,8675.2001953125,31.96,-26.21,0.9905,58.17,0.6428571428571429,0.8483225163084072,0.6984126984126984,0.13468220600816735,0.03881779780652991,0.9365079365079365
2016-06-20,8238.5,17.520000457763672,17718.39453125,11506.599609375,10685.849609375,8799.0498046875,-537.46,724.06,1.0319,-1261.52,0.25793650793650796,1.2950405790484099,0.8452380952380952,0.13584767297309994,0.03935233160453677,0.9365079365079365
2016-06-21,8219.900390625,17.260000228881836,17618.89453125,11488.4501953125,10627.349609375,8858.4501953125,484.66,-335.53,1.0128,820.19,0.8611111111111112,1.1329945495851157,0.7857142857142857,0.13678663730852417,0.03581336498029419,0.9047619047619048
2016-06-22,8203.7001953125,18.18000030517578,17625.845703125,11490.7998046875,10696.5,8778.2001953125,-41.1,361.34,0.9839,-402.44,0.4722222222222222,0.7800750693297451,0.6865079365079365,0.12865581047428593,0.05314419257747188,0.9722222222222222
2016-06-23,8270.4501953125,18.020000457763672,17892.2421875,11487.0498046875,10793.099609375,8870.2001953125,81.87,203.56,1.0565,-121.69,0.5753968253968254,1.4364751841109673,0.8888888888888888,0.12729094575642283,0.052909058821213883,0.9682539682539683
2016-06-24,8088.60009765625,18.6299991607666,17425.84765625,11203.150390625,10747.7998046875,8631.650390625,-629.14,114.94,0.9552,-744.0799999999999,0.39285714285714285,0.3681248054420674,0.5476190476190477,0.15534325952492636,0.030956732082739663,0.8531746031746031
2016-06-27,8094.7001953125,18.530000686645508,17514.74609375,11008.0498046875,10964.0498046875,8605.400390625,-146.11,-147.07,0.9526,0.9599999999999795,0.6150793650793651,0.29049626323422734,0.5238095238095238,0.15543497445313248,0.029865032413322612,0.8492063492063492
2016-06-28,8127.85009765625,17.729999542236328,17561.345703125,10884.650390625,11035.349609375,8618.849609375,-190.43,-242.71,0.972,52.28,0.6468253968253969,0.4476806537220365,0.5753968253968254,0.13340484762254107,0.043895147799822204,0.9404761904761905
2016-06-29,8204.0,16.15999984741211,17689.6953125,11057.400390625,11084.7001953125,8744.7001953125,102.91,-20.19,1.0487,123.1,0.6746031746031746,1.2239120763901712,0.8214285714285714,0.12406167031140297,0.037538328162718126,0.9126984126984127
2016-06-30,8287.75,16.290000915527344,17935.19140625,11120.150390625,11142.0,8863.75,1107.42,-190.76,0.9252,1298.18,0.9365079365079365,-0.16723523649111469,0.4166666666666667,0.12347688884348322,0.039423120311790225,0.9246031746031746
2016-07-01,8328.349609375,15.739999771118164,17985.44140625,11098.400390625,11250.900390625,8894.849609375,-1051.74,190.86,0.9472,-1242.6,0.25793650793650796,0.028810882487092498,0.4642857142857143,0.1241706069716425,0.03322939073953912,0.8611111111111112
2016-07-07,8337.900390625,15.3100004196167,18084.689453125,10942.0,11527.0498046875,8801.4501953125,-299.51,-159.98,0.9711,-139.53,0.5476190476190477,0.2603292612847382,0.503968253968254,0.12360817282379603,0.02949183137237095,0.8214285714285714
2016-07-11,8467.900390625,14.850000381469727,18390.736328125,11045.9501953125,11745.7001953125,9058.7998046875,311.18,779.86,1.0053,-468.68,0.4365079365079365,0.6225655232208175,0.626984126984127,0.13375231168191615,0.014747692132781126,0.6587301587301587
2016-07-12,8521.0498046875,14.779999732971191,18667.3828125,11056.7998046875,11680.650390625,9121.849609375,193.66,-56.28,1.0589,249.94,0.7142857142857143,1.2437006966334732,0.8253968253968254,0.1346960449990996,0.013103952330612317,0.6507936507936508
2016-07-13,8519.5,15.329999923706055,18618.732421875,11128.2001953125,11639.7998046875,9069.9501953125,290.53,-654.73,1.0058,945.26,0.8928571428571429,0.5076177146575356,0.5912698412698413,0.1347851513163147,0.01851484792074587,0.6865079365079365
2016-07-14,8565.0,15.609999656677246,18863.53125,11157.849609375,11590.650390625,9115.150390625,869.84,-874.15,1.0098,1743.99,0.9603174603174603,0.558174614404708,0.6111111111111112,0.13337685690870735,0.022723139658065106,0.7420634920634921
2016-07-15,8541.400390625,15.640000343322754,18953.4296875,10716.4501953125,11607.7001953125,9204.4501953125,1461.26,-1033.97,0.9818,2495.23,0.9880952380952381,-0.14100937730480012,0.4087301587301587,0.1299413097455645,0.026458693687663043,0.7817460317460317
2016-07-18,8508.7001953125,15.989999771118164,18923.1796875,10735.099609375,11556.849609375,9226.0,599.09,-439.09,0.9524,1038.18,0.8928571428571429,-0.9476660399900055,0.20238095238095238,0.13160189855764368,0.028298099153537953,0.8134920634920635
2016-07-19,8528.5498046875,15.800000190734863,18904.9296875,10766.2998046875,11647.0,9260.0498046875,548.9,-377.43,0.9642,926.3299999999999,0.876984126984127,-0.6805178435199432,0.27380952380952384,0.12665361820320786,0.03134638370414078,0.8373015873015873
2016-07-20,8565.849609375,15.989999771118164,18967.978515625,10764.7001953125,11925.349609375,9279.7998046875,215.21,-45.45,0.9934,260.66,0.7063492063492064,0.09926707592040289,0.46825396825396826,0.12122986775385743,0.038670129957324204,0.9126984126984127
2016-07-21,8510.099609375,15.710000038146973,18674.083984375,10772.25,11820.650390625,9208.650390625,420.22,-372.4,0.9313,792.62,0.8293650793650794,-1.545297409558725,0.09523809523809523,0.125322150041811,0.03177785033965874,0.8333333333333334
2016-07-22,8541.2001953125,15.5,18690.18359375,10756.0,11815.75,9290.5,437.78,-365.67,0.9551,803.45,0.8333333333333334,-0.882918539301231,0.2261904761904762,0.1232935015752398,0.0317064984247602,0.8293650793650794
2016-07-25,8635.650390625,15.720000267028809,18989.37890625,10870.900390625,11869.599609375,9378.7998046875,891.01,-67.89,1.0212,958.9,0.8809523809523809,0.8364401128139172,0.7063492063492064,0.12643812310539468,0.030761879564893402,0.8174603174603174
2016-07-26,8590.650390625,15.619999885559082,18860.630859375,10877.650390625,11691.150390625,9255.400390625,670.89,-418.29,0.981,1089.18,0.9007936507936508,-0.2599381218932558,0.3888888888888889,0.1284632407352526,0.02773675812033824,0.7777777777777778
2016-07-27,8615.7998046875,15.430000305175781,19021.728515625,10928.4501953125,11569.900390625,9330.75,404.69,-152.47,0.9921,557.16,0.7738095238095238,0.08022553313954559,0.4801587301587302,0.12666506151153903,0.027634941540218783,0.7738095238095238
2016-07-28,8666.2998046875,15.149999618530273,19076.328125,10935.650390625,11615.75,9404.349609375,1767.06,-1074.47,0.8938,2841.5299999999997,0.9880952380952381,-2.301435469767752,0.01984126984126984,0.088851527085904,0.06264846909939874,0.9920634920634921
2016-07-29,8638.5,14.920000076293945,18952.9296875,10913.2998046875,11697.25,9470.849609375,-14.02,148.34,0.8824,-162.36,0.5,-2.271402928476236,0.027777777777777776,0.09152318711587361,0.05767681364706585,0.9761904761904762
2016-08-01,8636.5498046875,15.180000305175781,18740.380859375,11139.0498046875,11685.400390625,9530.0498046875,-1236.95,1003.99,0.8448,-2240.94,0.07936507936507936,-2.639372479554002,0.003968253968253968,0.0922779176511236,0.05952208540063421,0.9841269841269841
2016-08-02,8622.900390625,15.6899995803833,18708.033203125,11179.0,11567.7998046875,9469.599609375,-84.56,279.49,0.8144,-364.05,0.43253968253968256,-2.735797869664141,0.003968253968253968,0.09052234982265968,0.06637764598117334,0.9920634920634921
2016-08-03,8544.849609375,16.239999771118164,18601.783203125,11181.400390625,11553.2001953125,9301.75,775.07,-1341.51,0.761,2116.58,0.9801587301587301,-2.945573619999903,0.003968253968253968,0.0945958480798197,0.06780414963136193,0.9920634920634921
2016-08-04,8551.099609375,15.140000343322754,18571.482421875,11148.4501953125,11591.0,9439.75,180.27,-159.01,0.8189,339.28,0.7023809523809523,-1.891013034096087,0.07539682539682539,0.09378518912147603,0.057614814311751514,0.9603174603174603
2016-08-08,8711.349609375,14.59000015258789,18939.228515625,11197.2001953125,11692.650390625,9797.5498046875,1156.19,-876.34,0.9198,2032.5300000000002,0.9761904761904762,-0.4701768494262946,0.36507936507936506,0.11197903589787292,0.03392096562800598,0.8333333333333334
2016-08-09,8678.25,14.539999961853027,18933.080078125,11198.0,11595.150390625,9747.599609375,111.41,-587.43,0.893,698.8399999999999,0.7817460317460317,-0.7867104388972908,0.27380952380952384,0.10213095381465082,0.04326904580387947,0.9126984126984127
2016-08-11,8592.150390625,14.210000038146973,18640.18359375,11222.2001953125,11376.900390625,9513.25,86.66,294.06,0.8527,-207.4,0.46825396825396826,-1.2531768277962763,0.15079365079365079,0.10762697199130483,0.03447302839016489,0.8333333333333334
2016-08-16,8642.5498046875,14.180000305175781,19001.9296875,10993.5498046875,11420.0,9558.599609375,684.73,-108.98,0.906,793.71,0.8134920634920635,-0.48260231775339807,0.36507936507936506,0.10929881191383496,0.03250119113792284,0.8015873015873016
2016-08-17,8624.0498046875,14.779999732971191,19041.029296875,10808.75,11496.7998046875,9647.0,0.05,-89.37,0.8954,89.42,0.5912698412698413,-0.6000284407897859,0.3333333333333333,0.10833237297290506,0.039467624356806855,0.8968253968253969
2016-08-18,8673.25,14.550000190734863,19352.576171875,10783.5,11565.2998046875,9678.599609375,162.17,-14.42,0.9432,176.58999999999997,0.626984126984127,0.07176063597013281,0.503968253968254,0.10926960335059924,0.036230398556749394,0.8531746031746031
2016-08-19,8666.900390625,14.539999961853027,19414.47265625,10727.599609375,11587.400390625,9638.5498046875,409.94,106.19,0.9685,303.75,0.6785714285714286,0.42716297404036313,0.5793650793650794,0.10808504004017075,0.037314959578359536,0.8690476190476191
2016-08-22,8629.150390625,14.239999771118164,19330.025390625,10593.2001953125,11473.7998046875,9539.0,-300.5,52.5,0.8901,-353.0,0.42063492063492064,-0.6179778691732205,0.31746031746031744,0.10953058724563892,0.03286941046554272,0.8015873015873016
2016-08-23,8632.599609375,13.899999618530273,19341.42578125,10767.099609375,11409.0498046875,9526.2998046875,-0.19,-451.87,0.9095,451.68,0.7261904761904762,-0.3281248293750781,0.38492063492063494,0.10861729053335768,0.03038270565194505,0.7579365079365079
2016-08-24,8650.2998046875,13.489999771118164,19355.375,10786.349609375,11536.5498046875,9529.0,-39.28,129.18,0.9379,-168.46,0.47619047619047616,0.08809742635147606,0.503968253968254,0.10559713700070922,0.029302860710472417,0.7341269841269841
2016-08-25,8592.2001953125,13.289999961853027,19304.025390625,10665.650390625,11490.849609375,9470.849609375,-372.08,-357.02,0.9662,-15.060000000000002,0.5396825396825397,0.5016341494880139,0.6150793650793651,0.10830597997972231,0.02459401963880796,0.6587301587301587
2016-08-26,8572.5498046875,13.569999694824219,19195.52734375,10523.0498046875,11395.4501953125,9538.400390625,341.35,-266.43,0.9815,607.78,0.7817460317460317,0.7434257128131853,0.7023809523809523,0.10091303531699447,0.034786961631247726,0.8293650793650794
2016-08-29,8607.4501953125,13.170000076293945,19216.77734375,10385.349609375,11382.349609375,9697.0,286.52,17.49,0.9876,269.03,0.6666666666666666,0.9144328565785756,0.753968253968254,0.10036673515520349,0.03133326560773596,0.7619047619047619
2016-08-30,8744.349609375,13.020000457763672,19531.32421875,10572.2998046875,11552.75,9866.0498046875,390.63,485.14,1.0326,-94.50999999999999,0.5158730158730159,1.5658466569659932,0.9325396825396826,0.11454121448148791,0.015658790096148817,0.5515873015873016
2016-08-31,8786.2001953125,13.239999771118164,19787.369140625,10546.099609375,11489.150390625,9897.2998046875,854.19,847.7,1.0854,6.490000000000009,0.5555555555555556,2.1806453467301994,0.9801587301587301,0.11397060031173374,0.01842939739944789,0.5714285714285714
2016-09-02,8809.650390625,12.9399995803833,19882.96875,10528.349609375,11555.150390625,10052.9501953125,-680.7,-174.14,1.0479,-506.56000000000006,0.3611111111111111,1.5589588664107614,0.9285714285714286,0.11321026606954798,0.016189729734285035,0.5476190476190477
2016-09-06,8943.0,12.75,20425.9609375,10545.2998046875,11612.7001953125,10348.5498046875,234.2,-317.74,1.1365,551.94,0.7619047619047619,2.3994666149886963,0.9880952380952381,0.12352487356606887,0.0039751264339311365,0.4087301587301587
2016-09-08,8952.5,13.119999885559082,20417.01171875,10240.5,11936.650390625,10458.650390625,144.15,-610.15,1.112,754.3,0.8055555555555556,1.905876227351322,0.9682539682539683,0.12293610111739275,0.008263897738198078,0.4642857142857143
2016-09-09,8866.7001953125,13.229999542236328,20245.06640625,10291.900390625,11818.7998046875,10299.2001953125,-315.24,-328.26,1.0539,13.019999999999982,0.5555555555555556,1.1941577160401213,0.8253968253968254,0.12358502812886228,0.008714967293501005,0.46825396825396826
2016-09-12,8715.599609375,15.239999771118164,19790.369140625,10374.9501953125,11622.599609375,10013.5,200.52,289.57,0.9594,-89.04999999999998,0.5079365079365079,0.12619164441102776,0.5119047619047619,0.14089138547145386,0.011508612239727795,0.49603174603174605
2016-09-14,8726.599609375,14.760000228881836,19908.919921875,10302.849609375,11640.599609375,10086.25,-477.33,-8.53,0.9599,-468.8,0.3611111111111111,0.12997249416586754,0.5198412698412699,0.12465173031102914,0.02294827197778923,0.6349206349206349
2016-09-15,8742.5498046875,14.680000305175781,19837.3203125,10289.5,11715.650390625,10064.0498046875,345.42,-456.91,0.9772,802.33,0.8214285714285714,0.3433897142758945,0.5595238095238095,0.12391917963543196,0.022880823416325843,0.6349206349206349
2016-09-16,8779.849609375,14.579999923706055,19855.21875,10399.25,11725.5,10117.9501953125,660.59,-213.13,0.9949,873.72,0.8492063492063492,0.5368754267395366,0.6388888888888888,0.11833937999688628,0.027460619240174275,0.7023809523809523
2016-09-19,8808.400390625,14.9399995803833,19906.619140625,10463.400390625,11766.650390625,10146.349609375,205.38,-252.28,1.0057,457.65999999999997,0.7103174603174603,0.6515404654408401,0.6785714285714286,0.11730478347546101,0.032095212328371994,0.7738095238095238
2016-09-20,8775.900390625,14.779999732971191,19852.0703125,10426.7001953125,11746.400390625,10075.0,-1146.93,777.52,0.9866,-1924.45,0.07936507936507936,0.40355975443069286,0.5753968253968254,0.1179758638692096,0.02982413346050232,0.7380952380952381
2016-09-21,8777.150390625,14.8100004196167,19828.21875,10456.5,11730.9501953125,10095.9501953125,183.85,-230.59,0.9919,414.44,0.7023809523809523,0.4253567806413294,0.5912698412698413,0.11660766249835905,0.03149234169780793,0.7619047619047619
2016-09-22,8867.4501953125,13.34000015258789,20109.365234375,10397.150390625,11844.4501953125,10250.349609375,336.87,310.35,1.0451,26.519999999999982,0.5595238095238095,0.9653427200911557,0.7738095238095238,0.12135382765868968,0.01204617386718923,0.5119047619047619
2016-09-23,8831.5498046875,13.25,19901.5703125,10391.0498046875,11798.650390625,10224.9501953125,-299.98,496.14,1.0204,-796.12,0.2976190476190476,0.6309479637490624,0.6666666666666666,0.12117295105874577,0.011327048941254234,0.4880952380952381
2016-09-26,8723.0498046875,14.569999694824219,19591.521484375,10330.0,11708.7001953125,10048.650390625,-206.4,-113.35,0.9507,-93.05000000000001,0.5119047619047619,-0.32232201191914056,0.3888888888888889,0.13035300781061948,0.015346989137622696,0.5476190476190477
2016-09-27,8706.400390625,14.25,19518.47265625,10397.0,11782.599609375,9992.5,-155.76,90.67,0.9329,-246.43,0.4246031746031746,-0.6676143459280641,0.29365079365079366,0.1304952361238336,0.012004763876166391,0.5158730158730159
2016-09-28,8745.150390625,13.850000381469727,19653.322265625,10360.5,11777.75,10115.9501953125,73.83,-69.53,0.9939,143.36,0.6111111111111112,0.1984993111568024,0.5396825396825397,0.1284891735692996,0.010010830245397673,0.4801587301587302
2016-09-29,8591.25,18.450000762939453,19183.427734375,10257.7998046875,11432.2001953125,9893.849609375,3413.37,1630.88,0.9037,1782.4899999999998,0.9484126984126984,-1.1626578101998934,0.18253968253968253,0.14430646272874548,0.04019354490064905,0.8968253968253969
2016-09-30,8611.150390625,17.18000030517578,19285.474609375,10292.2998046875,11461.0,10029.2998046875,-1028.31,1560.29,0.8915,-2588.6,0.051587301587301584,-1.4133678506105274,0.13095238095238096,0.1438034835344721,0.027996519517285712,0.7103174603174603
2016-10-03,8738.099609375,15.619999885559082,19588.822265625,10309.849609375,11638.25,10275.5,1063.11,-598.03,0.9035,1661.1399999999999,0.9365079365079365,-1.2232335956028668,0.17063492063492064,0.1421879947673934,0.014012004088197416,0.5476190476190477
2016-10-05,8743.9501953125,14.930000305175781,19536.623046875,10333.400390625,11615.900390625,10344.0,328.59,68.2,0.8781,260.39,0.6626984126984127,-1.5875142389831354,0.1111111111111111,0.14108841488318866,0.00821158816856915,0.4523809523809524
2016-10-06,8709.5498046875,14.84000015258789,19394.826171875,10242.5,11494.4501953125,10269.849609375,201.32,-165.62,0.8968,366.94,0.6984126984126984,-1.2487141771682562,0.15873015873015872,0.14123248497890128,0.007167516546977615,0.4365079365079365
2016-10-10,8708.7998046875,14.289999961853027,19378.326171875,10270.9501953125,11547.2998046875,10335.7998046875,-547.26,468.96,0.869,-1016.22,0.25793650793650796,-1.546291134282736,0.11904761904761904,0.12873538793197498,0.014164611686555306,0.5555555555555556
2016-10-13,8573.349609375,15.430000305175781,18954.029296875,10243.75,11338.849609375,10203.0,-911.53,679.49,0.8374,-1591.02,0.1111111111111111,-1.8966052320600646,0.07142857142857142,0.13799280721166915,0.016307195840088662,0.5714285714285714
2016-10-14,8583.400390625,14.890000343322754,19019.9296875,10228.650390625,11380.099609375,10223.4501953125,-946.42,556.9,0.8424,-1503.32,0.1349206349206349,-1.7241540518216336,0.10317460317460317,0.13554631566012454,0.013353687773103001,0.5396825396825397
2016-10-17,8520.400390625,15.65999984741211,19070.1796875,10158.75,11279.400390625,10008.400390625,-456.64,235.57,0.7981,-692.21,0.31746031746031744,-2.0762662139769805,0.06746031746031746,0.12463233779293621,0.03196766068118488,0.7738095238095238
2016-10-18,8677.900390625,14.539999961853027,19494.82421875,10377.150390625,11469.4501953125,10150.0498046875,345.04,173.36,0.9189,171.68,0.6071428571428571,-0.5780804441859934,0.34523809523809523,0.14241208924959442,0.0029879103689358644,0.376984126984127
2016-10-19,8659.099609375,14.609999656677246,19411.873046875,10411.099609375,11527.75,10092.5498046875,-282.77,724.64,0.9158,-1007.41,0.25793650793650796,-0.5858573069735957,0.3333333333333333,0.14233456768554886,0.003765428881223609,0.38492063492063494
2016-10-20,8699.400390625,14.170000076293945,19658.470703125,10372.9501953125,11483.349609375,10088.7001953125,7.3,583.22,0.9074,-575.9200000000001,0.3373015873015873,-0.6509480169180513,0.30158730158730157,0.14251141745759052,-0.0008114166946510681,0.31746031746031744
2016-10-21,8693.0498046875,13.829999923706055,19710.671875,10477.099609375,11494.5498046875,10101.599609375,-272.91,500.37,0.9214,-773.28,0.2976190476190476,-0.4427098102957636,0.376984126984127,0.14183701500135953,-0.0035370157642989897,0.2976190476190476
2016-10-24,8708.9501953125,14.329999923706055,19807.669921875,10327.7001953125,11487.599609375,10188.2001953125,-325.13,333.26,0.9276,-658.39,0.31746031746031744,-0.3171152338688625,0.40476190476190477,0.14162325070196619,0.0016767485350943634,0.36904761904761907
2016-10-25,8691.2998046875,14.479999542236328,19834.669921875,10261.400390625,11585.9501953125,10143.7001953125,-606.34,389.11,0.9191,-995.45,0.25396825396825395,-0.37927929349863865,0.38095238095238093,0.14172609534996647,0.0030739000723968013,0.3888888888888889
2016-10-26,8615.25,14.449999809265137,19483.373046875,10157.349609375,11454.900390625,10056.5498046875,-1450.65,989.46,0.8373,-2440.11,0.05555555555555555,-1.4206273056976162,0.13095238095238096,0.13868377555191827,0.005816222540733107,0.4166666666666667
2016-10-27,8615.25,14.09000015258789,19514.373046875,10052.900390625,11534.5498046875,9912.849609375,-469.93,856.5,0.919,-1326.43,0.18253968253968253,-0.2053509544543184,0.44047619047619047,0.13841692759647337,0.002483073929405527,0.38095238095238093
2016-10-28,8638.0,14.649999618530273,19555.72265625,10048.400390625,11571.849609375,10056.7001953125,-777.58,1124.08,0.9431,-1901.6599999999999,0.09126984126984126,0.2512327544848151,0.5595238095238095,0.1325475576207472,0.013952438564555553,0.5555555555555556
2016-11-01,8626.25,15.739999771118164,19458.373046875,9990.599609375,11530.150390625,10105.5498046875,-1319.24,900.99,0.9261,-2220.23,0.08333333333333333,-0.018412403170175468,0.48412698412698413,0.1324838006996149,0.02491619701156672,0.6785714285714286
2016-11-02,8514.0,16.799999237060547,19227.677734375,9871.25,11268.900390625,9973.7998046875,-1112.66,1222.12,0.893,-2334.7799999999997,0.05555555555555555,-0.5448409261080017,0.32936507936507936,0.13837143310998234,0.029628559260623133,0.7261904761904762
2016-11-03,8484.9501953125,16.469999313354492,19178.4765625,9809.75,11124.2998046875,9948.25,378.36,-432.81,0.8838,811.1700000000001,0.8253968253968254,-0.6529972949906759,0.27380952380952384,0.12447307578722289,0.04022691734632203,0.8968253968253969
2016-11-07,8497.0498046875,16.510000228881836,19355.775390625,9970.0,10818.75,9892.599609375,1055.8,-610.57,0.8855,1666.37,0.9365079365079365,-0.57424435884887,0.32142857142857145,0.1242347828653111,0.04086521942350725,0.8968253968253969
2016-11-08,8543.5498046875,16.770000457763672,19500.57421875,10008.400390625,10665.7998046875,10079.7001953125,608.35,-621.65,0.9008,1230.0,0.9007936507936508,-0.2547459724733328,0.4126984126984127,0.11300637478619277,0.05469362979144396,0.9484126984126984
2016-11-11,8296.2998046875,17.360000610351562,19738.572265625,9434.599609375,10901.25,9308.2998046875,-1493.27,64.72,0.7581,-1557.99,0.1111111111111111,-2.489296515510367,0.01984126984126984,0.1506905055793901,0.02290950052412552,0.6349206349206349
2016-11-15,8108.4501953125,20.149999618530273,19289.525390625,9487.0,10747.900390625,8828.599609375,-2353.82,-104.83,0.6726,-2248.9900000000002,0.051587301587301584,-3.130551791578247,0.003968253968253968,0.16702870444192497,0.03447129174337776,0.8015873015873016
2016-11-16,8111.60009765625,19.5,19107.876953125,9641.0,10559.25,8918.650390625,-1957.04,2344.31,0.6897,-4301.35,0.003968253968253968,-2.5861888182246364,0.01984126984126984,0.16716862248260472,0.027831377517395284,0.6825396825396826
2016-11-17,8079.9501953125,18.709999084472656,19087.626953125,9496.2001953125,10595.650390625,8915.599609375,-983.93,1144.15,0.697,-2128.08,0.07936507936507936,-2.2571674186877067,0.05555555555555555,0.16095283700241517,0.026147153842311394,0.6547619047619048
2016-11-18,8074.10009765625,17.809999465942383,18958.830078125,9476.4501953125,10751.4501953125,8983.849609375,-926.32,1143.44,0.6966,-2069.76,0.08333333333333333,-2.025412835908058,0.07936507936507936,0.16044667431924609,0.017653320340177747,0.5595238095238095
2016-11-21,7929.10009765625,19.100000381469727,18446.185546875,9453.75,10642.099609375,8681.599609375,-1310.82,1211.01,0.644,-2521.83,0.03968253968253968,-2.3131494126670775,0.04365079365079365,0.16861120578101868,0.022388798033678575,0.6071428571428571
2016-11-22,8002.2998046875,18.469999313354492,18548.435546875,9509.4501953125,10693.849609375,8852.900390625,-692.85,1075.2,0.6672,-1768.0500000000002,0.1111111111111111,-1.8911870276005462,0.09523809523809523,0.15548076072612535,0.029219232407419582,0.6904761904761905
2016-11-23,8033.2998046875,18.040000915527344,18540.685546875,9549.849609375,10934.2001953125,8891.150390625,-1023.12,1254.67,0.6878,-2277.79,0.05555555555555555,-1.5373137720738823,0.14285714285714285,0.15790749679247573,0.0224925123627977,0.6031746031746031
2016-11-24,7965.5,17.15999984741211,18255.88671875,9656.25,10762.4501953125,8754.5,-2010.15,1648.22,0.9118,-3658.37,0.007936507936507936,0.7507072047053475,0.7301587301587301,0.15550626184000677,0.016093736634114342,0.5277777777777778
2016-11-25,8114.2998046875,17.610000610351562,18507.0859375,10114.900390625,11085.0,8780.400390625,-372.88,997.84,0.9296,-1370.72,0.18253968253968253,0.9169429035735386,0.7777777777777778,0.1752765769131999,0.000823429190315722,0.31746031746031744
2016-11-28,8126.89990234375,18.059999465942383,18301.236328125,10106.2001953125,11110.25,8826.650390625,-1436.4,1233.79,0.9331,-2670.19,0.03968253968253968,0.922136422548943,0.7777777777777778,0.17516924832178424,0.005430746337639597,0.373015873015873
2016-11-29,8142.14990234375,17.709999084472656,18223.5390625,10059.599609375,11061.2998046875,9017.9501953125,-715.3,534.2,0.9425,-1249.5,0.23015873015873015,0.9889062980002183,0.7976190476190477,0.17613717813092017,0.0009628127138063824,0.3134920634920635
2016-11-30,8224.5,16.850000381469727,18627.583984375,10087.7001953125,11080.0498046875,9113.7998046875,-434.42,676.68,1.0261,-1111.1,0.25396825396825395,1.6754300676664002,0.9484126984126984,0.18093994007841913,-0.012439936263721862,0.19444444444444445
2016-12-01,8192.900390625,16.690000534057617,18428.234375,10049.75,11132.0498046875,9041.0,-540.99,141.25,1.0027,-682.24,0.3373015873015873,1.3571602271919028,0.8849206349206349,0.18080097368208609,-0.013900968341509917,0.18253968253968253
2016-12-02,8086.7998046875,17.93000030517578,18247.4375,9922.7998046875,11038.0498046875,8888.7001953125,-398.37,545.07,0.9719,-943.44,0.29365079365079366,1.0189900908514649,0.7976190476190477,0.18341907873035326,-0.004119075678595457,0.24603174603174602
2016-12-05,8128.75,17.290000915527344,18408.685546875,9836.0,11073.5,9046.25,24.14,258.35,0.9706,-234.21000000000004,0.4365079365079365,0.9455301722300464,0.7738095238095238,0.185785548471617,-0.012885539316343564,0.18253968253968253
2016-12-07,8102.0498046875,16.850000381469727,18233.9375,9777.900390625,10832.650390625,9053.25,212.92,119.27,0.9398,93.64999999999999,0.5912698412698413,0.6654433538074541,0.6746031746031746,0.18191586240266275,-0.013415858587965485,0.1746031746031746
2016-12-08,8246.849609375,15.529999732971191,18515.234375,9935.900390625,10972.650390625,9299.0498046875,1203.71,-392.47,1.023,1596.18,0.9285714285714286,1.326181354577102,0.876984126984127,0.19543337370165664,-0.04013337637194472,0.10714285714285714
2016-12-09,8261.75,15.069999694824219,18695.583984375,9997.5,10929.4501953125,9252.2998046875,-593.61,-12.9,1.0483,-580.71,0.3492063492063492,1.447756461814527,0.9007936507936508,0.19551150109792004,-0.044811504149677855,0.10317460317460317
2016-12-12,8170.7998046875,16.190000534057617,18392.736328125,9953.900390625,10895.900390625,9092.0,-94.45,-266.2,0.9948,171.75,0.6111111111111112,0.973535843082253,0.7817460317460317,0.19661690716879154,-0.03471690182821538,0.12698412698412698
2016-12-13,8221.7998046875,15.920000076293945,18465.8359375,10058.650390625,10947.900390625,9196.0,-2181.03,178.92,1.0078,-2359.9500000000003,0.05555555555555555,1.0400916220715941,0.7936507936507936,0.17029111518491435,-0.011091114421974912,0.20238095238095238
2016-12-14,8182.4501953125,16.59000015258789,18341.287109375,10128.9501953125,10859.25,9146.0498046875,-632.29,210.86,0.9937,-843.15,0.2976190476190476,0.8964336662040414,0.7380952380952381,0.14948741442138955,0.016412587104489368,0.5357142857142857
2016-12-15,8153.60009765625,15.65999984741211,18400.935546875,10195.75,10655.5,9118.25,-611.97,-177.48,0.9744,-434.49,0.39285714285714285,0.7035206807475335,0.6706349206349206,0.15015658097319473,0.006443417500926363,0.38095238095238093
2016-12-16,8139.4501953125,15.25,18312.587890625,10222.9501953125,10646.5,9153.5,-90.36,30.48,0.9489,-120.84,0.49206349206349204,0.4946881236786141,0.6111111111111112,0.14955364015948483,0.002946359840515167,0.3373015873015873
2016-12-19,8104.35009765625,14.84000015258789,18256.837890625,10223.650390625,10555.7001953125,9098.0498046875,-535.77,556.36,0.9193,-1092.13,0.24603174603174602,0.2706263104782046,0.5634920634920635,0.15044424669155784,-0.002044245165678943,0.25396825396825395
2016-12-20,8082.39990234375,14.539999961853027,18069.189453125,10322.849609375,10436.75,9023.0498046875,-685.93,418.93,0.874,-1104.86,0.24206349206349206,-0.07006830273850456,0.49603174603174605,0.13469029634005134,0.01070970327847895,0.4444444444444444
2016-12-21,8061.2998046875,14.710000038146973,18084.2890625,10228.25,10361.599609375,9013.0,-1178.08,1057.96,0.884,-2236.04,0.09126984126984126,0.010600156435180164,0.5198412698412699,0.13160350590674602,0.015496494474723704,0.5158730158730159
2016-12-22,7979.10009765625,15.550000190734863,17891.2421875,10163.0,10226.150390625,8961.2998046875,-614.4,319.79,0.8463,-934.19,0.2857142857142857,-0.2745297535871213,0.43253968253968256,0.13608761759049112,0.019412384316857517,0.5674603174603174
2016-12-23,7985.75,15.130000114440918,17883.79296875,10071.0498046875,10156.650390625,8987.25,-1462.65,1614.94,0.8577,-3077.59,0.023809523809523808,-0.1780118702260624,0.4801587301587302,0.13267395368403798,0.018626047460371192,0.5595238095238095
2016-12-26,7908.25,16.600000381469727,17655.345703125,10023.2998046875,9889.2998046875,8854.75,-1095.04,1065.39,0.7775,-2160.4300000000003,0.10317460317460317,-0.7651029740586046,0.27380952380952384,0.11783874184375961,0.04816126197093765,0.9206349206349206
2016-12-27,8032.85009765625,15.079999923706055,17879.34375,10170.7001953125,10083.0,8991.7998046875,-712.17,1502.41,0.881,-2214.58,0.10317460317460317,0.004269264437928532,0.5277777777777778,0.13207673849275492,0.018723260744305636,0.5555555555555556
2016-12-28,8034.85009765625,15.539999961853027,17876.4921875,10198.599609375,10149.349609375,8981.150390625,-527.06,824.84,0.901,-1351.9,0.1984126984126984,0.10678482131448327,0.5634920634920635,0.1318014406076436,0.02359855901088667,0.623015873015873
2016-12-29,8103.60009765625,15.279999732971191,18032.94140625,10291.849609375,10132.349609375,9109.0498046875,-662.29,957.83,0.9833,-1620.12,0.15079365079365079,0.7348838958515554,0.7182539682539683,0.1302403125831076,0.02255968474660433,0.5952380952380952
2016-12-30,8185.7998046875,15.470000267028809,18176.98828125,10399.25,10267.0,9141.75,-585.64,725.26,1.0115,-1310.9,0.2222222222222222,0.9242192504992407,0.7936507936507936,0.1351365918737621,0.019563410796525987,0.5595238095238095
2017-01-02,8179.5,15.829999923706055,17969.390625,10367.0498046875,10310.2001953125,9326.900390625,92.73,1133.74,0.9949,-1041.01,0.2896825396825397,0.7282376997791974,0.7142857142857143,0.12621641235199657,0.032083586885063964,0.753968253968254
2017-01-03,8192.25,15.960000038146973,18035.390625,10362.25,10317.4501953125,9300.2998046875,-198.27,254.21,1.0043,-452.48,0.4246031746031746,0.7989394821113908,0.753968253968254,0.1251146989006659,0.03448530148080384,0.8055555555555556
2017-01-06,8243.7998046875,14.90999984741211,18263.787109375,10110.4501953125,10472.7001953125,9506.650390625,-517.31,171.65,1.0283,-688.9599999999999,0.3611111111111111,1.0767270670782292,0.8492063492063492,0.1259867401680901,0.023113258306030976,0.6111111111111112
2017-01-09,8236.0498046875,15.479999542236328,18286.4375,10198.4501953125,10323.4501953125,9495.9501953125,-832.81,731.72,1.014,-1564.53,0.15873015873015872,0.9385745910411395,0.7976190476190477,0.1091827659412375,0.04561722948112577,0.9126984126984127
2017-01-11,8380.650390625,14.8100004196167,18829.78125,10220.5498046875,10464.650390625,9703.650390625,1038.31,-667.91,1.1306,1706.2199999999998,0.9365079365079365,2.366455132044404,0.9801587301587301,0.12554326154617745,0.022556742649989525,0.5873015873015873
2017-01-12,8407.2001953125,14.609999656677246,18873.73046875,10398.7998046875,10401.75,9676.9501953125,306.11,176.19,1.1038,129.92000000000002,0.6309523809523809,1.804296425465837,0.9563492063492064,0.11774764959432976,0.02835234697244271,0.6865079365079365
2017-01-13,8400.349609375,14.380000114440918,18911.87890625,10263.5498046875,10445.099609375,9600.7001953125,-117.59,-473.5,1.0921,355.90999999999997,0.7023809523809523,1.5198252178471485,0.9206349206349206,0.11658980614746735,0.02721019499694184,0.6587301587301587
2017-01-16,8412.7998046875,15.069999694824219,19096.2265625,10173.099609375,10418.2001953125,9650.7001953125,-347.25,203.45,1.1198,-550.7,0.39285714285714285,1.7033527166302562,0.9484126984126984,0.11450748007083796,0.03619251687740423,0.8412698412698413
2017-01-17,8398.0,15.390000343322754,19066.830078125,10206.7998046875,10426.650390625,9641.849609375,142.21,-607.23,1.0833,749.44,0.8015873015873016,1.2176145731239925,0.8492063492063492,0.1136675472719327,0.04023245616129484,0.8968253968253969
2017-01-19,8435.099609375,15.020000457763672,19124.02734375,10222.150390625,10389.75,9709.0,-132.26,379.63,1.0732,-511.89,0.3968253968253968,1.0517255702282713,0.8214285714285714,0.11345596673418734,0.03674403784344937,0.8531746031746031
2017-01-20,8349.349609375,15.789999961853027,18820.58203125,10132.650390625,10307.849609375,9601.0,-26.34,-175.48,1.0072,149.14,0.626984126984127,0.2786651587618597,0.5634920634920635,0.1194372073941377,0.03846279222439257,0.873015873015873
2017-01-23,8391.5,15.90999984741211,18842.48046875,10219.400390625,10214.150390625,9665.0,-288.8,519.99,1.0531,-808.79,0.32142857142857145,0.7665640341088186,0.7063492063492064,0.11898805464768053,0.040111943826440566,0.8968253968253969
2017-01-24,8475.7998046875,15.289999961853027,19023.279296875,10201.599609375,10339.4501953125,9828.2001953125,93.95,533.49,1.1318,-439.54,0.42063492063492064,1.528607070844038,0.9206349206349206,0.12107677730288607,0.03182322231564419,0.7619047619047619
2017-01-25,8602.75,15.170000076293945,19472.97265625,10164.4501953125,10332.599609375,9967.7001953125,1378.81,383.03,0.9698,995.78,0.8650793650793651,-0.22481878856569298,0.4126984126984127,0.11878232559823912,0.032917675164700344,0.8015873015873016
2017-01-27,8641.25,16.010000228881836,19708.072265625,10181.849609375,10367.2001953125,10014.849609375,211.77,482.52,0.944,-270.75,0.44841269841269843,-0.4708952457883598,0.3333333333333333,0.11829283233329899,0.04180716995551936,0.9246031746031746
2017-01-30,8632.75,16.670000076293945,19585.021484375,10170.650390625,10412.150390625,9928.650390625,607.36,40.04,0.9058,567.32,0.7619047619047619,-0.8471775694486205,0.21031746031746032,0.108518443237957,0.058181557524982455,0.9841269841269841
2017-01-31,8561.2998046875,16.829999923706055,19514.923828125,9848.5,10236.349609375,9837.75,-532.88,237.37,0.8972,-770.25,0.3253968253968254,-0.8887785626585712,0.19444444444444445,0.10887877498694208,0.05942122425011846,0.9841269841269841
2017-02-01,8716.400390625,13.970000267028809,20020.3671875,9750.0,10189.5,10191.9501953125,-260.64,20.66,0.9445,-281.3,0.4444444444444444,-0.3639516021701809,0.3611111111111111,0.12010496826827353,0.019595034402014558,0.5555555555555556
2017-02-02,8734.25,13.520000457763672,20070.068359375,9926.0,10402.0,10058.7998046875,108.59,-110.89,0.9487,219.48000000000002,0.6388888888888888,-0.3093888193031004,0.38492063492063494,0.11911866308482241,0.016081341492814316,0.49603174603174605
2017-02-03,8740.9501953125,13.130000114440918,20196.56640625,10025.7998046875,10555.0,9975.099609375,122.94,-83.21,0.975,206.14999999999998,0.6309523809523809,-0.038118895573280194,0.47619047619047616,0.11711266869423256,0.014187332450176615,0.4801587301587302
2017-02-06,8801.0498046875,13.399999618530273,20371.36328125,10029.0498046875,10710.7998046875,10031.099609375,-59.13,222.29,0.9867,-281.42,0.43253968253968256,0.06336455715050451,0.503968253968254,0.11674060409250687,0.017259392092795853,0.5238095238095238
2017-02-08,8769.0498046875,13.350000381469727,20245.166015625,10007.0498046875,10583.400390625,9994.25,473.72,-232.95,0.9555,706.6700000000001,0.7857142857142857,-0.3085675130278023,0.3888888888888889,0.11941262114871284,0.014087382665984416,0.47619047619047616
2017-02-13,8805.0498046875,13.6899995803833,20251.564453125,10452.900390625,10403.599609375,9973.2998046875,306.74,-171.7,0.9594,478.44,0.7301587301587301,-0.2993123958574368,0.3888888888888889,0.1189677762416826,0.017932219562150395,0.5357142857142857
2017-02-14,8792.2998046875,13.800000190734863,20257.86328125,10474.099609375,10322.25,9820.599609375,-6.45,-3.2,0.9469,-3.25,0.5396825396825397,-0.49767534807697494,0.31746031746031744,0.11922123192188422,0.018778769985464405,0.5595238095238095
2017-02-15,8724.7001953125,14.210000038146973,20163.46484375,10427.650390625,10137.650390625,9523.349609375,225.84,248.98,0.8922,-23.139999999999986,0.5317460317460317,-1.1739726603496992,0.15476190476190477,0.11289475456821102,0.0292052458132587,0.7142857142857143
2017-02-16,8778.0,13.729999542236328,20243.46484375,10628.0498046875,10407.75,9686.349609375,-215.69,846.11,0.9333,-1061.8,0.24603174603174602,-0.8390616912861606,0.21428571428571427,0.1137656381698836,0.023534357252479696,0.6388888888888888
2017-02-17,8821.7001953125,13.430000305175781,20551.111328125,10527.2001953125,10624.400390625,9683.599609375,8043.14,-5631.99,0.9793,13675.130000000001,1.0,-0.27657576871539874,0.39285714285714285,0.1136124640569629,0.02068753899479492,0.5833333333333334
2017-02-20,8879.2001953125,13.609999656677246,20676.859375,10671.25,10641.599609375,9743.9501953125,-433.38,827.9,1.0216,-1261.28,0.21031746031746032,0.2692989082970926,0.5476190476190477,0.11443888063718595,0.021661115929586514,0.5952380952380952
2017-02-21,8907.849609375,13.529999732971191,20860.70703125,10680.75,10644.599609375,9758.900390625,-1435.76,1535.44,1.0667,-2971.2,0.027777777777777776,0.8724399987529148,0.7380952380952381,0.1132244281585655,0.022075569171146406,0.5992063492063492
2017-02-22,8926.900390625,13.699999809265137,20868.20703125,10514.7998046875,10582.2998046875,9768.4501953125,-259.21,917.97,1.0522,-1177.18,0.23015873015873015,0.6405551881203443,0.6349206349206349,0.11312274012152118,0.02387725797113019,0.6547619047619048
2017-02-23,8939.5,13.399999618530273,20876.408203125,10689.650390625,10561.599609375,9761.75,392.33,-445.04,0.9331,837.37,0.8373015873015873,-1.0063432089807123,0.1865079365079365,0.10234623649325197,0.031653759692050754,0.7738095238095238
2017-02-27,8896.7001953125,13.680000305175781,20612.810546875,10706.7001953125,10571.7001953125,9666.849609375,-145.55,263.79,0.8879,-409.34000000000003,0.40476190476190477,-1.5173401000077489,0.10317460317460317,0.10616322624235475,0.030636776809403077,0.75
2017-02-28,8879.599609375,13.789999961853027,20607.009765625,10680.9501953125,10585.150390625,9654.650390625,1146.23,268.34,0.8796,877.8900000000001,0.8412698412698413,-1.5014928909089993,0.10714285714285714,0.10404110427518379,0.03385889534334649,0.8253968253968254
2017-03-01,8945.7998046875,13.579999923706055,20783.5078125,10748.0498046875,10700.7998046875,9670.599609375,-500.49,562.27,0.9041,-1062.76,0.25396825396825395,-1.1145738537290786,0.1865079365079365,0.09511734808231452,0.04068265115474602,0.9206349206349206
2017-03-02,8899.75,13.359999656677246,20559.8125,10741.599609375,10541.099609375,9705.5,353.84,-42.53,0.8779,396.37,0.7023809523809523,-1.3687274561556877,0.12698412698412698,0.09784634222235326,0.0357536543444192,0.8452380952380952
2017-03-03,8897.5498046875,13.350000381469727,20495.361328125,10806.25,10614.0498046875,9680.5,1529.48,-737.0,0.8559,2266.48,0.9801587301587301,-1.5451622922722492,0.0992063492063492,0.09763556465290711,0.03586443916179015,0.8492063492063492
2017-03-07,8946.900390625,13.880000114440918,20627.259765625,10799.099609375,10560.900390625,9753.5498046875,-804.67,954.34,0.8508,-1759.01,0.1349206349206349,-1.5063265010463476,0.1111111111111111,0.09132681504497633,0.04747318609943285,0.9484126984126984
2017-03-08,8924.2998046875,14.079999923706055,20676.310546875,10739.4501953125,10584.349609375,9701.25,24.07,-389.34,0.8384,413.40999999999997,0.7023809523809523,-1.5862362302841932,0.0873015873015873,0.0711939738116674,0.06960602542539315,1.0
2017-03-10,8934.5498046875,13.960000038146973,20727.310546875,10749.849609375,10468.349609375,9779.25,-693.03,1552.41,0.7902,-2245.44,0.08333333333333333,-2.034172252076847,0.051587301587301584,0.07112022652448305,0.06847977385698667,0.996031746031746
2017-03-14,9087.0,12.399999618530273,21102.453125,10879.25,10648.0498046875,9910.400390625,4087.89,-1519.94,0.8555,5607.83,0.9920634920634921,-1.1303981576927509,0.20238095238095238,0.09048853577097116,0.033511460414331576,0.7976190476190477
2017-03-15,9084.7998046875,12.420000076293945,21157.654296875,10696.5498046875,10671.0498046875,9987.650390625,1141.13,126.75,0.9143,1014.3800000000001,0.8650793650793651,-0.32031217032543247,0.4087301587301587,0.08887167979403249,0.035328320968906965,0.8253968253968254
2017-03-16,9153.7001953125,11.90999984741211,21249.654296875,10822.099609375,10731.2001953125,10056.5,1360.1,-88.17,0.9593,1448.27,0.9087301587301587,0.33338097737864203,0.5793650793650794,0.08902187616527017,0.030078122308850916,0.7063492063492064
2017-03-17,9160.0498046875,11.850000381469727,21174.8046875,10900.75,10674.9501953125,10009.400390625,1532.39,-711.5,0.9811,2243.8900000000003,0.9722222222222222,0.8128045598235599,0.7301587301587301,0.08885245812564625,0.029647545689051008,0.6904761904761905
2017-03-20,9126.849609375,12.020000457763672,21110.00390625,10776.75,10710.599609375,10009.2998046875,56.67,-536.21,0.9387,592.88,0.7579365079365079,0.15292910215998012,0.5436507936507936,0.09029400050290744,0.029906004074729278,0.7023809523809523
2017-03-21,9121.5,11.9399995803833,21018.755859375,10787.2001953125,10493.75,9963.75,1662.72,-798.57,0.8966,2461.29,0.9761904761904762,-0.4971951536141622,0.34523809523809523,0.08354934803544166,0.03585064776839135,0.8373015873015873
2017-03-22,9030.4501953125,12.270000457763672,20781.107421875,10783.2998046875,10510.5498046875,9803.9501953125,356.64,-779.91,0.8397,1136.55,0.873015873015873,-1.3327405095982086,0.15079365079365079,0.09274707076780762,0.029952933809829094,0.7023809523809523
2017-03-23,9086.2998046875,11.84000015258789,20895.2578125,10850.7998046875,10575.2001953125,9897.9501953125,1094.44,-590.78,0.9112,1685.22,0.9126984126984127,-0.22878696511648228,0.44047619047619047,0.0934508013583439,0.024949200167535004,0.6190476190476191
2017-03-24,9108.0,11.979999542236328,21122.3046875,10768.9501953125,10556.349609375,9878.349609375,543.35,116.5,0.9234,426.85,0.6904761904761905,-0.027684845454932022,0.48412698412698413,0.0916440875370724,0.028155907885290876,0.6626984126984127
2017-03-27,9045.2001953125,12.4399995803833,21056.65625,10648.5,10441.900390625,9808.2001953125,577.88,-594.48,0.9071,1172.3600000000001,0.8690476190476191,-0.2608202023286379,0.4246031746031746,0.09575962742726775,0.028640368376565264,0.6746031746031746
2017-03-28,9100.7998046875,12.119999885559082,21225.154296875,10681.0498046875,10497.7001953125,9887.7998046875,6415.38,356.23,0.9545,6059.15,0.9920634920634921,0.4942828300552285,0.6111111111111112,0.09754931014626696,0.023650688709323867,0.6031746031746031
2017-03-29,9143.7998046875,12.09000015258789,21390.90234375,10741.25,10419.5,9845.75,460.98,1283.03,1.0154,-822.05,0.28174603174603174,1.411411360086869,0.8849206349206349,0.09845007688059874,0.02244992464528016,0.5555555555555556
2017-03-30,9173.75,12.149999618530273,21620.447265625,10730.75,10407.2998046875,9860.2998046875,67.97,1701.79,0.9224,-1633.82,0.12301587301587301,-0.008638199011322971,0.4801587301587302,0.0961444101802854,0.025355586005017333,0.6309523809523809
2017-03-31,9173.75,12.420000076293945,21443.900390625,10703.25,10411.150390625,9880.2001953125,-295.92,1499.41,0.8968,-1795.3300000000002,0.1111111111111111,-0.3747185509120339,0.3611111111111111,0.09546697869200602,0.028733022070933437,0.6825396825396826
2017-04-05,9265.150390625,11.550000190734863,21652.447265625,10510.2998046875,10541.150390625,10033.5498046875,-601.12,926.1,0.9944,-1527.22,0.14682539682539683,1.0988901409407899,0.8293650793650794,0.09784801482468365,0.01765198708266498,0.47619047619047616
2017-04-07,9198.2998046875,11.6899995803833,21430.900390625,10485.75,10285.7998046875,9993.75,-834.36,295.88,0.9194,-1130.24,0.2222222222222222,-0.060711432240550124,0.46825396825396826,0.10005189013829943,0.016848105665533575,0.4722222222222222
2017-04-10,9181.4501953125,11.619999885559082,21519.900390625,10338.150390625,10315.7998046875,10030.5,-632.14,584.88,0.9431,-1217.02,0.21428571428571427,0.2972827527583547,0.5674603174603174,0.1006076847831086,0.015592314072482225,0.4444444444444444
2017-04-12,9203.4501953125,11.630000114440918,21666.548828125,10323.4501953125,10445.2001953125,9987.150390625,-333.59,776.18,0.9834,-1109.77,0.23015873015873015,0.9105800177799418,0.7619047619047619,0.09958056719290544,0.016719433951503743,0.46825396825396826
2017-04-13,9150.7998046875,11.579999923706055,21686.34765625,10064.2001953125,10531.9501953125,9907.400390625,-407.88,65.43,0.9631,-473.31,0.36904761904761907,0.6518255529163579,0.6547619047619048,0.10188943706717368,0.01391056216988687,0.40476190476190477
2017-04-17,9139.2998046875,11.890000343322754,21647.34765625,10000.900390625,10448.5498046875,9889.4501953125,-250.54,-52.38,0.9499,-198.16,0.45634920634920634,0.5566310165509574,0.623015873015873,0.1022794114081994,0.016620592025028136,0.4642857142857143
2017-04-18,9105.150390625,12.380000114440918,21671.59765625,9981.5498046875,10355.7998046875,9813.7001953125,-930.67,878.08,0.9343,-1808.75,0.10714285714285714,0.3925976430484703,0.5753968253968254,0.08478281295097939,0.039017188193429794,0.8888888888888888
2017-04-19,9103.5,12.220000267028809,21556.099609375,9944.7998046875,10321.0498046875,9831.349609375,-673.38,525.52,0.9038,-1198.9,0.2222222222222222,-0.18012179400442302,0.4365079365079365,0.08477983187836806,0.03742017079192003,0.8690476190476191
2017-04-20,9136.400390625,11.5600004196167,21491.150390625,10039.0498046875,10303.9501953125,9909.900390625,-168.84,8.82,0.9428,-177.66,0.4722222222222222,0.5413283211344176,0.6190476190476191,0.08126204780080527,0.03433795639536172,0.8095238095238095
2017-04-21,9119.400390625,11.420000076293945,21551.19921875,10008.150390625,10208.5,9858.7998046875,-978.34,1132.39,0.9096,-2110.73,0.09523809523809523,-0.12331810699744196,0.44841269841269843,0.0814395675007998,0.03276043326213966,0.7777777777777778
2017-04-24,9217.9501953125,11.630000114440918,21857.146484375,10058.349609375,10177.75,9978.2001953125,-279.55,984.17,1.0286,-1263.72,0.1984126984126984,1.9725936440569274,0.9761904761904762,0.08909303989935125,0.027206961245057934,0.626984126984127
2017-04-25,9306.599609375,11.15999984741211,22054.443359375,10091.25,10241.4501953125,10090.349609375,178.82,998.26,1.0955,-819.44,0.30158730158730157,2.6681401716915296,0.996031746031746,0.0945820709811367,0.01701792749298439,0.4603174603174603
2017-04-26,9351.849609375,11.739999771118164,22242.591796875,9966.75,10197.2001953125,10189.7001953125,-492.52,1011.38,1.1547,-1503.9,0.15079365079365079,2.9376645173313753,0.996031746031746,0.0859042808084309,0.03149571690275074,0.7420634920634921
2017-04-27,9342.150390625,11.069999694824219,22326.041015625,10012.349609375,10100.0,10173.099609375,-181.71,233.31,1.0245,-415.02,0.40476190476190477,1.103386119416998,0.8253968253968254,0.08479001561317126,0.025909981335070928,0.6071428571428571
2017-04-28,9304.0498046875,10.859999656677246,22357.990234375,9943.7001953125,10120.900390625,10255.150390625,-1150.43,1684.44,1.025,-2834.87,0.023809523809523808,1.043882338609647,0.7976190476190477,0.08686757755189928,0.02173241901487319,0.5158730158730159
2017-05-04,9359.900390625,11.329999923706055,22719.8359375,10106.5,9979.0,10211.7998046875,340.13,-194.05,1.065,534.1800000000001,0.7142857142857143,1.5438356481505404,0.9166666666666666,0.08313376350120752,0.03016623573585303,0.7103174603174603
2017-05-05,9285.2998046875,11.989999771118164,22604.685546875,10086.349609375,9935.150390625,10107.9501953125,-363.98,298.11,0.9914,-662.09,0.3373015873015873,0.42790435525590753,0.5595238095238095,0.08815327007862152,0.03174672763256012,0.75
2017-05-09,9316.849609375,11.109999656677246,22707.037109375,10279.599609375,9997.7001953125,10157.7998046875,-379.16,474.36,0.9944,-853.52,0.2896825396825397,0.43559088146124275,0.5595238095238095,0.08753817494091098,0.02356182162586147,0.5634920634920635
2017-05-10,9407.2998046875,10.949999809265137,22830.083984375,10219.5498046875,10106.2001953125,10303.900390625,-656.5,519.03,1.0611,-1175.53,0.23015873015873015,1.3485426152597666,0.8650793650793651,0.09259106281898931,0.016908935273662065,0.43253968253968256
2017-05-12,9400.900390625,10.630000114440918,22671.435546875,10367.2998046875,10121.400390625,10429.2001953125,-1470.56,1074.39,1.0271,-2544.95,0.03571428571428571,0.8185880613333957,0.7023809523809523,0.09274496999449076,0.01355503114991842,0.3531746031746032
2017-05-15,9445.400390625,10.680000305175781,22821.234375,10339.75,10252.849609375,10481.2998046875,235.33,-65.77,1.0391,301.1,0.6468253968253969,0.932666482203814,0.7579365079365079,0.08800210861777778,0.018797894433980028,0.47619047619047616
2017-05-16,9512.25,10.5600004196167,22928.333984375,10461.2998046875,10247.150390625,10597.4501953125,858.29,-401.89,1.1128,1260.1799999999998,0.873015873015873,1.8103705491035584,0.9523809523809523,0.08489866065628941,0.020701343539877584,0.49603174603174605
2017-05-17,9525.75,10.640000343322754,22935.68359375,10437.2998046875,10222.599609375,10669.7001953125,-731.39,614.51,1.1422,-1345.9,0.1746031746031746,2.0565968708694693,0.9722222222222222,0.08389347477712018,0.02250652865610736,0.5198412698412699
2017-05-18,9429.4501953125,11.789999961853027,22698.3359375,10545.599609375,10160.2998046875,10436.349609375,-360.59,897.96,1.0294,-1258.55,0.20238095238095238,0.4748998854389735,0.5714285714285714,0.09402091593512227,0.023879083683408006,0.5753968253968254
2017-05-19,9427.900390625,11.300000190734863,22769.53515625,10456.349609375,10156.099609375,10409.7998046875,-988.7,349.21,1.0008,-1337.91,0.18253968253968253,0.04346595351396221,0.45634920634920634,0.09057501587543222,0.022424986031916408,0.503968253968254
2017-05-22,9438.25,11.199999809265137,22652.5859375,10504.849609375,9959.2001953125,10339.9501953125,-321.27,1262.64,0.957,-1583.91,0.1388888888888889,-0.6122426020011797,0.25396825396825395,0.09001100997533568,0.021988988117315686,0.49206349206349204
2017-05-23,9386.150390625,12.199999809265137,22582.5390625,10510.2001953125,9648.2998046875,10380.650390625,-400.53,352.54,0.9438,-753.0699999999999,0.32936507936507936,-0.7947124135544927,0.21428571428571427,0.09163436093900322,0.03036563715364815,0.7063492063492064
2017-05-24,9360.5498046875,11.829999923706055,22536.0390625,10509.2001953125,9446.9501953125,10386.2998046875,81.88,197.31,0.9176,-115.43,0.503968253968254,-1.1013082185447232,0.17063492063492064,0.09270297507831872,0.02559702415874182,0.5912698412698413
2017-05-25,9509.75,10.449999809265137,23190.53125,10738.349609375,9199.150390625,10588.099609375,589.11,-236.44,1.0117,825.55,0.8095238095238095,0.18601622768818105,0.5079365079365079,0.10577497077598029,-0.0012749726833289204,0.15873015873015872
2017-05-26,9595.099609375,10.859999656677246,23361.927734375,10735.400390625,9060.4501953125,10711.5498046875,-274.14,1008.56,1.0416,-1282.6999999999998,0.1984126984126984,0.5648832571489601,0.626984126984127,0.10747233610889743,0.001127660457875032,0.1984126984126984
2017-05-29,9604.900390625,11.789999961853027,23182.48046875,10568.349609375,8757.7998046875,10753.5,-709.97,290.53,1.0182,-1000.5,0.28174603174603174,0.2054378430315962,0.5158730158730159,0.1030780609839553,0.014821938634574969,0.3492063492063492
2017-05-30,9624.5498046875,11.770000457763672,23306.978515625,10609.0,8990.2998046875,10802.0498046875,-217.1,366.97,1.0325,-584.07,0.36904761904761907,0.3715892160652134,0.5595238095238095,0.09918902106804925,0.018510983509587464,0.4246031746031746
2017-05-31,9621.25,11.760000228881836,23424.529296875,10549.099609375,9025.25,10870.7998046875,1048.93,-939.54,1.0678,1988.47,0.9444444444444444,0.8505818159740354,0.746031746031746,0.09869901353216398,0.01890098875665437,0.44841269841269843
2017-06-01,9616.099609375,11.3100004196167,23309.87890625,10574.7001953125,9104.9501953125,10891.5498046875,-255.21,165.29,1.0127,-420.5,0.42857142857142855,-0.008713552455066168,0.4523809523809524,0.09854913310647219,0.0145508710896948,0.3333333333333333
2017-06-02,9653.5,10.8100004196167,23375.62890625,10608.9501953125,9254.7001953125,10942.2001953125,-403.52,449.52,1.0124,-853.04,0.3055555555555556,-0.039011131824808386,0.44047619047619047,0.09665768743473431,0.011442316761432689,0.28174603174603174
2017-06-06,9637.150390625,11.130000114440918,23416.029296875,10907.25,9174.599609375,10849.2001953125,61.16,-360.01,1.045,421.16999999999996,0.7142857142857143,0.42485704269497565,0.5793650793650794,0.09613636562755964,0.01516363551684953,0.3412698412698413
2017-06-07,9663.900390625,10.890000343322754,23567.376953125,10701.25,9300.5498046875,10932.400390625,-15.29,315.95,1.0774,-331.24,0.4603174603174603,0.8768136096155528,0.7658730158730159,0.08944659978331089,0.019453403649916642,0.4523809523809524
2017-06-09,9668.25,10.859999656677246,23690.625,10442.650390625,9507.349609375,11047.4501953125,-1353.02,51.57,1.0739,-1404.59,0.16666666666666666,0.7738961036004126,0.7182539682539683,0.08944819878773175,0.01915179777904072,0.4444444444444444
2017-06-12,9616.400390625,11.420000076293945,23470.17578125,10470.75,9583.849609375,10963.849609375,-1217.92,995.11,1.0029,-2213.03,0.08333333333333333,-0.4880445125120049,0.2976190476190476,0.08794853901225083,0.026251461750688626,0.5992063492063492
2017-06-13,9606.900390625,11.34000015258789,23477.576171875,10339.0,9592.150390625,10910.2001953125,-312.4,304.58,1.0,-616.98,0.38095238095238093,-0.6427911970190049,0.24603174603174602,0.08803791884920627,0.025362082676672643,0.5833333333333334
2017-06-14,9618.150390625,11.180000305175781,23498.42578125,10366.099609375,9576.0,10905.25,-161.13,71.65,1.0417,-232.78,0.49603174603174605,0.14806134424672376,0.5079365079365079,0.08698741082846315,0.02481259222329467,0.5674603174603174
2017-06-15,9578.0498046875,11.329999923706055,23391.478515625,10278.0498046875,9695.849609375,10839.400390625,-645.35,854.85,0.9993,-1500.2,0.16666666666666666,-0.6143281629397568,0.25793650793650796,0.08558596463219403,0.027714034604866516,0.623015873015873
2017-06-16,9588.0498046875,10.920000076293945,23502.4765625,10189.5,9525.5,10869.2001953125,-764.48,890.91,0.9917,-1655.3899999999999,0.13095238095238096,-0.7311473466006636,0.2222222222222222,0.08553394593256979,0.023666054830369668,0.5436507936507936
2017-06-19,9657.5498046875,10.630000114440918,23741.875,10197.900390625,9489.2001953125,10893.2998046875,-250.39,529.9,1.0584,-780.29,0.3492063492063492,0.6883751870645844,0.6785714285714286,0.07929623678294061,0.027003764361468577,0.6031746031746031
2017-06-20,9653.5,10.65999984741211,23697.673828125,10289.9501953125,9481.900390625,10900.7001953125,-312.84,477.13,1.0503,-789.97,0.34523809523809523,0.4934587476326099,0.6071428571428571,0.0793593770850264,0.027240621389094694,0.6111111111111112
2017-06-21,9633.599609375,10.920000076293945,23708.474609375,10223.400390625,9456.7998046875,10835.5,-152.82,-41.39,1.048,-111.42999999999999,0.5515873015873016,0.45993480894603783,0.5992063492063492,0.08019309620431395,0.029006904558625507,0.6547619047619048
2017-06-22,9630.0,11.210000038146973,23735.82421875,10199.5498046875,9471.599609375,10820.75,192.68,455.21,1.0254,-262.53,0.49603174603174605,-0.054071522984494934,0.42857142857142855,0.07660604036433506,0.03549396001713466,0.8333333333333334
2017-06-23,9574.9501953125,11.5600004196167,23542.4765625,10170.599609375,9478.150390625,10637.4501953125,269.95,-45.78,0.9525,315.73,0.7023809523809523,-1.5604090701823323,0.07936507936507936,0.07938255721328667,0.03621744698288032,0.8531746031746031
2017-06-28,9491.25,11.989999771118164,23235.580078125,10133.5498046875,9482.349609375,10582.650390625,-469.09,168.97,0.8773,-638.06,0.39285714285714285,-2.6405902660672576,0.015873015873015872,0.06591599162237029,0.05398400608881135,0.9563492063492064
2017-06-29,9504.099609375,11.380000114440918,23227.03125,10124.400390625,9428.2001953125,10568.150390625,-1140.77,600.23,1.0769,-1741.0,0.13095238095238096,0.9954335805456264,0.8333333333333334,0.05703204754720621,0.056767953597202964,0.9603174603174603
2017-06-30,9520.900390625,11.729999542236328,23210.9296875,10155.0498046875,9606.400390625,10540.25,-160.48,1195.71,1.0554,-1356.19,0.19047619047619047,0.5929459070636388,0.6547619047619048,0.05735202359838092,0.059947971823982364,0.9801587301587301
2017-07-03,9615.0,11.199999809265137,23272.53125,10189.849609375,9616.2998046875,10680.9501953125,920.46,-1073.75,1.0911,1994.21,0.9603174603174603,1.275510324149372,0.8928571428571429,0.06758158872614244,0.044418409366508926,0.9246031746031746
2017-07-04,9613.2998046875,11.279999732971191,23213.9296875,10213.400390625,9517.9501953125,10629.5498046875,-262.37,414.94,1.072,-677.31,0.3888888888888889,1.0437827759021518,0.8452380952380952,0.06757460095403786,0.04522539637567405,0.9246031746031746
2017-07-06,9674.5498046875,10.979999542236328,23466.376953125,10148.900390625,9598.4501953125,10746.5498046875,73.79,166.22,1.1734,-92.42999999999999,0.5873015873015873,2.58766596871722,0.9920634920634921,0.07122938023701483,0.03857061518534845,0.8571428571428571
2017-07-07,9665.7998046875,10.869999885559082,23448.876953125,10087.7998046875,9723.849609375,10729.0,-522.08,720.08,1.1522,-1242.16,0.24603174603174602,1.9828925265114274,0.9722222222222222,0.07005645486490335,0.03864354399068748,0.8571428571428571
2017-07-11,9786.0498046875,10.890000343322754,23584.326171875,10430.0,9801.650390625,10876.150390625,461.47,-2046.07,1.1828,2507.54,0.9841269841269841,2.1970060074226074,0.9801587301587301,0.08211273632268669,0.026787267110540844,0.5515873015873016
2017-07-12,9816.099609375,11.050000190734863,23695.173828125,10401.5,9817.7998046875,10904.349609375,-1075.62,926.68,1.2337,-2002.2999999999997,0.10317460317460317,2.558242714271758,0.9880952380952381,0.08221456752861893,0.0282854343787297,0.5992063492063492
2017-07-13,9891.7001953125,11.25,23888.373046875,10440.5498046875,9875.25,10936.650390625,-59.15,279.13,1.2479,-338.28,0.49206349206349204,2.446831222051998,0.9841269841269841,0.08574949444179754,0.026750505558202464,0.5436507936507936
2017-07-14,9886.349609375,11.170000076293945,23937.421875,10330.650390625,9958.25,10892.25,673.56,-136.27,1.2754,809.8299999999999,0.8333333333333334,2.408212450010267,0.9801587301587301,0.08253046416156636,0.0291695366013731,0.6190476190476191
2017-07-17,9915.9501953125,11.460000038146973,24014.771484375,10445.849609375,9994.75,10936.4501953125,328.61,-447.14,1.285,775.75,0.8134920634920635,2.207647322947617,0.9682539682539683,0.08222105429199884,0.03237894608947088,0.7341269841269841
2017-07-18,9827.150390625,11.489999771118164,24021.771484375,10493.2001953125,10024.2998046875,10954.400390625,317.44,-975.01,1.1689,1292.45,0.9087301587301587,0.9289452625252144,0.7777777777777778,0.09040897266914802,0.024491025042033626,0.48412698412698413
2017-07-19,9899.599609375,11.260000228881836,24152.369140625,10583.7998046875,10234.599609375,11012.150390625,1046.65,-12.48,1.231,1059.13,0.8849206349206349,1.453575865214637,0.9007936507936508,0.09078135175722121,0.02181865053159715,0.39285714285714285
2017-07-20,9873.2998046875,11.319999694824219,24213.068359375,10491.150390625,10140.75,10960.7001953125,154.91,0.08,1.1254,154.82999999999998,0.6547619047619048,0.37441473262673886,0.5357142857142857,0.09205312333065964,0.02114687361758255,0.38095238095238093
2017-07-21,9915.25,11.09000015258789,24256.76953125,10711.5498046875,10052.400390625,10955.400390625,12.9,147.66,1.1522,-134.76,0.5436507936507936,0.5984366820575485,0.6190476190476191,0.0901688167192829,0.020731184806596012,0.376984126984127
2017-07-24,9966.400390625,11.3100004196167,24420.56640625,10823.5498046875,9980.5,10968.7998046875,-366.84,668.87,1.2247,-1035.71,0.2896825396825397,1.235634774015871,0.8571428571428571,0.09090839010087995,0.02219161409528704,0.4007936507936508
2017-07-25,9964.5498046875,10.90999984741211,24520.4140625,10810.349609375,9930.5498046875,10932.5,270.77,-209.5,1.25,480.27,0.7619047619047619,1.3766486128165563,0.8809523809523809,0.0901472335668906,0.018952764907230496,0.34523809523809523
2017-07-26,10020.650390625,11.170000076293945,24670.412109375,10782.9501953125,10036.7998046875,11003.5498046875,-60.6,676.61,1.3545,-737.21,0.36904761904761907,2.1050269644302655,0.9563492063492064,0.09083330691411479,0.02086669384882467,0.38095238095238093
2017-07-27,10020.5498046875,11.220000267028809,24922.111328125,10612.2998046875,9880.25,10919.0,1869.92,-660.03,1.1815,2529.95,0.9841269841269841,0.5461904303418363,0.5912698412698413,0.08655193310047318,0.0256480695698149,0.5198412698412699
2017-07-28,10014.5,11.140000343322754,24811.01171875,10699.4501953125,9672.599609375,10934.849609375,-223.12,424.67,1.1025,-647.79,0.3968253968253968,-0.18096190290435324,0.3531746031746032,0.07704565934352248,0.03435434408970506,0.7738095238095238
2017-07-31,10077.099609375,11.899999618530273,25103.359375,10755.75,9476.400390625,11002.650390625,-1196.94,1768.43,1.1304,-2965.37,0.01984126984126984,0.030673678858617288,0.4246031746031746,0.0778701782525501,0.041129817932752624,0.9047619047619048
2017-08-02,10081.5,11.9399995803833,25054.908203125,10727.349609375,9453.9501953125,11134.25,-127.69,-166.82,1.0345,39.129999999999995,0.623015873015873,-0.843661599653434,0.18253968253968253,0.0782750595485468,0.04112493625528621,0.9007936507936508
2017-08-03,10013.650390625,11.640000343322754,24674.763671875,10682.5,9336.900390625,11058.7998046875,3573.04,-1735.12,1.0309,5308.16,0.9880952380952381,-0.8953845285147087,0.17063492063492064,0.08077838961366308,0.035621613819564454,0.7936507936507936
2017-08-08,9978.5498046875,12.770000457763672,24599.21484375,10623.7001953125,9125.849609375,11117.7998046875,1539.82,798.55,0.9354,741.27,0.7896825396825397,-1.7141758816840829,0.07539682539682539,0.08282854784642467,0.04487145673121205,0.9206349206349206
2017-08-09,9908.0498046875,13.449999809265137,24374.31640625,10613.5498046875,8766.25,10925.650390625,-256.42,487.97,0.8837,-744.3900000000001,0.36507936507936506,-1.9848296068335998,0.05952380952380952,0.08681765062884308,0.04768234746380828,0.9325396825396826
2017-08-11,9710.7998046875,15.199999809265137,23985.470703125,10647.0498046875,8521.349609375,10457.75,-3838.27,3038.16,0.8883,-6876.43,0.003968253968253968,-1.7988827774258371,0.07539682539682539,0.11511954702115282,0.03688045107149854,0.8174603174603174
2017-08-14,9794.150390625,14.380000114440918,24115.46875,10587.2998046875,8758.099609375,10600.150390625,-1638.83,1619.17,0.9246,-3258.0,0.015873015873015872,-1.4301246274432133,0.12698412698412698,0.11048823538018837,0.03331176576422082,0.7301587301587301
2017-08-16,9897.2998046875,14.239999771118164,24437.416015625,10659.7001953125,8859.400390625,10778.75,-1090.1,1336.91,0.9953,-2427.01,0.05555555555555555,-0.873626498696851,0.1984126984126984,0.11616450629443037,0.026235491416751272,0.49603174603174605
2017-08-17,9904.150390625,14.34000015258789,24236.96875,10797.7998046875,8797.099609375,10694.650390625,-981.05,828.59,0.988,-1809.6399999999999,0.12698412698412698,-0.9479708813381293,0.18253968253968253,0.11297697802124886,0.03042302350463004,0.6388888888888888
2017-08-18,9837.400390625,14.569999694824219,24074.169921875,10570.0,8639.400390625,10676.349609375,-2182.12,584.59,0.9357,-2766.71,0.03571428571428571,-1.4015839748990864,0.1388888888888889,0.11554719157878132,0.030152805369460856,0.626984126984127
2017-08-21,9754.349609375,14.819999694824219,23936.22265625,10440.0498046875,8490.2001953125,10572.75,-1983.39,474.72,0.8755,-2458.11,0.05555555555555555,-1.727549726604296,0.07936507936507936,0.1184198264870401,0.029780170461202085,0.6071428571428571
2017-08-22,9765.5498046875,14.109999656677246,23974.169921875,10446.25,8566.650390625,10482.900390625,-828.69,435.05,0.8998,-1263.74,0.23809523809523808,-1.4525465093207206,0.13095238095238096,0.11454379685956907,0.026556199707203396,0.503968253968254
2017-08-23,9852.5,13.180000305175781,24316.517578125,10478.25,8615.849609375,10552.7998046875,-1157.52,929.84,0.9842,-2087.36,0.11904761904761904,-0.8076230655711736,0.23015873015873015,0.1160086366364127,0.01579136641534512,0.21825396825396826
2017-08-24,9857.0498046875,12.569999694824219,24273.91796875,10503.900390625,8902.0498046875,10571.4501953125,-696.93,1044.38,1.0121,-1741.31,0.15873015873015872,-0.5907962807098678,0.2857142857142857,0.11567305812063176,0.010026938827610424,0.12698412698412698
2017-08-28,9912.7998046875,12.640000343322754,24376.81640625,10592.2998046875,8975.0498046875,10592.349609375,-124.74,476.26,1.0115,-601.0,0.4444444444444444,-0.5567160021000278,0.30158730158730157,0.11647092066461087,0.009929082768616676,0.12301587301587301
2017-08-29,9796.0498046875,13.539999961853027,24128.66796875,10506.0,8865.0498046875,10503.5,-1459.64,1391.33,0.9159,-2850.9700000000003,0.031746031746031744,-1.1551012361184403,0.17857142857142858,0.12197927917379715,0.013420720444733122,0.16666666666666666
2017-08-30,9884.400390625,12.890000343322754,24308.416015625,10493.25,8908.0498046875,10572.349609375,-12.46,290.78,0.9781,-303.23999999999995,0.5238095238095238,-0.6756400787463013,0.25793650793650796,0.12689188107348628,0.0020081223597412656,0.07142857142857142
2017-08-31,9917.900390625,11.949999809265137,24318.1171875,10558.25,8859.650390625,10612.5498046875,77.58,509.71,1.2159,-432.13,0.49603174603174605,0.9872090438219395,0.8095238095238095,0.12573042177834332,-0.0062304236856919465,0.03571428571428571
2017-09-01,9974.400390625,11.680000305175781,24433.716796875,10514.400390625,9071.7001953125,10823.599609375,-325.1,96.82,1.2214,-421.92,0.5,1.0392836986133207,0.8214285714285714,0.1276418659961354,-0.010841862944377584,0.03571428571428571
2017-09-05,9952.2001953125,12.890000343322754,24328.017578125,10498.0,9037.599609375,10771.2001953125,332.87,16.92,1.1427,315.95,0.7182539682539683,0.533381592599021,0.6428571428571429,0.1278349102922933,0.0010650931409342534,0.07142857142857142
2017-09-06,9916.2001953125,13.119999885559082,24278.869140625,10421.650390625,8897.2998046875,10746.099609375,-100.99,324.7,1.1328,-425.69,0.5,0.519177198271966,0.6388888888888888,0.12591640093123818,0.005283597924352651,0.1111111111111111
2017-09-08,9934.7998046875,12.960000038146973,24370.517578125,10456.650390625,8840.2998046875,10779.0,-841.44,553.17,1.17,-1394.6100000000001,0.21825396825396826,0.8004443355771752,0.7341269841269841,0.12620737337352003,0.0033926270079497056,0.10317460317460317
2017-09-11,10006.0498046875,12.359999656677246,24671.962890625,10459.5,8804.4501953125,10839.75,-713.75,231.25,1.1837,-945.0,0.34523809523809523,0.9286903845702947,0.7817460317460317,0.12705476471294036,-0.003454768146167894,0.051587301587301584
2017-09-13,10079.2998046875,11.760000228881836,24831.51171875,10505.2998046875,9140.599609375,10916.0,-826.77,725.9,1.2731,-1552.67,0.1984126984126984,1.5172348310168051,0.9007936507936508,0.12891254892592002,-0.01131254663710167,0.031746031746031744
2017-09-14,10086.599609375,11.470000267028809,24911.9609375,10496.0498046875,9380.849609375,10949.0,-1334.23,793.31,1.2651,-2127.54,0.11904761904761904,1.3899085060348446,0.8849206349206349,0.12575383917216604,-0.011053836501877953,0.03968253968253968
2017-09-15,10085.400390625,11.680000305175781,24844.01171875,10599.75,9338.0,10971.4501953125,418.86,125.55,1.2279,293.31,0.7103174603174603,1.1212350408516831,0.8492063492063492,0.09855201266732366,0.018247990384434143,0.31746031746031744
2017-09-18,10153.099609375,11.4399995803833,25046.609375,10649.5,9339.5498046875,11104.849609375,-96.92,775.61,1.253,-872.53,0.36507936507936506,1.2992181680556276,0.8650793650793651,0.09709910484754106,0.017300890956291948,0.3055555555555556
2017-09-19,10147.5498046875,11.470000267028809,25041.259765625,10654.849609375,9293.9501953125,11170.75,-1719.62,-77.68,1.2535,-1641.9399999999998,0.17857142857142858,1.3861460858053984,0.8809523809523809,0.09177196752938376,0.02292803514090433,0.45634920634920634
2017-09-20,10141.150390625,11.630000114440918,24964.759765625,10651.349609375,9319.849609375,11103.4501953125,-1185.44,946.23,1.2304,-2131.67,0.11507936507936507,1.1858919680964,0.8412698412698413,0.09199820557875589,0.02430179556565329,0.49603174603174605
2017-09-21,10121.900390625,11.630000114440918,24798.9609375,10653.849609375,9629.75,11051.900390625,-1204.95,1416.55,1.1916,-2621.5,0.047619047619047616,0.8664075432882327,0.7261904761904762,0.0879593048035791,0.028340696340830085,0.6111111111111112
2017-09-22,9964.400390625,12.8100004196167,24368.56640625,10632.099609375,9465.4501953125,10927.0498046875,-1241.73,521.17,1.0018,-1762.9,0.17063492063492064,-0.4863930016494115,0.32142857142857145,0.10140762013634036,0.02669238405982663,0.5555555555555556
2017-09-25,9872.599609375,13.34000015258789,24164.76953125,10569.150390625,9297.0498046875,10808.4501953125,-1249.45,1009.98,0.926,-2259.4300000000003,0.0873015873015873,-0.9954433680551366,0.19444444444444445,0.10781667821459538,0.025583323311283532,0.5277777777777778
2017-09-26,9871.5,12.930000305175781,24198.869140625,10548.5,9297.900390625,10816.0,-1915.54,1537.1,0.9201,-3452.64,0.015873015873015872,-0.994316927169947,0.1984126984126984,0.10324138873626214,0.02605861431549568,0.5436507936507936
2017-09-27,9735.75,13.859999656677246,23812.671875,10544.2001953125,9036.4501953125,10646.0498046875,-856.28,1858.29,0.8263,-2714.5699999999997,0.047619047619047616,-1.5777653787006438,0.0992063492063492,0.11445464171359651,0.024145354853175954,0.49603174603174605
2017-09-28,9768.9501953125,13.170000076293945,24007.87109375,10521.900390625,9111.5498046875,10683.650390625,-5328.46,5196.6,1.1326,-10525.060000000001,0.003968253968253968,0.46506662342711497,0.5952380952380952,0.11310024723213519,0.01859975353080426,0.3333333333333333
2017-09-29,9788.599609375,12.489999771118164,24052.720703125,10475.349609375,9172.599609375,10811.25,-1546.86,2064.63,1.0633,-3611.49,0.01984126984126984,-0.06044778915567967,0.4365079365079365,0.10547437737023423,0.019425620340947414,0.36904761904761907
2017-10-03,9859.5,12.460000038146973,24103.12109375,10546.099609375,9214.9501953125,10903.75,412.14,-13.91,1.0748,426.05,0.7936507936507936,-0.014171100943012806,0.45634920634920634,0.10364663838536506,0.020953361996104675,0.4007936507936508
2017-10-05,9888.7001953125,11.710000038146973,24057.771484375,10524.650390625,9394.150390625,10931.7001953125,893.36,-229.73,1.109,1123.09,0.9007936507936508,0.2095148635368968,0.5238095238095238,0.10346611695861796,0.013633883422851767,0.20634920634920634
2017-10-10,10016.9501953125,11.109999656677246,24347.166015625,10726.2001953125,9530.2998046875,11029.849609375,-504.82,402.15,1.2047,-906.97,0.3968253968253968,0.8563307973001607,0.7222222222222222,0.11168400139591729,-0.0005840048291448352,0.07539682539682539
2017-10-11,9984.7998046875,11.729999542236328,24107.169921875,10785.25,9441.150390625,10960.2998046875,-529.22,1920.87,1.1275,-2450.09,0.08333333333333333,0.24955208591887595,0.5198412698412699,0.11202437908519151,0.0052756163371717735,0.13095238095238096
2017-10-13,10167.4501953125,11.260000228881836,24688.86328125,10924.2001953125,9545.599609375,11078.2998046875,-1698.5,1590.13,1.4006,-3288.63,0.027777777777777776,2.088621483781296,0.9523809523809523,0.12777152897706373,-0.015171526688245368,0.015873015873015872
2017-10-16,10230.849609375,11.3100004196167,24702.763671875,10961.599609375,9692.5498046875,11216.849609375,-29.92,272.69,1.3846,-302.61,0.5912698412698413,1.8207659643980312,0.9325396825396826,0.12897627190359773,-0.01587626770743074,0.015873015873015872
2017-10-17,10234.4501953125,11.609999656677246,24645.3125,10942.7001953125,9740.5498046875,11221.900390625,-484.92,809.03,1.3339,-1293.95,0.2976190476190476,1.3578701422782544,0.8650793650793651,0.1272524988260918,-0.011152502259319338,0.04365079365079365
2017-10-18,10210.849609375,11.539999961853027,24313.466796875,10910.150390625,9622.599609375,11167.849609375,-1251.16,904.27,1.3002,-2155.4300000000003,0.14285714285714285,1.0494307051013052,0.8055555555555556,0.1256366730948329,-0.010236673476302624,0.05952380952380952
2017-10-19,10146.5498046875,12.399999618530273,24009.470703125,10890.7998046875,9593.5,11107.7001953125,-43.74,40.78,1.2026,-84.52000000000001,0.6746031746031746,0.3322970682942079,0.5238095238095238,0.12804342559299342,-0.004043429407690688,0.07142857142857142
2017-10-23,10184.849609375,12.329999923706055,24088.62109375,10997.849609375,9542.2001953125,11109.9501953125,-81.51,307.84,1.2192,-389.34999999999997,0.5833333333333334,0.3977006812802124,0.5436507936507936,0.12861816350245403,-0.005318164265393485,0.06746031746031746
2017-10-24,10207.7001953125,11.59000015258789,24221.869140625,10884.7998046875,9490.0,11080.0,-1306.76,592.28,1.2658,-1899.04,0.18253968253968253,0.6904942938040664,0.6547619047619048,0.1267295679388828,-0.01082956641300388,0.05952380952380952
2017-10-25,10295.349609375,11.760000228881836,25035.609375,10925.4501953125,9346.75,11150.2998046875,3582.5,-155.71,1.3619,3738.21,0.9841269841269841,1.3423756298341913,0.8531746031746031,0.13002457477414828,-0.012424572485329924,0.03968253968253968
2017-10-26,10343.7998046875,11.619999885559082,25021.908203125,10883.0498046875,9428.349609375,11212.599609375,-375.63,-523.54,1.2692,147.90999999999997,0.7261904761904762,0.6427909854751225,0.6309523809523809,0.13066184958849877,-0.014461850732907955,0.023809523809523808
2017-10-27,10323.0498046875,11.479999542236328,24839.26171875,10862.0498046875,9650.099609375,11317.900390625,-640.95,56.57,1.1943,-697.5200000000001,0.4801587301587302,0.08069836581183085,0.4444444444444444,0.13069409405720522,-0.01589409863484194,0.015873015873015872
2017-10-30,10363.650390625,12.109999656677246,24988.259765625,10854.2998046875,9754.849609375,11426.5,-186.04,139.68,1.2006,-325.72,0.6031746031746031,0.11062971617036689,0.4523809523809524,0.11513720578972707,0.005962790777045396,0.1865079365079365
2017-10-31,10335.2998046875,12.4399995803833,25019.05859375,10837.900390625,9756.0,11370.0,-531.82,596.92,1.2072,-1128.74,0.35714285714285715,0.15007491659386948,0.4642857142857143,0.10886787522754289,0.015532120576290123,0.3055555555555556
2017-11-01,10440.5,12.140000343322754,25490.15234375,10817.2998046875,9711.5498046875,11363.5,-627.3,1116.15,1.2973,-1743.45,0.21031746031746032,0.7770686548293696,0.6785714285714286,0.11189658169486734,0.009503421738360204,0.21031746031746032
2017-11-07,10350.150390625,13.239999771118164,25300.505859375,11172.099609375,9469.75,11331.75,182.05,335.75,1.1353,-153.7,0.6587301587301587,-0.3708077724116579,0.3055555555555556,0.10285326425561606,0.029546733455565577,0.7222222222222222
2017-11-08,10303.150390625,13.609999656677246,25184.056640625,11245.900390625,9494.9501953125,11254.099609375,-1943.86,2016.84,1.0695,-3960.7,0.015873015873015872,-0.7998377965566362,0.21031746031746032,0.10631828471336202,0.029781711853410442,0.7380952380952381
2017-11-09,10308.9501953125,13.270000457763672,25291.0546875,11248.4501953125,9435.849609375,11242.5,-392.52,877.37,1.1049,-1269.8899999999999,0.32142857142857145,-0.5113326393298424,0.2777777777777778,0.10655979936744679,0.026140205210189935,0.6190476190476191
2017-11-10,10321.75,13.479999542236328,25498.65234375,11222.5498046875,9311.5,11185.5,-107.95,233.8,1.092,-341.75,0.6111111111111112,-0.5659450773870807,0.2698412698412698,0.10522091751221174,0.029579077910151547,0.7222222222222222
2017-11-13,10224.9501953125,14.050000190734863,25358.005859375,11236.2001953125,9238.849609375,11134.0498046875,-233.56,-268.77,1.0116,35.20999999999998,0.7182539682539683,-1.0749787897767322,0.16666666666666666,0.11306487951222438,0.027435122395124245,0.6587301587301587
2017-11-14,10186.599609375,14.170000076293945,25284.306640625,11168.75,9208.4501953125,11156.7001953125,2576.98,-1.3,0.9644,2578.28,0.9801587301587301,-1.3125452780066393,0.1349206349206349,0.1064098905332756,0.03529011022966386,0.8452380952380952
2017-11-15,10118.0498046875,14.270000457763672,25218.607421875,11122.900390625,9025.2001953125,11103.599609375,-381.42,869.09,0.9219,-1250.51,0.3412698412698413,-1.4854638834637228,0.10714285714285714,0.10890903952078988,0.033790965056846825,0.8214285714285714
2017-11-16,10214.75,13.460000038146973,25446.3046875,11317.25,9082.650390625,11156.400390625,-447.42,847.45,0.9994,-1294.8700000000001,0.3134920634920635,-0.9663168996278961,0.19047619047619047,0.09383519839072949,0.04076480199074023,0.9246031746031746
2017-11-17,10283.599609375,13.710000038146973,25728.1015625,11150.0,9161.7998046875,11252.099609375,1276.62,1466.94,1.0075,-190.32000000000016,0.6706349206349206,-0.9519267220060211,0.19444444444444445,0.0942751733421766,0.04282482703929312,0.9404761904761905
2017-11-20,10298.75,13.430000305175781,25768.30078125,11100.099609375,9143.349609375,11284.9501953125,-358.74,613.0,1.0125,-971.74,0.42857142857142855,-0.9653256679422262,0.19444444444444445,0.09437392413775766,0.03992607891400016,0.8968253968253969
2017-11-21,10326.900390625,13.720000267028809,25757.201171875,11119.4501953125,9346.5498046875,11325.900390625,-727.01,825.5,1.0371,-1552.51,0.2619047619047619,-0.9180455234314645,0.20634920634920634,0.0942119100524962,0.04298809261779189,0.9404761904761905
2017-11-22,10342.2998046875,14.039999961853027,25766.3515625,11117.5,9278.0,11354.5498046875,-441.46,837.22,1.0258,-1278.68,0.32936507936507936,-0.9617189824821515,0.1984126984126984,0.09065654831618139,0.04974345130234889,0.9682539682539683
2017-11-23,10348.75,13.869999885559082,25735.951171875,11230.599609375,9293.2001953125,11326.75,73.22,222.21,1.0601,-148.99,0.6904761904761905,-0.7017627607517911,0.25793650793650796,0.09004793008970273,0.04865206876588808,0.9642857142857143
2017-11-24,10389.7001953125,13.510000228881836,25779.3515625,11306.400390625,9364.2998046875,11371.9501953125,-416.28,427.63,1.1216,-843.91,0.4642857142857143,-0.25114195349047125,0.4007936507936508,0.0906132966535581,0.04448670563526025,0.9365079365079365
2017-11-27,10399.5498046875,13.029999732971191,25891.6484375,11314.25,9368.7001953125,11402.7001953125,-424.77,69.4,1.1413,-494.16999999999996,0.5793650793650794,-0.11022300112947189,0.43253968253968256,0.08598249137982876,0.044317505949883165,0.9285714285714286
2017-11-28,10370.25,13.149999618530273,25846.099609375,11270.599609375,9318.5,11406.400390625,12.24,-428.15,1.0679,440.39,0.8293650793650794,-0.6299692402932938,0.28174603174603174,0.08525921097759942,0.046240785207703305,0.9484126984126984
2017-11-29,10361.2998046875,13.0600004196167,25795.3984375,11232.9501953125,9351.849609375,11427.9501953125,-859.27,771.07,1.0345,-1630.3400000000001,0.23412698412698413,-0.848352053344217,0.2261904761904762,0.08497525980911765,0.045624744387049346,0.9444444444444444
2017-11-30,10226.5498046875,13.550000190734863,25332.10546875,11115.349609375,9238.75,11292.900390625,-1500.76,1202.57,1.1834,-2703.33,0.06746031746031746,0.3386229149974894,0.5753968253968254,0.09581578494159358,0.03968421696575504,0.8650793650793651
2017-12-01,10121.7998046875,14.800000190734863,25191.65625,10948.5,9083.849609375,11188.2001953125,-12.77,-110.08,1.0697,97.31,0.7420634920634921,-0.517760494209661,0.32142857142857145,0.10156641235045699,0.04643358955689164,0.9484126984126984
2017-12-04,10127.75,14.859999656677246,25074.80859375,11081.650390625,9052.0,11160.099609375,-580.7,701.12,1.0402,-1281.8200000000002,0.3333333333333333,-0.7191846581660304,0.2619047619047619,0.09292777327016631,0.05567222329660616,0.9761904761904762
2017-12-05,10118.25,15.010000228881836,25124.556640625,11025.400390625,9043.150390625,11100.5498046875,841.8,-710.83,1.03,1552.63,0.9285714285714286,-0.7580343509062716,0.25396825396825395,0.08898436155680671,0.06111564073201166,0.9920634920634921
2017-12-06,10044.099609375,15.09000015258789,24851.51171875,11074.900390625,8938.2001953125,11020.75,-169.25,-63.11,0.923,-106.14,0.7142857142857143,-1.6072092098817705,0.06746031746031746,0.09094801526586485,0.05995198626001405,0.9880952380952381
2017-12-07,10166.7001953125,14.270000457763672,25056.958984375,11163.5,8960.400390625,11235.650390625,361.25,-330.58,1.0788,691.8299999999999,0.8531746031746031,-0.17203894890495308,0.43253968253968256,0.10257472103554129,0.04012528354209542,0.8611111111111112
2017-12-12,10240.150390625,15.260000228881836,25125.15625,11272.4501953125,9119.099609375,11331.099609375,843.2,-853.67,1.0855,1696.87,0.9444444444444444,-0.05838485856610723,0.4523809523809524,0.10618241517558838,0.04641758711322999,0.9325396825396826
2017-12-13,10192.9501953125,15.949999809265137,25000.05859375,11251.7001953125,9002.7998046875,11264.650390625,-578.65,-116.48,1.0313,-462.16999999999996,0.5912698412698413,-0.5364204800438712,0.3134920634920635,0.1020564123893657,0.05744358570328566,0.9722222222222222
2017-12-14,10252.099609375,16.40999984741211,25167.90625,11275.400390625,9070.849609375,11296.2001953125,232.17,-374.21,1.1084,606.38,0.8452380952380952,0.3904760144839474,0.5833333333333334,0.10320635747780649,0.06089364099631461,0.9880952380952381
2017-12-15,10333.25,14.9399995803833,25440.005859375,11288.2998046875,9100.2998046875,11448.400390625,-921.03,635.44,1.1196,-1556.47,0.25396825396825395,0.5687540564037215,0.6507936507936508,0.10297983531312127,0.04642016049071174,0.9246031746031746
2017-12-18,10388.75,13.119999885559082,25594.25390625,11315.2001953125,9230.4501953125,11589.0498046875,-431.77,1076.81,1.1147,-1508.58,0.2698412698412698,0.5657680168275734,0.6468253968253969,0.0994483301309626,0.03175166872462823,0.7103174603174603
2017-12-19,10463.2001953125,12.1899995803833,25715.900390625,11240.650390625,9299.650390625,11991.900390625,-407.83,357.4,1.2175,-765.23,0.503968253968254,1.8442970205226314,0.9444444444444444,0.09979062470579692,0.022109371098036096,0.42063492063492064
2017-12-20,10444.2001953125,12.1899995803833,25591.40234375,11304.2001953125,9285.4501953125,11954.099609375,-1505.04,146.17,1.2138,-1651.21,0.2261904761904762,2.0101040465645035,0.9523809523809523,0.10020781070904615,0.02169218509478686,0.4007936507936508
2017-12-21,10440.2998046875,12.09000015258789,25554.00390625,11374.2998046875,9321.599609375,11876.849609375,-383.99,1574.3,1.2398,-1958.29,0.17857142857142858,2.1526181119045296,0.9642857142857143,0.09997983321889024,0.02092016830698866,0.38492063492063494
2017-12-22,10493.0,11.59000015258789,25648.251953125,11501.900390625,9326.599609375,11931.2001953125,107.87,371.53,1.2887,-263.65999999999997,0.6666666666666666,2.3931292627381895,0.9761904761904762,0.10120811382137027,0.014691887704508647,0.23015873015873015
2017-12-26,10531.5,12.050000190734863,25674.951171875,11507.400390625,9416.0,11959.150390625,-44.07,544.5,1.2869,-588.57,0.5595238095238095,2.115314906638667,0.9563492063492064,0.10174181303442517,0.018758188872923465,0.3253968253968254
2017-12-27,10490.75,12.489999771118164,25495.75390625,11509.25,9639.849609375,11905.5,172.32,-206.68,1.2487,379.0,0.7976190476190477,1.5858314225556962,0.9047619047619048,0.10239613370307428,0.02250386400810736,0.44047619047619047
2017-12-28,10477.900390625,12.300000190734863,25489.703125,11496.400390625,9584.2001953125,11857.650390625,562.55,-774.09,1.3273,1336.6399999999999,0.9206349206349206,2.1008875979446118,0.9484126984126984,0.10255607204796367,0.020443929859384966,0.3611111111111111
2017-12-29,10530.7001953125,12.670000076293945,25539.15234375,11665.75,9620.099609375,12009.7001953125,595.04,461.37,1.3136,133.66999999999996,0.746031746031746,1.806059147114292,0.9126984126984127,0.10309366663166461,0.02360633413127483,0.47619047619047616
2018-01-02,10442.2001953125,13.6899995803833,25337.955078125,11602.349609375,9565.7998046875,11927.150390625,1099.78,-358.5,1.177,1458.28,0.9246031746031746,0.5337593193933156,0.5952380952380952,0.10807082938851742,0.028829166415315577,0.626984126984127
2018-01-03,10443.2001953125,13.619999885559082,25318.3046875,11586.7001953125,9519.5498046875,11866.7998046875,241.85,-3.29,1.1245,245.14,0.7658730158730159,0.0013786487876396526,0.44047619047619047,0.09568348168462831,0.040516517170962496,0.8531746031746031
2018-01-08,10623.599609375,13.739999771118164,25675.80078125,11776.849609375,9838.25,11974.5,-95.94,-562.33,1.2309,466.39000000000004,0.8134920634920635,0.9592493830451151,0.753968253968254,0.10187585645228242,0.03552414125889922,0.7738095238095238
2018-01-10,10632.2001953125,14.039999961853027,25617.00390625,12054.7001953125,9748.599609375,11856.9501953125,-1841.63,1804.94,1.1853,-3646.57,0.023809523809523808,0.47160609472708814,0.5634920634920635,0.10182604700647867,0.03857395261205161,0.8174603174603174
2018-01-15,10741.5498046875,14.3100004196167,26068.896484375,11992.7998046875,9659.75,11794.099609375,32.92,-173.28,1.3235,206.2,0.7579365079365079,1.6821468905577157,0.9007936507936508,0.10460676675590322,0.03849323744026378,0.8134920634920635
2018-01-16,10700.4501953125,14.09000015258789,25974.59765625,12430.9501953125,9623.4501953125,11646.25,693.17,-246.38,1.2442,939.55,0.8809523809523809,0.8658662660607803,0.6944444444444444,0.10066025138685003,0.04023975013902886,0.8531746031746031
2018-01-17,10788.5498046875,13.859999656677246,26288.794921875,12531.400390625,9744.2998046875,11692.599609375,625.13,168.61,1.3496,456.52,0.8174603174603174,1.71774114590898,0.9047619047619048,0.09691170167635996,0.04168829489041251,0.876984126984127
2018-01-18,10817.0,13.960000038146973,26537.091796875,12570.7001953125,9626.4501953125,11662.099609375,1894.99,-657.46,1.2191,2552.45,0.9761904761904762,0.478962525367694,0.5555555555555556,0.09561486583968995,0.04398513454177977,0.8888888888888888
2018-01-19,10894.7001953125,13.979999542236328,26909.1875,12633.849609375,9637.7998046875,11677.5498046875,988.25,209.86,1.3048,778.39,0.8611111111111112,1.1907911032355687,0.8095238095238095,0.09268515377555353,0.04711484164680976,0.9325396825396826
2018-01-22,10966.2001953125,15.390000343322754,27040.884765625,12894.9501953125,9654.7998046875,11690.849609375,1567.51,-461.87,1.3304,2029.38,0.9523809523809523,1.321468954783691,0.8253968253968254,0.09298895900546196,0.060911044427765584,0.9880952380952381
2018-01-23,11083.7001953125,16.229999542236328,27390.28125,13048.900390625,9767.2998046875,11725.7998046875,1229.35,169.03,1.4119,1060.32,0.8888888888888888,1.8665150199043974,0.9246031746031746,0.095269168099086,0.06703082732327728,0.9920634920634921
2018-01-24,11086.0,18.040000915527344,27398.232421875,13249.5498046875,9826.400390625,11654.650390625,776.42,-193.87,1.3715,970.29,0.873015873015873,1.4135887811710564,0.8571428571428571,0.09569449768330321,0.08470551147197022,1.0
2018-01-25,11069.650390625,17.510000228881836,27445.33203125,13117.849609375,9729.150390625,11507.75,937.31,-965.67,1.2927,1902.98,0.9404761904761905,0.709961538724132,0.623015873015873,0.0959331365112205,0.07916686577759786,0.996031746031746
2018-01-29,11130.400390625,17.889999389648438,27498.12890625,13242.5,9622.349609375,11678.400390625,291.86,90.08,1.2485,201.78000000000003,0.7261904761904762,0.2924079309444037,0.46825396825396826,0.09474478298890963,0.08415521090757473,0.996031746031746
2018-01-30,11049.650390625,16.420000076293945,27268.734375,13107.9501953125,9563.5498046875,11627.900390625,-105.56,-281.65,1.1583,176.08999999999997,0.7222222222222222,-0.5480873711126673,0.23809523809523808,0.10113986292628754,0.0630601378366519,0.9761904761904762
2018-01-31,11027.7001953125,15.930000305175781,27379.130859375,12986.400390625,9384.75,11611.900390625,-136.63,1294.66,1.0887,-1431.29,0.24206349206349206,-1.372283072061903,0.07539682539682539,0.10218208324584986,0.057117919805907955,0.9404761904761905
2018-02-01,11016.900390625,14.109999656677246,27220.3828125,12964.599609375,9158.7001953125,11693.599609375,522.74,64.7,1.0337,458.04,0.7936507936507936,-1.863880805866494,0.015873015873015872,0.10279949437020079,0.038300502196571676,0.7698412698412699
2018-02-02,10760.599609375,15.25,26450.84375,12983.599609375,9042.75,11301.9501953125,950.0,-508.78,0.9029,1458.78,0.9166666666666666,-2.737454394989804,0.003968253968253968,0.13651425965639408,0.01598574034360592,0.2261904761904762
2018-02-05,10666.5498046875,16.049999237060547,26098.447265625,12936.900390625,9069.5,11386.400390625,-525.93,165.84,0.9027,-691.77,0.4603174603174603,-2.5010554981102904,0.011904761904761904,0.1409075081607506,0.019592484209854877,0.32936507936507936
2018-02-08,10576.849609375,17.770000457763672,25920.349609375,12588.349609375,9262.4501953125,11344.2001953125,-639.87,-340.3,0.929,-299.57,0.5873015873015873,-2.085866338669184,0.015873015873015872,0.14375053783294955,0.03394946674468716,0.7023809523809523
2018-02-14,10500.900390625,17.18000030517578,25340.955078125,12420.0,9249.2001953125,11335.650390625,-728.71,-152.39,0.8879,-576.32,0.5,-2.1514729572097626,0.015873015873015872,0.1428293043410303,0.028970698710727494,0.5833333333333334
2018-02-15,10545.5,16.31999969482422,25424.0546875,12456.5,9207.5,11306.7998046875,-240.29,49.92,0.9533,-290.21,0.5873015873015873,-1.5944211084713478,0.051587301587301584,0.14351358772601236,0.019686409222229834,0.3253968253968254
2018-02-16,10452.2998046875,16.3799991607666,25163.607421875,12437.9501953125,9180.900390625,11114.5498046875,-1065.99,1127.78,0.9049,-2193.77,0.1111111111111111,-1.7441879681070505,0.03968253968253968,0.13281062178212716,0.03098936982553885,0.6468253968253969
2018-02-19,10378.400390625,16.670000076293945,25058.259765625,12331.400390625,9027.900390625,10976.650390625,-895.79,586.52,0.8921,-1482.31,0.24206349206349206,-1.6687470011266228,0.051587301587301584,0.1344835345796365,0.032216466183302955,0.6706349206349206
2018-02-20,10360.400390625,16.8700008392334,24874.111328125,12372.0,9020.75,10962.900390625,-850.35,1437.24,0.906,-2287.59,0.09126984126984126,-1.4646630634523135,0.09523809523809523,0.1275094344672973,0.041190573925036694,0.8373015873015873
2018-02-21,10397.4501953125,15.920000076293945,24936.41015625,12660.0498046875,8843.400390625,10942.2001953125,-1214.18,1375.48,0.9622,-2589.66,0.07142857142857142,-1.0678227033309067,0.15079365079365079,0.12865127590301886,0.03054872485992058,0.6309523809523809
2018-02-22,10382.7001953125,14.829999923706055,24954.908203125,12730.25,8861.75,10847.9501953125,-2335.34,1059.42,1.2888,-3394.76,0.027777777777777776,0.784644344759087,0.6865079365079365,0.12352458699078994,0.02477541224627061,0.44841269841269843
2018-02-23,10491.0498046875,14.199999809265137,25302.205078125,12871.150390625,9095.400390625,10927.0,-486.32,1514.03,1.286,-2000.35,0.15079365079365079,0.7580716560195964,0.6746031746031746,0.13019218462882115,0.011807813463830225,0.13095238095238096
2018-02-26,10582.599609375,13.699999809265137,25687.6015625,12713.150390625,9065.099609375,11171.650390625,-1119.51,1409.45,1.3124,-2528.96,0.08333333333333333,0.9124232707963176,0.7380952380952381,0.13165250225312344,0.005347495839527927,0.10317460317460317
2018-02-27,10554.2998046875,13.920000076293945,25383.3046875,12746.7998046875,9023.4501953125,11165.25,-906.86,1046.67,1.1912,-1953.5300000000002,0.1626984126984127,0.25300364941946785,0.5,0.1282505259309385,0.010949474832000955,0.12698412698412698
2018-02-28,10492.849609375,13.8100004196167,25107.109375,12809.0,8960.25,11157.2001953125,-1750.52,1596.89,1.1268,-3347.41,0.031746031746031744,-0.1071684937219254,0.39285714285714285,0.11989892422341947,0.01820107997274753,0.23412698412698413
2018-03-01,10458.349609375,14.069999694824219,24902.26171875,12769.4501953125,8917.75,11146.7001953125,96.31,-269.2,1.0895,365.51,0.7579365079365079,-0.31421676365602286,0.3333333333333333,0.11940078143685809,0.021299215511384112,0.3373015873015873
2018-03-05,10358.849609375,15.399999618530273,24818.41015625,12857.650390625,8855.7998046875,10971.599609375,-148.42,-578.92,1.024,430.5,0.7817460317460317,-0.6482481935047695,0.25396825396825395,0.12153801511492783,0.032461981070374915,0.6706349206349206
2018-03-07,10154.2001953125,15.699999809265137,24133.818359375,12677.150390625,8615.0,10788.5498046875,-1043.31,278.84,0.8694,-1322.1499999999999,0.29365079365079366,-1.4198362714651478,0.10714285714285714,0.1303384377981078,0.026661560294543557,0.49603174603174605
2018-03-08,10242.650390625,14.59000015258789,24477.365234375,12682.400390625,8586.349609375,10894.75,-5.87,87.08,0.9816,-92.95,0.6587301587301587,-0.7466942667221125,0.24206349206349206,0.13804405594174982,0.007855945584129082,0.10317460317460317
2018-03-09,10226.849609375,14.529999732971191,24296.166015625,12747.25,8515.7001953125,10888.349609375,-21.13,-542.12,0.9532,520.99,0.8055555555555556,-0.8478490931420174,0.21031746031746032,0.13813009689851313,0.007169900431198778,0.10317460317460317
2018-03-12,10421.400390625,14.489999771118164,24663.912109375,12923.400390625,8600.7001953125,11045.7998046875,293.12,-806.45,1.0853,1099.5700000000002,0.8849206349206349,-0.06702271373547286,0.40476190476190477,0.1596842636419072,-0.014784265930725543,0.015873015873015872
2018-03-13,10426.849609375,14.460000038146973,24738.36328125,12734.2001953125,8712.099609375,11064.2998046875,7028.42,1613.39,1.0745,5415.03,0.9880952380952381,-0.10228053968685479,0.40476190476190477,0.13979666898925922,0.004803331392210508,0.09126984126984126
2018-03-14,10410.900390625,14.359999656677246,24851.361328125,12786.9501953125,8701.5498046875,11060.599609375,-258.98,-432.03,1.0886,173.04999999999995,0.6944444444444444,0.021861034740017552,0.45634920634920634,0.13718641628563946,0.006413580281133008,0.1111111111111111
2018-03-15,10360.150390625,14.329999923706055,24791.560546875,12762.2998046875,8670.5498046875,11051.75,-705.4,256.45,1.0375,-961.8499999999999,0.38095238095238093,-0.23346992848137915,0.373015873015873,0.1352664369017023,0.008033562335358235,0.12301587301587301
2018-03-16,10195.150390625,15.220000267028809,24489.265625,12698.400390625,8546.7998046875,10861.400390625,-150.46,-770.53,0.9469,620.0699999999999,0.8134920634920635,-0.7527671032438665,0.24206349206349206,0.14398582789316933,0.008214174777118749,0.12698412698412698
2018-03-19,10094.25,15.819999694824219,24244.818359375,12421.2998046875,8512.900390625,10787.0,292.23,-191.52,0.9057,483.75,0.7896825396825397,-0.9874392441911416,0.17063492063492064,0.1453149426344462,0.012885054313795996,0.15476190476190477
2018-03-20,10124.349609375,15.609999656677246,24167.91796875,12609.099609375,8578.7001953125,10848.599609375,344.16,731.17,0.9067,-387.00999999999993,0.5396825396825397,-0.9283576302707403,0.19444444444444445,0.14416391522068034,0.011936081346092114,0.15476190476190477
2018-03-21,10155.25,15.109999656677246,24255.318359375,12608.849609375,8525.4501953125,10833.599609375,98.44,197.78,0.9271,-99.34,0.6309523809523809,-0.7246426630649159,0.2619047619047619,0.14352465287366978,0.007575343693102671,0.11904761904761904
2018-03-22,10114.75,15.25,24141.21875,12489.599609375,8474.0,10737.150390625,161.11,409.89,0.9277,-248.77999999999997,0.5873015873015873,-0.6688496373673708,0.2777777777777778,0.14388400603228618,0.008615993967713814,0.1349206349206349
2018-03-23,9998.0498046875,15.550000190734863,23670.125,12541.099609375,8327.400390625,10637.7001953125,1628.19,-935.41,0.8945,2563.6,0.9722222222222222,-0.8722473131513706,0.21428571428571427,0.14725516882121434,0.008244833086134301,0.1349206349206349
2018-03-26,10130.650390625,15.199999809265137,24244.068359375,12462.400390625,8390.5,10801.0,-741.19,2017.95,0.9986,-2759.1400000000003,0.06349206349206349,-0.05174383893931179,0.45634920634920634,0.15676968205754027,-0.0047696839648889156,0.05952380952380952
2018-03-27,10184.150390625,15.550000190734863,24433.8671875,12518.2001953125,8452.5,10843.75,1063.12,2172.91,1.005,-1109.79,0.3492063492063492,-0.02869569964790366,0.46825396825396826,0.15274549904136744,0.0027545028659811954,0.09126984126984126
2018-03-28,10113.7001953125,15.760000228881836,24263.068359375,12511.5498046875,8358.0498046875,10821.349609375,-1190.55,1960.67,1.3017,-3151.2200000000003,0.04365079365079365,2.0594985706360296,0.9444444444444444,0.148968216647735,0.008631785641083356,0.15079365079365079
2018-04-05,10325.150390625,14.800000190734863,24759.513671875,12682.5498046875,8655.650390625,11406.150390625,-1628.23,1084.09,1.2798,-2712.3199999999997,0.07539682539682539,1.7275092515643975,0.9047619047619048,0.16975737490718218,-0.021757372999833546,0.003968253968253968
2018-04-06,10331.599609375,14.75,24872.861328125,12603.349609375,8772.400390625,11444.150390625,2354.03,-712.41,1.308,3066.44,0.9761904761904762,1.7567141658744556,0.9047619047619048,0.16891113669567265,-0.021411136695672656,0.007936507936507936
2018-04-09,10379.349609375,14.869999885559082,25093.509765625,12531.2001953125,8738.150390625,11472.349609375,32.64,-21.41,1.2893,54.05,0.6706349206349206,1.5019882569518508,0.873015873015873,0.16967630214434332,-0.020976303288752496,0.011904761904761904
2018-04-10,10402.25,14.5,25226.5078125,12576.5498046875,8719.599609375,11386.650390625,-2760.63,1823.59,1.31,-4584.22,0.011904761904761904,1.5117939359429993,0.873015873015873,0.16633992271615433,-0.02133992271615434,0.011904761904761904
2018-04-12,10458.650390625,14.5600004196167,25194.806640625,13168.2001953125,8685.0498046875,11459.5498046875,-55.89,-521.38,1.337,465.49,0.7738095238095238,1.5559526925855878,0.8849206349206349,0.149026326011939,-0.0034263218157719877,0.0873015873015873
2018-04-13,10480.599609375,14.140000343322754,25200.306640625,13260.4501953125,8730.599609375,11465.2998046875,-399.59,306.05,1.3337,-705.64,0.4523809523809524,1.425915552391062,0.8611111111111112,0.14662358657690133,-0.005223583143673799,0.07539682539682539
2018-04-16,10528.349609375,14.260000228881836,25320.5546875,13203.099609375,8867.2001953125,11504.9501953125,-308.13,-28.97,1.342,-279.15999999999997,0.5833333333333334,1.3694964076499256,0.8373015873015873,0.146733941574189,-0.004133939285370647,0.08333333333333333
2018-04-17,10548.7001953125,14.039999961853027,25334.154296875,13162.2998046875,8827.75,11472.349609375,-951.39,723.81,1.3088,-1675.1999999999998,0.20634920634920634,1.1606830418077436,0.7976190476190477,0.13165205888733475,0.00874794073119553,0.18253968253968253
2018-04-18,10526.2001953125,14.109999656677246,25102.009765625,13124.0,8790.0,11411.7998046875,-915.71,869.7,1.2365,-1785.41,0.1865079365079365,0.7448313573656747,0.6825396825396826,0.13201222348595135,0.009087773080821121,0.1865079365079365
2018-04-19,10565.2998046875,13.75,25125.857421875,13273.4501953125,8829.75,11431.650390625,-624.99,448.61,1.3064,-1073.6,0.376984126984127,1.1696815695551899,0.7976190476190477,0.13226633355794368,0.005233666442056334,0.13095238095238096
2018-04-20,10564.0498046875,12.9399995803833,24943.560546875,13910.349609375,8819.7998046875,11440.099609375,-21.02,111.01,1.2843,-132.03,0.6309523809523809,1.00292806795907,0.7619047619047619,0.13065096794067566,-0.0012509721368426374,0.10317460317460317
2018-04-23,10584.7001953125,13.149999618530273,24960.359375,14013.9501953125,8949.900390625,11497.2001953125,-259.08,387.26,1.285,-646.3399999999999,0.48412698412698413,0.959587392104979,0.75,0.11411023237764858,0.01738976380765414,0.30952380952380953
2018-04-24,10614.349609375,11.899999618530273,25041.80859375,13734.7998046875,8984.150390625,11522.599609375,-680.99,508.55,1.2909,-1189.54,0.3531746031746032,0.9402266478247346,0.7420634920634921,0.10522058528379011,0.01377941090151262,0.24206349206349206
2018-04-25,10570.5498046875,12.399999618530273,24814.111328125,13892.400390625,8901.150390625,11503.5,-304.79,435.98,1.2176,-740.77,0.4603174603174603,0.4810499828381899,0.5873015873015873,0.10780056675109982,0.01619942943420291,0.28174603174603174
2018-04-26,10617.7998046875,12.039999961853027,25010.609375,14026.650390625,8896.599609375,11534.7998046875,-1056.34,684.11,1.3199,-1740.4499999999998,0.21031746031746032,1.0111498639014445,0.7619047619047619,0.10807168971563955,0.01232830990289073,0.2261904761904762
2018-04-27,10692.2998046875,12.020000457763672,25394.3046875,13794.900390625,8987.400390625,11581.7998046875,-759.21,633.71,1.3416,-1392.92,0.2857142857142857,1.0658405112672757,0.7777777777777778,0.10670949990863897,0.013490504668997746,0.23809523809523808
2018-04-30,10739.349609375,12.359999656677246,25531.302734375,13986.25,9060.7001953125,11625.75,-385.47,261.98,1.3243,-647.45,0.5,0.9020439311323414,0.7103174603174603,0.09224290164800891,0.03135709491876355,0.6904761904761905
2018-05-02,10718.0498046875,12.84000015258789,25568.00390625,13754.2998046875,8961.0498046875,11508.2001953125,-1263.57,1163.64,1.2892,-2427.21,0.1111111111111111,0.6492380312804545,0.6349206349206349,0.08685865136279085,0.04154135016308806,0.8571428571428571
2018-05-03,10679.650390625,12.989999771118164,25604.953125,13473.9501953125,8966.2998046875,11451.650390625,-366.6,-154.2,1.2148,-212.40000000000003,0.626984126984127,0.17756261191197292,0.4722222222222222,0.08920408983379677,0.04069590787738486,0.8373015873015873
2018-05-04,10618.25,13.25,25645.1015625,13453.2998046875,8817.4501953125,11323.7001953125,-108.02,615.28,1.19,-723.3,0.4722222222222222,0.007974342207092163,0.44047619047619047,0.08765954748132226,0.04484045251867774,0.8849206349206349
2018-05-07,10715.5,13.760000228881836,25851.75,13424.900390625,8774.400390625,11489.599609375,-159.37,-296.97,1.2571,137.60000000000002,0.7023809523809523,0.37474795892174156,0.5277777777777778,0.061372379286662435,0.07622762300215592,0.9880952380952381
2018-05-09,10741.7001953125,14.270000457763672,26154.14453125,13453.400390625,8704.099609375,11419.75,-383.67,176.95,1.2943,-560.62,0.5238095238095238,0.5524944901250122,0.6071428571428571,0.06122780288295297,0.08147220169468374,0.9920634920634921
2018-05-10,10716.5498046875,14.430000305175781,26130.6953125,13427.2998046875,8544.9501953125,11346.400390625,-3370.14,1902.07,1.1699,-5272.21,0.011904761904761904,-0.3173470472570651,0.3373015873015873,0.06218301372191935,0.08211698932983845,0.9920634920634921
2018-05-11,10806.5,13.979999542236328,26412.84375,13478.599609375,8445.7001953125,11373.2001953125,12.34,-621.94,1.2266,634.2800000000001,0.8293650793650794,-0.0033752169141769493,0.43253968253968256,0.06665463504227175,0.07314536038009155,0.9761904761904762
2018-05-14,10806.599609375,14.25,26474.841796875,13446.150390625,8462.0498046875,11273.75,717.99,687.23,1.22,30.75999999999999,0.6825396825396826,-0.13804371785886557,0.36507936507936506,0.06564054437282078,0.0768594556271792,0.9801587301587301
2018-05-15,10801.849609375,13.170000076293945,26473.69140625,13504.9501953125,8401.150390625,11186.7998046875,-518.47,531.33,1.1721,-1049.8000000000002,0.3888888888888889,-0.67589989912902,0.24603174603174602,0.06602098659490453,0.06567901416803491,0.9563492063492064
2018-05-16,10741.099609375,13.4399995803833,26181.845703125,13525.599609375,8399.099609375,11164.7001953125,-699.22,229.06,1.0643,-928.28,0.4126984126984127,-2.023546865381419,0.027777777777777776,0.06961076699713284,0.06478922880670016,0.9523809523809523
2018-05-17,10682.7001953125,13.40999984741211,26073.498046875,13504.75,8403.0,11154.7998046875,-830.94,428.92,1.0731,-1259.8600000000001,0.3412698412698413,-2.0970152449098234,0.01984126984126984,0.07314483743676695,0.060955161037354155,0.9404761904761905
2018-05-18,10596.400390625,14.149999618530273,25875.298828125,13459.150390625,8211.849609375,10962.75,-166.15,149.58,1.0066,-315.73,0.5912698412698413,-2.8776727661670205,0.003968253968253968,0.07898534059011582,0.06251465559518692,0.9444444444444444
2018-05-21,10516.7001953125,14.40999984741211,25750.501953125,13483.849609375,7983.2001953125,10732.900390625,-496.03,1190.56,0.9416,-1686.59,0.21428571428571427,-2.9292301855713516,0.003968253968253968,0.08262912524425658,0.0614708732298645,0.9444444444444444
2018-05-22,10536.7001953125,13.600000381469727,25777.400390625,13484.5498046875,8118.89990234375,10913.4501953125,-1651.63,1496.83,0.9393,-3148.46,0.05555555555555555,-2.5081658149145096,0.01984126984126984,0.08297531918471707,0.053024684629980195,0.9007936507936508
2018-05-23,10430.349609375,14.15999984741211,25684.650390625,13464.349609375,8069.7001953125,10860.599609375,-311.11,789.78,0.8869,-1100.8899999999999,0.3888888888888889,-2.518226937479094,0.01984126984126984,0.08978103365739115,0.05181896481672993,0.8968253968253969
2018-05-24,10513.849609375,13.149999618530273,26016.498046875,13775.7001953125,8207.0,10681.599609375,-701.93,1480.51,0.9928,-2182.44,0.1388888888888889,-1.5674017829059559,0.0873015873015873,0.09425067845849806,0.03724931772680466,0.746031746031746
2018-05-25,10605.150390625,12.649999618530273,26273.24609375,13762.349609375,8297.25,10883.0,-768.29,887.76,1.1102,-1656.05,0.2261904761904762,-0.656702755455203,0.2619047619047619,0.09849314745971108,0.028006848725591643,0.5753968253968254
2018-05-28,10688.650390625,13.0600004196167,26613.94140625,13497.7001953125,8498.2001953125,11007.150390625,-795.06,1017.65,1.1758,-1812.71,0.18253968253968253,-0.13564849164815818,0.373015873015873,0.10114649390039657,0.029453510295770424,0.6150793650793651
2018-05-29,10633.2998046875,13.069999694824219,26254.49609375,13561.0498046875,8410.4501953125,11051.150390625,-407.33,578.38,1.0458,-985.71,0.42063492063492064,-1.0407362397577864,0.14682539682539683,0.09974340711607282,0.030956589832169368,0.6587301587301587
2018-05-30,10614.349609375,13.40999984741211,26327.494140625,13557.7001953125,8321.099609375,11024.150390625,-1286.91,492.46,1.0725,-1779.3700000000001,0.20238095238095238,-0.7839113956579193,0.2261904761904762,0.09830901531883154,0.03579098315528956,0.7341269841269841
2018-05-31,10736.150390625,13.220000267028809,26955.88671875,13666.0,8220.25,10994.4501953125,-15.31,-266.02,1.3032,250.70999999999998,0.7738095238095238,0.9786335523506079,0.7420634920634921,0.10690197320677758,0.025298029463510507,0.49603174603174605
2018-06-04,10628.5,13.880000114440918,26257.24609375,13595.099609375,8205.7998046875,11023.25,-524.85,1305.45,0.9936,-1830.3000000000002,0.18253968253968253,-1.289672991151212,0.12698412698412698,0.1122084614945081,0.02659153964990109,0.5396825396825397
2018-06-06,10684.650390625,12.550000190734863,26367.29296875,13528.7998046875,8233.650390625,11155.849609375,-81.4,712.31,0.9959,-793.7099999999999,0.47619047619047616,-1.1881003272131925,0.13095238095238096,0.11183713301434765,0.013662868893000987,0.25
2018-06-07,10768.349609375,12.779999732971191,26517.4921875,13683.75,8252.150390625,11236.0,-968.18,1480.82,1.1487,-2449.0,0.11507936507936507,-0.02568968886082124,0.4246031746031746,0.11055488550978962,0.017245111819922304,0.31746031746031744
2018-06-08,10767.650390625,12.699999809265137,26451.04296875,13769.7998046875,8603.9501953125,11226.099609375,248.7,218.64,1.1124,30.060000000000002,0.7301587301587301,-0.2594903497712926,0.3492063492063492,0.11025212492059552,0.016747873172055838,0.3055555555555556
2018-06-11,10786.9501953125,13.180000305175781,26453.244140625,13775.099609375,8647.150390625,11239.7001953125,-499.71,118.69,1.145,-618.4,0.5476190476190477,0.027313174018209187,0.4603174603174603,0.1100027886475215,0.02179721440423632,0.42857142857142855
2018-06-12,10842.849609375,12.729999542236328,26606.791015625,13859.849609375,8870.4501953125,11243.400390625,72.47,-389.78,1.1897,462.25,0.8373015873015873,0.3851565699029289,0.5357142857142857,0.10746753711070357,0.01983245831165971,0.3888888888888889
2018-06-13,10856.7001953125,12.640000343322754,26642.490234375,14034.150390625,8948.9501953125,11236.2001953125,-70.77,486.78,1.1993,-557.55,0.5674603174603174,0.5079032742190076,0.5873015873015873,0.10753685407045686,0.018863149362770684,0.3611111111111111
2018-06-14,10808.0498046875,12.100000381469727,26561.94140625,13825.400390625,9112.4501953125,11243.0,-1372.84,576.19,1.1421,-1949.03,0.18253968253968253,0.1039462955852084,0.46825396825396826,0.10882606108934689,0.01217394272535037,0.2261904761904762
2018-06-15,10817.7001953125,12.069999694824219,26417.09375,14121.5,9316.25,11173.0498046875,-1524.74,561.01,1.105,-2085.75,0.16666666666666666,-0.15779699370798542,0.36904761904761907,0.10676386843671412,0.013936128511528062,0.26587301587301587
2018-06-18,10799.849609375,12.380000114440918,26408.994140625,14024.2001953125,9319.2998046875,11203.4501953125,-754.43,824.1,1.0779,-1578.53,0.2698412698412698,-0.35122265913538564,0.3373015873015873,0.10485745775553569,0.018942543388873495,0.36507936507936506
2018-06-19,10710.4501953125,12.920000076293945,26265.4453125,13849.4501953125,9253.9501953125,11080.349609375,-1324.92,653.68,1.0385,-1978.6,0.17857142857142858,-0.6689358771859575,0.2698412698412698,0.10507975621291778,0.024120244550021666,0.48412698412698413
2018-06-20,10772.0498046875,12.170000076293945,26557.390625,13810.900390625,9291.349609375,11137.349609375,-2442.61,1473.65,1.1272,-3916.26,0.023809523809523808,0.18619071377367574,0.5,0.10206023465635658,0.01963976610658287,0.38095238095238093
2018-06-21,10741.099609375,12.449999809265137,26496.640625,13771.7001953125,9198.7998046875,11033.2001953125,1126.75,663.57,1.0609,463.17999999999995,0.8373015873015873,-0.39428710474522305,0.3373015873015873,0.10302957180656291,0.02147042628608846,0.42063492063492064
2018-06-22,10821.849609375,12.020000457763672,26766.5390625,13777.099609375,9360.900390625,11088.5,-1343.44,1105.76,1.1837,-2449.2,0.11904761904761904,0.8954844358913624,0.7142857142857143,0.09663619360911281,0.023563810968523904,0.4722222222222222
2018-06-25,10762.4501953125,12.579999923706055,26609.390625,13865.2001953125,9286.7998046875,10910.4501953125,198.68,-86.22,1.0597,284.9,0.7817460317460317,-0.355210545016532,0.34523809523809523,0.09713546457681917,0.028664534660241367,0.6071428571428571
2018-06-26,10769.150390625,12.800000190734863,26601.390625,13943.5,9247.75,10852.099609375,-538.4,238.05,1.0581,-776.45,0.4801587301587302,-0.3239909223942576,0.3531746031746032,0.09303170974319254,0.0349682921641561,0.7222222222222222
2018-06-27,10671.400390625,13.510000228881836,26423.09375,14018.400390625,9263.4501953125,10716.2001953125,67.44,84.31,0.9599,-16.870000000000005,0.7142857142857143,-1.3005843177165748,0.12698412698412698,0.09537449144372488,0.03972551084509347,0.7777777777777778
2018-06-28,10589.099609375,13.949999809265137,26324.29296875,13873.7998046875,9149.400390625,10632.599609375,-951.51,442.64,1.1549,-1394.15,0.31746031746031744,0.833020985304446,0.6944444444444444,0.09759102084200777,0.0419089772506436,0.8214285714285714
2018-06-29,10714.2998046875,12.9399995803833,26363.892578125,13989.5,9173.150390625,10709.0498046875,-157.15,2262.83,1.1446,-2419.98,0.1349206349206349,0.6854307241659542,0.6547619047619048,0.10614846783896947,0.023251527964863544,0.4642857142857143
2018-07-02,10657.2998046875,13.369999885559082,26229.99609375,14072.2998046875,9133.900390625,10665.7998046875,-1022.5,461.19,1.0781,-1483.69,0.30158730158730157,-0.038709766683596145,0.4365079365079365,0.09970188641778112,0.03399811243780969,0.7063492063492064
2018-07-03,10699.900390625,13.0,26203.794921875,14222.5498046875,9325.2998046875,10779.150390625,-719.78,409.34,1.0984,-1129.12,0.3968253968253968,0.15030797686379005,0.503968253968254,0.09386638220877312,0.03613361779122688,0.7341269841269841
2018-07-05,10749.75,12.579999923706055,26502.9921875,13970.5,9274.25,10925.75,-635.24,1037.23,1.1418,-1672.47,0.25,0.5766780577523714,0.6468253968253969,0.09345839142709353,0.032341607809967005,0.6785714285714286
2018-07-06,10772.650390625,12.4399995803833,26493.541015625,14015.9501953125,9189.900390625,11067.849609375,-525.4,1197.89,1.1415,-1723.29,0.24206349206349206,0.5227483743505663,0.6190476190476191,0.08950604214075192,0.034893953663081095,0.7063492063492064
2018-07-09,10852.900390625,12.390000343322754,26752.990234375,14108.849609375,9307.599609375,11135.650390625,37.56,942.45,1.1805,-904.8900000000001,0.45634920634920634,0.9806475989748551,0.7738095238095238,0.09327763812858396,0.030622365304643587,0.6507936507936508
2018-07-11,10948.2998046875,12.779999732971191,26815.88671875,14536.4501953125,9228.7001953125,11127.400390625,31.02,27.11,1.219,3.91,0.7182539682539683,1.4106619663976792,0.8690476190476191,0.09782189688257663,0.029978100447135295,0.6309523809523809
2018-07-12,11023.2001953125,12.510000228881836,27026.236328125,14515.650390625,9244.099609375,11038.0,-817.4,242.56,1.2536,-1059.96,0.4166666666666667,1.7187159431206396,0.9087301587301587,0.09898000556183287,0.026119996726985478,0.5238095238095238
2018-07-13,11018.900390625,12.300000190734863,26935.63671875,14534.900390625,9164.0,11003.0498046875,-1104.65,872.0,1.2395,-1976.65,0.18253968253968253,1.4642049026890036,0.876984126984127,0.09905589605292614,0.0239441058544225,0.4722222222222222
2018-07-16,10936.849609375,12.949999809265137,26679.490234375,14617.0498046875,8786.400390625,10835.150390625,-625.68,-70.3,1.0881,-555.38,0.5753968253968254,-0.4517863676481245,0.3412698412698413,0.10167716330552158,0.027822834787129783,0.5753968253968254
2018-07-17,11008.0498046875,12.829999923706055,27007.78515625,14618.25,8926.099609375,10965.650390625,-673.99,840.06,1.2029,-1514.05,0.2976190476190476,0.9390012936653398,0.75,0.10381451015144119,0.024485489085619344,0.4801587301587302
2018-07-18,10980.4501953125,13.680000305175781,26880.587890625,14631.7001953125,8885.650390625,10808.599609375,95.68,111.01,1.1023,-15.329999999999998,0.7222222222222222,-0.26369052375608104,0.373015873015873,0.10413569562950115,0.03266430742225668,0.6825396825396826
2018-07-19,10957.099609375,13.59000015258789,26789.33984375,14489.849609375,8749.900390625,10799.0,-315.69,470.02,1.1352,-785.71,0.47619047619047616,0.1323197119557706,0.503968253968254,0.09912908939906746,0.03677091212681145,0.7380952380952381
2018-07-20,11010.2001953125,13.539999961853027,26872.88671875,14701.400390625,8895.25,10752.7001953125,310.27,-50.73,1.1749,361.0,0.8055555555555556,0.6648610022526573,0.6666666666666666,0.09862561283314475,0.03677438678538553,0.7380952380952381
2018-07-23,11084.75,13.010000228881836,27007.8359375,14683.2001953125,8937.400390625,10770.599609375,259.37,124.82,1.2642,134.55,0.75,1.8668984685304215,0.9404761904761905,0.09940104882623062,0.030698953462587733,0.6388888888888888
2018-07-24,11134.2998046875,12.470000267028809,26974.0859375,14663.900390625,9049.0498046875,10861.2998046875,104.34,513.78,1.2735,-409.43999999999994,0.5912698412698413,1.8117635469523183,0.9246031746031746,0.097574870859343,0.027125131810945086,0.5476190476190477
2018-07-25,11132.0,12.210000038146973,27030.986328125,14575.349609375,8969.25,10809.9501953125,-1195.75,97.64,1.2996,-1293.39,0.3492063492063492,1.9512591032059745,0.9404761904761905,0.0943453249651409,0.027754675416328825,0.5595238095238095
2018-07-26,11167.2998046875,12.029999732971191,27406.08203125,14468.099609375,8994.650390625,10770.0,2453.57,-2716.04,1.4214,5169.610000000001,0.9920634920634921,2.874939631572395,1.0,0.0943962890755769,0.025903708254135016,0.49206349206349204
2018-07-27,11278.349609375,12.3100004196167,27634.080078125,14517.900390625,9039.0,10874.7998046875,738.05,406.12,1.3864,331.92999999999995,0.8015873015873016,2.217137397397383,0.9761904761904762,0.0891700448632321,0.0339299593329349,0.6825396825396826
2018-07-30,11319.5498046875,12.59000015258789,27842.275390625,14420.5498046875,9115.5498046875,10925.0498046875,-234.04,48.58,1.4302,-282.62,0.6349206349206349,2.300475749295252,0.9761904761904762,0.08006911006043764,0.04583089146544127,0.8611111111111112
2018-07-31,11356.5,12.479999542236328,27763.828125,14587.7998046875,9179.400390625,10973.75,572.21,-290.87,1.3687,863.08,0.8968253968253969,1.6090294898915776,0.8809523809523809,0.07364258441413295,0.05115741100823033,0.8928571428571429
2018-08-01,11346.2001953125,12.529999732971191,27596.279296875,14679.349609375,9301.7001953125,10890.099609375,692.83,-206.3,1.2068,899.1300000000001,0.9007936507936508,0.2030629058479777,0.5119047619047619,0.06857106211388594,0.056728935215825976,0.9087301587301587
2018-08-02,11244.7001953125,12.5600004196167,27355.630859375,14552.599609375,9424.650390625,10733.650390625,-2297.09,2373.59,1.1749,-4670.68,0.015873015873015872,-0.11281672136722669,0.3968253968253968,0.08079721160717268,0.044802792588994306,0.8333333333333334
2018-08-03,11360.7998046875,12.079999923706055,27695.177734375,14649.099609375,9500.75,10775.2998046875,-364.8,675.26,1.2737,-1040.06,0.4166666666666667,0.7131345990103443,0.6587301587301587,0.08514493256713125,0.03565506666992929,0.7023809523809523
2018-08-06,11387.099609375,12.5600004196167,27898.17578125,14605.5498046875,9408.599609375,10822.7998046875,-222.5,459.44,1.2905,-681.94,0.5119047619047619,0.8037696578788741,0.6825396825396826,0.08512918288185824,0.04047082131430875,0.7698412698412699
2018-08-08,11450.0,12.539999961853027,28062.123046875,14608.2001953125,9307.25,10821.2001953125,568.63,30.25,1.3404,538.38,0.8611111111111112,1.1721670247149094,0.7896825396825397,0.08400713254464534,0.041392867073884926,0.7936507936507936
2018-08-10,11429.5,12.850000381469727,28123.923828125,14679.2998046875,9138.25,10839.4501953125,-1805.07,1973.97,1.2231,-3779.04,0.031746031746031744,0.10919417346222156,0.4801587301587302,0.08221406513735925,0.046285938677338004,0.8571428571428571
2018-08-13,11355.75,13.399999618530273,27794.078125,14880.25,9186.599609375,10756.7001953125,-971.86,216.29,1.1359,-1188.15,0.38492063492063494,-0.7116393348668765,0.25396825396825395,0.08567113634878709,0.048328859836515636,0.876984126984127
2018-08-14,11435.099609375,13.279999732971191,28021.373046875,15009.25,9481.150390625,10803.150390625,-378.84,391.47,1.1949,-770.31,0.4801587301587302,-0.2693822736497594,0.35714285714285715,0.08749220969207151,0.045307787637640415,0.8373015873015873
2018-08-16,11385.0498046875,13.649999618530273,27826.2265625,15044.349609375,9595.349609375,10830.9501953125,-825.08,133.78,1.1436,-958.86,0.4365079365079365,-0.78638273256636,0.2261904761904762,0.0837316513242505,0.052768344861052224,0.8928571428571429
2018-08-17,11470.75,13.15999984741211,28128.224609375,15126.400390625,9693.849609375,10878.7001953125,147.31,151.89,1.2153,-4.579999999999984,0.7063492063492064,-0.08218724270443695,0.4126984126984127,0.08452173719768849,0.04707826127643261,0.8611111111111112
2018-08-20,11551.75,13.029999732971191,28273.921875,14996.099609375,9799.150390625,10997.900390625,-483.04,593.22,1.2642,-1076.26,0.3968253968253968,0.3707923945210954,0.5357142857142857,0.08447045161347337,0.045829545716238554,0.8333333333333334
2018-08-21,11570.900390625,12.899999618530273,28257.572265625,15134.650390625,9950.5,10979.25,254.25,197.87,1.2299,56.379999999999995,0.7301587301587301,-0.04413597830506752,0.43253968253968256,0.0827490182895355,0.04625097789576722,0.8412698412698413
2018-08-23,11582.75,12.760000228881836,28027.57421875,15321.9501953125,10076.7998046875,10959.599609375,433.21,142.0,1.2154,291.21,0.7817460317460317,-0.23617741654210558,0.36904761904761907,0.08256616138004928,0.045033840908769066,0.8134920634920635
2018-08-24,11557.099609375,12.40999984741211,27834.375,15260.0498046875,10061.099609375,10903.0,-75.78,904.75,1.1196,-980.53,0.4246031746031746,-1.2955615989017957,0.13095238095238096,0.08263098134365386,0.04146901713046723,0.7619047619047619
2018-08-27,11691.9501953125,12.239999771118164,28263.87109375,15514.9501953125,10094.2001953125,10993.5498046875,252.52,1117.24,1.3081,-864.72,0.4603174603174603,0.7593721856760187,0.6666666666666666,0.08899389614632229,0.03340610156485935,0.6150793650793651
2018-08-28,11738.5,12.430000305175781,28269.322265625,15583.0498046875,10050.099609375,11044.150390625,-161.05,-199.28,1.3451,38.22999999999999,0.7182539682539683,1.1008213287775228,0.7738095238095238,0.08857892295569268,0.03572108009606513,0.6626984126984127
2018-08-29,11691.900390625,12.4399995803833,28223.771484375,15524.9501953125,10008.900390625,11057.150390625,-1415.87,1114.36,1.2609,-2530.2299999999996,0.10714285714285714,0.1807182368631338,0.503968253968254,0.0916074870471106,0.03279250875672242,0.6111111111111112
2018-08-30,11676.7998046875,12.40999984741211,28102.923828125,15529.849609375,10120.5498046875,11007.599609375,958.01,-1598.67,1.2707,2556.6800000000003,0.9722222222222222,0.275762236167157,0.5277777777777778,0.08782721306184992,0.03627278541227118,0.6785714285714286
2018-08-31,11680.5,12.600000381469727,28061.423828125,15811.400390625,10390.9501953125,11009.25,-212.81,171.92,1.174,-384.73,0.5912698412698413,-0.8420346232563102,0.21428571428571427,0.08766168673479549,0.03833831707990176,0.7023809523809523
2018-09-03,11582.349609375,13.390000343322754,27819.17578125,15724.7001953125,10359.900390625,10935.650390625,550.36,-65.0,1.0368,615.36,0.8650793650793651,-2.1456919782709565,0.031746031746031744,0.09425702864957322,0.039642974783654306,0.7222222222222222
2018-09-04,11520.2998046875,13.779999732971191,27430.431640625,16048.7001953125,10205.5498046875,10754.099609375,-1300.93,359.35,0.9503,-1660.2800000000002,0.2619047619047619,-2.6852830924005895,0.015873015873015872,0.09674480040022561,0.041055196929486296,0.7619047619047619
2018-09-05,11476.9501953125,13.649999618530273,27375.732421875,16039.900390625,10303.400390625,10788.400390625,-704.03,664.92,0.9255,-1368.9499999999998,0.32936507936507936,-2.5431395223353856,0.01984126984126984,0.09139859400034288,0.04510140218495985,0.8293650793650794
2018-09-07,11589.099609375,13.890000343322754,27481.12890625,16104.7998046875,10661.25,11036.650390625,-569.91,740.39,1.1005,-1310.3,0.3373015873015873,-1.0468801895834126,0.15873015873015872,0.09068140765494445,0.04821859577828308,0.8809523809523809
2018-09-10,11438.099609375,15.199999809265137,27201.43359375,16105.2998046875,10446.5,10843.900390625,-1242.46,1526.0,0.9574,-2768.46,0.07936507936507936,-1.9841094057942683,0.05952380952380952,0.10335773761537778,0.048642260477273574,0.8849206349206349
2018-09-11,11287.5,15.329999923706055,26807.1875,15993.2001953125,10279.0498046875,10681.400390625,614.14,-337.28,0.8435,951.42,0.9087301587301587,-2.4413228337955393,0.03571428571428571,0.1117497175595771,0.04155028167748345,0.7738095238095238
2018-09-14,11515.2001953125,13.84000015258789,27163.533203125,16072.5,10652.849609375,10826.7001953125,1090.56,115.14,1.0045,975.42,0.9126984126984127,-1.2559586115936003,0.15079365079365079,0.1335451681960951,0.004854833329783814,0.12698412698412698
2018-09-17,11377.75,14.5,26819.98828125,16119.7998046875,10504.150390625,10730.7998046875,-106.54,-180.36,0.9173,73.82000000000001,0.7261904761904762,-1.7024559812170181,0.0873015873015873,0.1386561864673404,0.006343813532659587,0.15079365079365079
2018-09-18,11278.900390625,14.420000076293945,26441.142578125,16031.0,10465.400390625,10565.650390625,-1143.73,264.66,0.8118,-1408.39,0.31746031746031744,-2.1472092954886435,0.04365079365079365,0.13953263793959322,0.004667362823346233,0.12301587301587301
2018-09-19,11234.349609375,14.010000228881836,26277.044921875,16063.9501953125,10456.9501953125,10527.900390625,-2184.55,1201.3,0.8331,-3385.8500000000004,0.051587301587301584,-1.867681873208776,0.07142857142857142,0.1393901327260689,0.00070986956274946,0.10714285714285714
2018-09-21,11143.099609375,15.539999961853027,25596.603515625,15833.5,10252.349609375,10407.400390625,760.7,497.03,0.8118,263.6700000000001,0.7857142857142857,-1.8344060147197505,0.07936507936507936,0.1382992827578769,0.01710071686065337,0.2896825396825397
2018-09-24,10967.400390625,17.43000030517578,24970.05859375,16175.2998046875,9994.75,10001.0,-523.94,1527.67,0.7585,-2051.61,0.1865079365079365,-1.9305685507832315,0.07142857142857142,0.14349265979625342,0.030807343255504382,0.5674603174603174
2018-09-25,11067.4501953125,16.68000030517578,25330.0546875,16234.900390625,10245.150390625,10100.4501953125,-1231.7,2284.26,0.8302,-3515.96,0.04365079365079365,-1.4166857422116852,0.14682539682539683,0.14873514558755,0.01806485746420783,0.3055555555555556
2018-09-26,11053.7998046875,17.09000015258789,25376.005859375,15932.4501953125,10289.2998046875,10002.2001953125,-809.95,1555.44,0.829,-2365.3900000000003,0.15476190476190477,-1.3232263031620228,0.15873015873015872,0.14829653314056992,0.022603468385308995,0.3968253968253968
2018-09-27,10977.5498046875,16.920000076293945,25041.859375,16018.0,10092.4501953125,9815.400390625,552.44,-186.69,1.0944,739.1300000000001,0.8888888888888888,0.12436606715541701,0.5476190476190477,0.14918375453700417,0.020016246225935286,0.3531746031746032
2018-09-28,10930.4501953125,17.0,25119.55859375,15838.0498046875,9972.4501953125,9590.25,-1699.94,3256.34,1.0712,-4956.280000000001,0.015873015873015872,0.04892396596297197,0.5317460317460317,0.13951153775936093,0.030488462240639086,0.5515873015873016
2018-10-01,11008.2998046875,16.84000015258789,25366.705078125,16213.599609375,10034.400390625,9659.5498046875,-572.26,600.24,1.1485,-1172.5,0.4087301587301587,0.5053977799706149,0.6468253968253969,0.1421078629330301,0.02629213859284882,0.4642857142857143
2018-10-04,10599.25,18.920000076293945,24819.01171875,15441.099609375,9630.75,9207.0,-684.99,653.65,0.9859,-1338.6399999999999,0.35714285714285715,-0.3954775256551594,0.38095238095238093,0.18802644287966572,0.0011735578832737237,0.11507936507936507
2018-10-05,10316.4501953125,19.729999542236328,24443.166015625,15591.650390625,9547.349609375,8915.099609375,-364.88,900.69,0.8802,-1265.5700000000002,0.3888888888888889,-0.9358257841318621,0.23809523809523808,0.20307905452803576,-0.005779059105672474,0.07142857142857142
2018-10-08,10348.0498046875,20.149999618530273,24618.0625,15305.2001953125,9505.7998046875,8969.099609375,-510.66,457.83,0.916,-968.49,0.4642857142857143,-0.6868967401563857,0.31746031746031744,0.2044730504027469,-0.0029730542174441765,0.10317460317460317
2018-10-09,10301.0498046875,19.760000228881836,24527.365234375,15369.7998046875,9638.75,8732.900390625,-841.68,-289.66,0.8923,-552.02,0.5873015873015873,-0.7664575807368765,0.2857142857142857,0.2043378003406074,-0.006737798051789035,0.06746031746031746
2018-10-10,10460.099609375,17.90999984741211,25321.404296875,15143.2001953125,9771.349609375,8961.9501953125,-1096.05,1892.94,1.037,-2988.99,0.08333333333333333,0.10867591333447545,0.5396825396825397,0.2177584891716276,-0.038658490697506515,0.003968253968253968
2018-10-12,10472.5,18.6299991607666,25395.5546875,14539.2001953125,9525.599609375,9084.4501953125,116.22,-145.8,1.013,262.02,0.7936507936507936,0.009648548156628932,0.5158730158730159,0.21878535295780738,-0.03248536135014135,0.007936507936507936
2018-10-15,10512.5,18.889999389648438,25387.755859375,14797.2001953125,9774.099609375,9034.599609375,67.86,294.78,1.0183,-226.91999999999996,0.6666666666666666,0.08432874730686434,0.5317460317460317,0.214625871254107,-0.025725877357622634,0.011904761904761904
2018-10-16,10584.75,17.3700008392334,25589.353515625,14887.349609375,9836.75,9102.900390625,-1165.63,1059.44,1.0378,-2225.07,0.1626984126984127,0.22553887814893342,0.5833333333333334,0.21615391209996265,-0.042453903707628665,0.003968253968253968
2018-10-17,10453.0498046875,17.979999542236328,25188.306640625,14949.599609375,9686.400390625,8834.7001953125,140.02,-343.11,0.9197,483.13,0.8650793650793651,-0.4698937955271854,0.3611111111111111,0.21574720506649675,-0.035947209644133477,0.011904761904761904
2018-10-19,10303.5498046875,19.790000915527344,25085.509765625,14476.849609375,9650.2998046875,8690.25,-618.26,-2.14,0.8767,-616.12,0.5515873015873016,-0.7285599305679384,0.2777777777777778,0.19930676827196425,-0.0014067591166908033,0.13095238095238096
2018-10-22,10245.25,21.360000610351562,25078.30859375,14421.4501953125,9646.650390625,8700.4501953125,-511.91,303.21,0.8985,-815.12,0.49206349206349204,-0.5164510942952419,0.3492063492063492,0.19785122327856366,0.015748782824951957,0.3134920634920635
2018-10-23,10146.7998046875,19.040000915527344,24972.158203125,14014.7001953125,9368.25,8649.150390625,-340.35,116.41,0.8658,-456.76,0.5873015873015873,-0.7597420364681189,0.25793650793650796,0.19809576148992203,-0.007695752334648587,0.0873015873015873
2018-10-24,10224.75,18.8799991607666,25063.908203125,14049.150390625,9334.400390625,8663.900390625,-2046.54,1873.51,0.9078,-3920.05,0.027777777777777776,-0.31445418678578135,0.39285714285714285,0.20334806235562433,-0.014548070747958303,0.05555555555555555
2018-10-25,10124.900390625,18.959999084472656,24817.16015625,14070.7998046875,9142.7001953125,8580.9501953125,-1495.71,339.6,1.2805,-1835.31,0.21428571428571427,2.8645306413824803,0.996031746031746,0.20380548126219103,-0.014205490417464467,0.06349206349206349
2018-10-26,10030.0,19.229999542236328,24420.767578125,13798.599609375,9115.099609375,8578.0498046875,-1356.66,1875.89,1.0263,-3232.55,0.07142857142857142,0.6528165139224135,0.6865079365079365,0.20039447360484175,-0.008094478182478465,0.09523809523809523
2018-10-29,10250.849609375,19.829999923706055,24959.408203125,14132.650390625,9590.400390625,8723.900390625,-2230.79,2526.9,1.2729,-4757.6900000000005,0.015873015873015872,2.3765613319058754,0.9880952380952381,0.21622602239604466,-0.017926023158984117,0.03968253968253968
2018-10-30,10198.400390625,20.5,24807.4609375,14355.849609375,9535.2998046875,8744.599609375,-1592.02,1363.04,1.1036,-2955.06,0.09126984126984126,1.0833876255279555,0.8095238095238095,0.21604724788901414,-0.01104724788901415,0.0873015873015873
2018-10-31,10386.599609375,19.799999237060547,25152.95703125,14940.099609375,9757.5,8820.5498046875,-193.65,1124.92,1.2694,-1318.5700000000002,0.3531746031746032,2.084625888883659,0.9603174603174603,0.22966730298082283,-0.03166731061021735,0.01984126984126984
2018-11-01,10380.4501953125,19.190000534057617,25323.35546875,14622.0,9609.150390625,8814.2001953125,-623.63,770.02,1.2441,-1393.65,0.3373015873015873,1.7385112090217427,0.9166666666666666,0.2297161362738101,-0.03781613093323394,0.011904761904761904
2018-11-05,10524.0,19.479999542236328,25731.900390625,14471.75,9460.5,9153.650390625,-325.44,1163.35,1.2688,-1488.79,0.3134920634920635,1.7428964949279877,0.9166666666666666,0.23458155745870954,-0.03978156203634625,0.007936507936507936
2018-11-06,10530.0,18.510000228881836,25597.703125,14577.2998046875,9454.9501953125,9130.4501953125,-1156.77,1062.82,1.178,-2219.59,0.16666666666666666,1.0925527754250515,0.7976190476190477,0.19320778755157564,-0.008107785262757267,0.1111111111111111
2018-11-07,10598.400390625,17.719999313354492,25769.400390625,14683.099609375,9502.099609375,9200.75,636.27,15.33,1.213,620.9399999999999,0.8888888888888888,1.2253624597545012,0.8253968253968254,0.16652808373410166,0.010671909399443263,0.2698412698412698
2018-11-09,10585.2001953125,17.770000457763672,25770.701171875,14553.25,9643.900390625,9277.75,-1454.36,749.62,1.2307,-2203.98,0.17063492063492064,1.2469589151168732,0.8253968253968254,0.16664272841741937,0.011057276160217344,0.27380952380952384
2018-11-12,10482.2001953125,19.3700008392334,25539.453125,14650.5,9557.5,9051.5,-2421.06,2255.68,1.0713,-4676.74,0.01984126984126984,0.21317713485183784,0.5634920634920635,0.17000595636808705,0.02369405202424693,0.4603174603174603
2018-11-13,10582.5,18.700000762939453,25768.30078125,14698.2001953125,9422.5498046875,9126.900390625,-494.95,335.78,1.1956,-830.73,0.503968253968254,0.9563488974770793,0.753968253968254,0.16462945289857,0.022370554730824527,0.43253968253968256
2018-11-14,10576.2998046875,18.829999923706055,25929.849609375,14338.5,9216.150390625,9051.400390625,277.38,-272.24,1.1961,549.62,0.873015873015873,0.9015890947259332,0.7380952380952381,0.16466341113327834,0.02363658810378219,0.45634920634920634
2018-11-15,10616.7001953125,18.450000762939453,26154.4453125,14354.150390625,9218.5498046875,9108.25,2043.06,-165.31,1.2364,2208.37,0.9682539682539683,1.114003145594154,0.8055555555555556,0.16466350996165802,0.019836497667736513,0.3888888888888889
2018-11-16,10682.2001953125,18.350000381469727,26245.24609375,14473.150390625,9301.349609375,9112.349609375,844.82,-372.24,1.2342,1217.06,0.9365079365079365,1.0449375341468143,0.7857142857142857,0.16432413308611843,0.019175870728578848,0.36507936507936506
2018-11-19,10763.400390625,19.260000228881836,26300.392578125,14599.7998046875,9399.25,9207.650390625,1103.36,-310.26,1.2959,1413.62,0.9404761904761905,1.3712741852445312,0.8571428571428571,0.15865641995153254,0.03394358233728581,0.6468253968253969
2018-11-20,10656.2001953125,19.329999923706055,26113.046875,14285.099609375,9218.7001953125,9133.650390625,-753.17,-44.06,1.1446,-709.1099999999999,0.5238095238095238,0.36228229227347974,0.5952380952380952,0.1535091734967964,0.03979082574026413,0.7301587301587301
2018-11-21,10600.0498046875,19.559999465942383,26261.74609375,13879.150390625,9375.099609375,9119.2998046875,-1652.04,606.73,1.1633,-2258.77,0.1626984126984127,0.44996808636944396,0.6190476190476191,0.15326666506352563,0.042333329595898195,0.7896825396825397
2018-11-22,10526.75,19.15999984741211,25999.146484375,13835.7001953125,9302.2998046875,9062.650390625,446.24,49.68,1.0663,396.56,0.8055555555555556,-0.2520907226152344,0.3888888888888889,0.1508812284428324,0.04071877003128871,0.75
2018-11-26,10628.599609375,20.399999618530273,26365.29296875,14025.400390625,9180.5,9158.7998046875,62.74,351.78,1.2422,-289.03999999999996,0.626984126984127,0.9127761723619415,0.75,0.15204971713625884,0.051950279049043896,0.9007936507936508
2018-11-27,10685.599609375,18.31999969482422,26442.79296875,14225.349609375,9058.4501953125,9165.0,811.52,31.21,1.2973,780.31,0.8928571428571429,1.229420512514323,0.8333333333333334,0.14591022734509074,0.037289769603151446,0.6865079365079365
2018-11-28,10728.849609375,17.959999084472656,26457.642578125,14632.900390625,9014.7998046875,9096.4501953125,961.26,-330.29,1.2893,1291.55,0.9325396825396826,1.0952672029419646,0.8015873015873016,0.1387368975558849,0.04086309328884166,0.75
2018-11-29,10858.7001953125,18.700000762939453,26939.287109375,14465.2998046875,9090.650390625,9202.099609375,823.47,973.31,1.4287,-149.83999999999992,0.6507936507936508,1.8833725399288188,0.9444444444444444,0.12523501267902207,0.061764994950372465,0.9484126984126984
2018-11-30,10876.75,19.15999984741211,26862.63671875,14638.0498046875,9275.7001953125,9270.2001953125,-332.62,1489.65,1.2884,-1822.27,0.21428571428571427,0.8777548664476039,0.7182539682539683,0.12174557181001085,0.06985442666411025,0.9682539682539683
2018-12-03,10883.75,18.219999313354492,26857.23828125,14740.400390625,9053.400390625,9260.599609375,374.65,-464.59,1.1854,839.24,0.8888888888888888,0.15245804584727612,0.5238095238095238,0.10813503619702916,0.07406495693651577,0.9722222222222222
2018-12-04,10869.5,18.110000610351562,26693.490234375,14999.900390625,9064.400390625,9212.2001953125,368.9,-615.81,1.1297,984.7099999999999,0.9166666666666666,-0.28892054386214616,0.36507936507936506,0.1084226801316256,0.07267732597189001,0.9642857142857143
2018-12-06,10601.150390625,19.309999465942383,26197.99609375,14693.75,8686.5,8791.400390625,-1168.88,1327.45,1.0661,-2496.33,0.11507936507936507,-0.8493571685388934,0.20634920634920634,0.13752110987852476,0.05557888478089906,0.8928571428571429
2018-12-07,10693.7001953125,18.59000015258789,26593.9921875,14662.900390625,8682.599609375,8869.7998046875,-742.63,366.4,1.1463,-1109.03,0.4007936507936508,-0.32203443751572647,0.35714285714285715,0.14066775935199305,0.045232242173885856,0.8015873015873016
2018-12-10,10488.4501953125,20.440000534057617,26102.34765625,14419.2001953125,8535.2998046875,8784.25,-1322.13,1287.29,1.0145,-2609.42,0.0992063492063492,-1.6244936805863126,0.09523809523809523,0.1558800587734859,0.04851994656709027,0.8571428571428571
2018-12-11,10549.150390625,17.950000762939453,26163.095703125,14579.599609375,8746.599609375,8846.7998046875,832.15,-1073.84,1.0713,1905.9899999999998,0.9603174603174603,-1.2809611029238022,0.15079365079365079,0.157429550792008,0.022070456837386537,0.39285714285714285
2018-12-12,10737.599609375,15.8100004196167,26643.5390625,14738.5498046875,8801.5,9166.150390625,-1299.43,1121.29,1.2242,-2420.7200000000003,0.13095238095238096,0.32570008521113725,0.5833333333333334,0.16521950047210768,-0.00711949627594069,0.10317460317460317
2018-12-13,10791.5498046875,15.550000190734863,26816.037109375,14841.0,8810.7998046875,9254.2001953125,675.14,-51.86,1.1663,727.0,0.8690476190476191,-0.3490447301304439,0.3611111111111111,0.1629673225409953,-0.007467320633646662,0.0992063492063492
2018-12-14,10805.4501953125,15.15999984741211,26825.6875,14851.400390625,8726.400390625,9271.5,861.94,-302.52,1.1571,1164.46,0.9206349206349206,-0.4121074343453146,0.3412698412698413,0.1628644823682279,-0.011264483894106808,0.07936507936507936
2018-12-17,10888.349609375,14.539999961853027,27015.486328125,14873.0498046875,8771.2998046875,9335.7998046875,-60.95,-76.84,1.2372,15.89,0.6785714285714286,0.4407810965845547,0.6190476190476191,0.1642806906293864,-0.018880691010856127,0.051587301587301584
2018-12-18,10908.7001953125,14.579999923706055,27174.3828125,14730.900390625,8840.400390625,9403.7998046875,144.76,-182.6,1.267,327.36,0.7658730158730159,0.7807228861415823,0.7142857142857143,0.16329119931827768,-0.01749120008121713,0.05952380952380952
2018-12-19,10967.2998046875,14.65999984741211,27298.083984375,14591.7998046875,8823.4501953125,9507.7001953125,1209.21,-481.46,1.2662,1690.67,0.9523809523809523,0.759049075574198,0.7063492063492064,0.1623037404795735,-0.01570374200545241,0.06746031746031746
2018-12-20,10951.7001953125,14.329999923706055,27274.783203125,14542.150390625,8853.7998046875,9524.5498046875,-386.44,87.96,1.2107,-474.4,0.5595238095238095,0.15527598148297178,0.5555555555555556,0.1574099748375607,-0.014109975600500146,0.08333333333333333
2018-12-21,10754.0,15.989999771118164,26869.337890625,14207.849609375,8774.0498046875,9337.25,134.14,-488.55,0.9584,622.69,0.8531746031746031,-2.366931383032015,0.03968253968253968,0.1707847946443778,-0.010884796933196161,0.09126984126984126
2018-12-24,10663.5,15.75,26714.439453125,14247.75,8726.349609375,9206.75,-577.1,186.14,0.9339,-763.24,0.4880952380952381,-2.279039621007199,0.04365079365079365,0.17176577867053186,-0.014265778670531859,0.07539682539682539
2018-12-26,10729.849609375,15.920000076293945,26986.486328125,14158.900390625,8684.849609375,9227.0,80.28,-137.63,1.1003,217.91,0.7341269841269841,-0.6975151377599315,0.2896825396825397,0.16980863311398695,-0.010608632351047503,0.0992063492063492
2018-12-27,10779.7998046875,16.06999969482422,26878.23828125,14354.5,8665.75,9184.099609375,1731.91,-663.0,1.2056,2394.91,0.9722222222222222,0.23345710532844283,0.5833333333333334,0.16955876773031547,-0.008858770782073283,0.10317460317460317
2018-12-28,10859.900390625,15.270000457763672,27124.935546875,14385.7998046875,8814.2001953125,9223.7998046875,-119.6,1199.4,1.2354,-1319.0,0.3253968253968254,0.4974905743542197,0.6428571428571429,0.17092108571638243,-0.01822108113874571,0.05555555555555555
2018-12-31,10862.5498046875,16.0,27159.8828125,14440.2998046875,8868.7001953125,9235.5498046875,-326.87,321.98,1.1751,-648.85,0.5079365079365079,-0.057186856298338085,0.46825396825396826,0.16550808528930863,-0.0055080852893086285,0.1388888888888889
2019-01-02,10792.5,16.389999389648438,27174.3828125,14447.099609375,8839.9501953125,8902.650390625,1315.89,-5.07,1.0235,1320.96,0.9246031746031746,-1.3615885978826254,0.1388888888888889,0.16694750184596435,-0.0030475079494799717,0.15873015873015872
2019-01-03,10672.25,16.790000915527344,26959.537109375,14322.150390625,8722.2998046875,8767.349609375,198.38,117.05,1.0138,81.33,0.6904761904761905,-1.3446069386898956,0.14285714285714285,0.17121849735676467,-0.003318488201491221,0.15873015873015872
2019-01-04,10727.349609375,16.15999984741211,27194.68359375,14146.150390625,8788.0498046875,8809.349609375,898.79,-1032.81,1.098,1931.6,0.9603174603174603,-0.5565600468811025,0.32142857142857145,0.17258384827029605,-0.01098384979617495,0.0992063492063492
2019-01-07,10771.7998046875,16.299999237060547,27304.234375,14291.5,8732.650390625,8820.0,426.53,-50.99,1.0988,477.52,0.8055555555555556,-0.533204149082795,0.32936507936507936,0.14720568083100818,0.01579431153959729,0.31746031746031744
2019-01-08,10802.150390625,15.699999809265137,27509.1796875,14285.7001953125,8864.75,8859.650390625,-1056.55,561.28,1.178,-1617.83,0.25793650793650796,0.16763258814149468,0.5515873015873016,0.14447835692665548,0.012521641165995884,0.2896825396825397
2019-01-10,10821.599609375,15.350000381469727,27528.23046875,14323.25,8934.7998046875,8933.349609375,-1298.56,1503.02,1.0948,-2801.58,0.07936507936507936,-0.5849870655811128,0.30952380952380953,0.12391332407398623,0.029586679740711053,0.5317460317460317
2019-01-11,10794.9501953125,15.350000381469727,27453.58203125,14307.099609375,8902.4501953125,8862.349609375,533.37,-136.5,1.0117,669.87,0.8492063492063492,-1.2375069761090476,0.16666666666666666,0.12365303929160192,0.029846964523095362,0.5357142857142857
2019-01-14,10737.599609375,16.15999984741211,27247.93359375,14223.599609375,8949.2998046875,8849.7001953125,-732.46,527.49,0.9633,-1259.95,0.35714285714285715,-1.5426101216444992,0.11904761904761904,0.10890409955798475,0.05269589891613635,0.8809523809523809
2019-01-15,10886.7998046875,15.579999923706055,27400.431640625,14658.5,9027.5,8888.400390625,159.6,417.44,1.0802,-257.84000000000003,0.5992063492063492,-0.48150759237779334,0.3333333333333333,0.11832743128649664,0.03747256795056392,0.6666666666666666
2019-01-16,10890.2998046875,16.079999923706055,27483.37890625,14707.7998046875,9054.2001953125,8866.75,-90.1,304.27,1.0771,-394.37,0.5595238095238095,-0.4639884474906521,0.3373015873015873,0.11828530008119002,0.042514699155870514,0.7658730158730159
2019-01-17,10905.2001953125,16.239999771118164,27528.4296875,14800.25,8930.5,8878.2001953125,842.13,-727.46,1.1118,1569.5900000000001,0.9444444444444444,-0.05296382906192797,0.4642857142857143,0.11524095465073213,0.047159043060449504,0.8492063492063492
2019-01-18,10906.9501953125,16.6200008392334,27456.380859375,14893.0,8689.599609375,8844.7998046875,-124.91,-0.97,1.1148,-123.94,0.6190476190476191,0.004671519402155895,0.49206349206349204,0.11504843667088778,0.0511515717214462,0.8650793650793651
2019-01-21,10961.849609375,18.149999618530273,27533.279296875,14966.400390625,8734.7001953125,8746.849609375,-299.79,520.8,1.1409,-820.5899999999999,0.44047619047619047,0.28389768166816504,0.5873015873015873,0.11484623773865087,0.06665375844665188,0.9523809523809523
2019-01-22,10922.75,17.989999771118164,27481.9296875,14962.599609375,8892.599609375,8675.150390625,-78.53,-84.15,1.0931,5.6200000000000045,0.6507936507936508,-0.24564032058182508,0.4007936507936508,0.11544544394721154,0.06445455376397011,0.9404761904761905
2019-01-23,10831.5,18.09000015258789,27250.43359375,14888.75,8946.2001953125,8612.25,-775.82,583.77,0.9725,-1359.5900000000001,0.3134920634920635,-1.4428471992662417,0.12698412698412698,0.09914676383862016,0.08175323768725874,0.9880952380952381
2019-01-24,10849.7998046875,17.43000030517578,27266.083984375,14971.900390625,8894.5,8537.25,-94.45,389.96,1.0489,-484.40999999999997,0.5357142857142857,-0.6591467646263631,0.2857142857142857,0.09357280849034892,0.08072719456140888,0.9801587301587301
2019-01-25,10780.5498046875,17.690000534057617,27114.986328125,15039.2998046875,8891.0,8259.7998046875,689.28,-147.35,0.9913,836.63,0.8650793650793651,-1.2130600640215683,0.17857142857142858,0.09472878642953766,0.08217121891103851,0.9920634920634921
2019-01-28,10661.5498046875,18.899999618530273,26652.740234375,15120.150390625,8663.900390625,8143.0,223.44,92.32,0.8856,131.12,0.6825396825396826,-2.071050656136449,0.06746031746031746,0.10126985916486873,0.08773013702043399,1.0
2019-01-29,10652.2001953125,18.43000030517578,26573.091796875,15231.2998046875,8756.900390625,8120.4501953125,-354.36,81.27,0.8852,-435.63,0.5476190476190477,-1.8706986512681052,0.08333333333333333,0.09681050944596516,0.08748949360579265,0.996031746031746
2019-01-30,10651.7998046875,17.850000381469727,26825.1875,15255.2001953125,8734.599609375,8118.39990234375,130.25,502.26,0.9396,-372.01,0.5674603174603174,-1.2723453011375443,0.1746031746031746,0.09676901037738381,0.08173099343731346,0.9722222222222222
2019-01-31,10830.9501953125,17.1200008392334,27295.1328125,15499.2998046875,8825.349609375,8218.400390625,3006.41,-1634.32,1.4315,4640.73,0.9920634920634921,2.7581849032445396,0.9920634920634921,0.11289329700001623,0.05830671139231776,0.8849206349206349
2019-02-01,10893.650390625,15.720000267028809,27085.634765625,15724.2998046875,8969.5498046875,8441.25,-621.06,-226.18,1.1352,-394.87999999999994,0.5555555555555556,0.43682216071379365,0.6150793650793651,0.10606852132459486,0.05113148134569322,0.8373015873015873
2019-02-04,10912.25,15.720000267028809,27186.283203125,15754.7998046875,8811.900390625,8395.5498046875,543.36,-437.7,1.2111,981.06,0.8968253968253969,1.104131426443773,0.8134920634920635,0.10499204912070788,0.0522079535495802,0.8571428571428571
2019-02-05,10934.349609375,15.779999732971191,27271.3828125,15738.7001953125,8800.599609375,8468.2998046875,597.54,-791.69,1.1986,1389.23,0.9285714285714286,1.0054696175811992,0.7817460317460317,0.10438268804105476,0.053417309288657164,0.873015873015873
2019-02-07,11069.400390625,15.4399995803833,27386.83203125,16085.849609375,9056.150390625,8736.7001953125,-512.0,141.09,1.2991,-653.09,0.48412698412698413,1.7021950296333304,0.8968253968253969,0.11199101067105996,0.04240898513277305,0.7579365079365079
2019-02-08,10943.599609375,15.569999694824219,27294.083984375,16019.7998046875,8984.849609375,8420.349609375,-2888.06,2812.66,1.1618,-5700.719999999999,0.003968253968253968,0.5268520437459646,0.6468253968253969,0.12060066139366228,0.035099335554579905,0.623015873015873
2019-02-12,10831.400390625,15.75,27010.435546875,15938.650390625,8904.9501953125,8278.099609375,-1731.33,753.99,0.9905,-2485.3199999999997,0.11904761904761904,-0.8723972970450595,0.21825396825396826,0.12628644105445305,0.03121355894554695,0.5674603174603174
2019-02-14,10746.0498046875,15.770000457763672,26970.28515625,15861.650390625,8920.900390625,8223.349609375,-250.23,1225.24,1.0761,-1475.47,0.28174603174603174,-0.1276256396530727,0.42857142857142855,0.1280981141666019,0.02960189041103481,0.5277777777777778
2019-02-15,10724.400390625,16.459999084472656,26793.939453125,15815.599609375,8643.2998046875,8132.5498046875,-966.43,853.25,1.0188,-1819.6799999999998,0.21428571428571427,-0.5615757315174934,0.30952380952380953,0.11742248892673064,0.047177501917995926,0.8174603174603174
2019-02-18,10640.9501953125,18.0,26653.939453125,15659.0,8573.9501953125,8067.7001953125,-1239.79,2336.74,0.9202,-3576.5299999999997,0.047619047619047616,-1.3102239917366154,0.15873015873015872,0.11995851443969982,0.06004148556030017,0.8888888888888888
2019-02-19,10604.349609375,18.469999313354492,26684.5390625,15333.5,8552.7001953125,8073.39990234375,-813.76,1163.85,0.922,-1977.61,0.19444444444444445,-1.2357736605384118,0.19047619047619047,0.11983108926441935,0.06486890386912558,0.9206349206349206
2019-02-20,10735.4501953125,17.059999465942383,26955.1875,15609.4501953125,8606.349609375,8121.5,713.47,113.27,1.0801,600.2,0.8174603174603174,0.04749249580913585,0.5198412698412699,0.12928247564019762,0.0413175190192262,0.7142857142857143
2019-02-21,10789.849609375,16.049999237060547,27052.0859375,15588.900390625,8706.349609375,8156.75,55.48,202.1,1.1109,-146.62,0.6190476190476191,0.2982103621419027,0.6111111111111112,0.12930260657253478,0.031197385798070687,0.5476190476190477
2019-02-22,10791.650390625,15.449999809265137,26867.23828125,15684.7001953125,8772.599609375,8278.9501953125,6311.01,838.88,1.0655,5472.13,1.0,-0.0675279822100808,0.4603174603174603,0.12891611013237814,0.02558388796027322,0.44841269841269843
2019-02-25,10880.099609375,15.359999656677246,27158.93359375,16003.7001953125,8816.2001953125,8371.4501953125,2134.35,-1746.4,1.1666,3880.75,0.9841269841269841,0.7729508359233591,0.7301587301587301,0.1290466297676214,0.024553366799151044,0.44047619047619047
2019-02-26,10835.2998046875,17.110000610351562,26952.63671875,15989.599609375,8829.4501953125,8399.099609375,1674.17,-720.27,1.1165,2394.44,0.9603174603174603,0.3513544275139771,0.6190476190476191,0.1298196579010891,0.041280348202426514,0.7103174603174603
2019-02-27,10806.650390625,18.899999618530273,26798.990234375,15902.099609375,8866.2001953125,8420.0498046875,423.04,66.81,1.0925,356.23,0.75,0.1311725534727822,0.5476190476190477,0.1280610931236762,0.060938903061626526,0.8888888888888888
2019-02-28,10792.5,18.280000686645508,26789.58984375,15732.0,8884.849609375,8355.150390625,3210.6,-5240.62,1.4645,8451.22,1.0,2.6961233898888293,0.9880952380952381,0.12121623867284038,0.061583768193614705,0.8968253968253969
2019-03-01,10863.5,16.270000457763672,27043.5859375,15848.2998046875,8972.650390625,8413.650390625,-972.81,34.52,1.4365,-1007.3299999999999,0.4007936507936508,2.191043237294764,0.9722222222222222,0.1228674027103256,0.03983260186731112,0.6706349206349206
2019-03-05,10987.4501953125,15.65999984741211,27553.73046875,15664.099609375,9054.650390625,8676.599609375,-400.68,57.07,1.5526,-457.75,0.5436507936507936,2.5136293222742916,0.9841269841269841,0.1281446845336818,0.028455313940439292,0.49206349206349204
2019-03-06,11053.0,15.609999656677246,27625.330078125,15735.0498046875,9155.0,8651.75,3068.88,-462.69,1.4603,3531.57,0.9761904761904762,1.7952720198413734,0.9365079365079365,0.11647267138277156,0.03962732518400089,0.6626984126984127
2019-03-07,11058.2001953125,15.289999961853027,27764.27734375,15582.099609375,9045.650390625,8635.7001953125,-390.18,287.57,1.2419,-677.75,0.49206349206349204,0.5717201575854711,0.6825396825396826,0.11511283446910349,0.037787165149426774,0.6547619047619048
2019-03-12,11301.2001953125,15.100000381469727,28443.369140625,15384.5498046875,9274.7998046875,8802.900390625,-1131.12,963.97,1.44,-2095.09,0.1746031746031746,1.5289947172762657,0.9007936507936508,0.13716635362872964,0.013833650185967633,0.30952380952380953
2019-03-13,11341.7001953125,15.279999732971191,28883.96484375,15342.900390625,9100.25,8767.5498046875,2722.28,-1508.14,1.4468,4230.42,0.9801587301587301,1.4477236608503061,0.8849206349206349,0.13731808030168016,0.015481917028031755,0.31746031746031744
2019-03-14,11343.25,15.149999618530273,28922.763671875,15260.4501953125,9184.900390625,8725.5,1482.99,-817.77,1.2848,2300.76,0.9484126984126984,0.5868449471704297,0.6904761904761905,0.13171599961050043,0.019783996574802315,0.38492063492063494
2019-03-15,11426.849609375,15.869999885559082,29381.107421875,15546.599609375,9221.75,8748.0498046875,4323.49,-2130.36,1.356,6453.85,0.996031746031746,0.8894303839941545,0.7579365079365079,0.1244562166584822,0.034243782197108635,0.6150793650793651
2019-03-18,11462.2001953125,16.899999618530273,29595.755859375,15359.4501953125,9204.9501953125,8627.0498046875,1822.99,-1268.91,1.2697,3091.9,0.9642857142857143,0.41346773524344826,0.6428571428571429,0.11541535971768381,0.05358463646761892,0.873015873015873
2019-03-19,11532.400390625,16.489999771118164,29767.50390625,15495.5498046875,9244.599609375,8567.0498046875,2132.36,-1253.67,1.3084,3386.03,0.9642857142857143,0.5604692272430913,0.6825396825396826,0.10863904951919617,0.05626094819198546,0.8809523809523809
2019-03-20,11521.0498046875,16.030000686645508,29831.8515625,15599.25,9264.5,8445.099609375,1771.61,-1323.17,1.2494,3094.7799999999997,0.9603174603174603,0.1928879969852733,0.5793650793650794,0.1079999846158477,0.05230002225060737,0.8571428571428571
2019-03-22,11456.900390625,16.270000457763672,29582.15625,15551.099609375,9199.349609375,8336.599609375,1374.57,-675.37,1.1201,2049.94,0.9246031746031746,-0.5858949584489291,0.30952380952380953,0.10513360035408399,0.05756640422355273,0.8928571428571429
2019-03-25,11354.25,16.670000076293945,29280.859375,15416.849609375,9170.150390625,8238.5498046875,150.4,-12.52,1.0624,162.92000000000002,0.7103174603174603,-0.8616680004144012,0.2261904761904762,0.11177562863899596,0.05492437212394349,0.876984126984127
2019-03-26,11483.25,16.489999771118164,29881.802734375,15356.599609375,9245.0,8287.25,999.02,-196.7,1.2276,1195.72,0.8849206349206349,0.09393211682728082,0.5238095238095238,0.11078462000627352,0.05411537770490811,0.873015873015873
2019-03-27,11445.0498046875,17.049999237060547,30019.451171875,15339.400390625,9148.7998046875,8215.349609375,1481.11,134.92,1.1519,1346.1899999999998,0.8968253968253969,-0.3411850523425156,0.36507936507936506,0.113066489490093,0.05743350288051248,0.8888888888888888
2019-03-28,11570.0,16.649999618530273,30420.197265625,15566.75,9199.400390625,8234.25,3594.51,-2080.22,1.3105,5674.73,0.9920634920634921,0.5691378096779294,0.6825396825396826,0.11591231373427882,0.05058768245102391,0.8174603174603174
2019-04-01,11669.150390625,18.010000228881836,30326.1484375,15840.650390625,9375.400390625,8414.349609375,-157.72,240.6,1.0868,-398.32,0.5555555555555556,-0.6984610556021168,0.2619047619047619,0.1161179765826208,0.06398202570619757,0.9246031746031746
2019-04-02,11713.2001953125,18.079999923706055,30353.896484375,15988.400390625,9296.9501953125,8504.2998046875,-112.13,-65.22,1.1143,-46.91,0.6349206349206349,-0.5266171718651422,0.3134920634920635,0.11256786470890594,0.06823213452815462,0.9444444444444444
2019-04-04,11598.0,18.649999618530273,29904.552734375,15744.7998046875,9263.400390625,8536.349609375,-226.19,1206.16,1.0717,-1432.3500000000001,0.2896825396825397,-0.8036856782003495,0.21825396825396826,0.12077747862739616,0.06572251755790659,0.9365079365079365
2019-04-09,11671.9501953125,20.280000686645508,30113.5,16121.599609375,9333.2998046875,8622.7998046875,-1738.49,1304.58,1.0787,-3043.0699999999997,0.07539682539682539,-0.7630873885400927,0.23015873015873015,0.11976095210589965,0.08303905476055543,0.9920634920634921
2019-04-10,11584.2998046875,21.1299991607666,29803.154296875,15999.150390625,9407.900390625,8644.5,-682.93,606.28,0.8906,-1289.21,0.3373015873015873,-1.783352215159646,0.07936507936507936,0.12593148099324422,0.0853685106144218,0.9920634920634921
2019-04-11,11596.7001953125,20.959999084472656,29785.75390625,15874.75,9391.150390625,8690.0498046875,-138.53,-500.24,1.0089,361.71000000000004,0.746031746031746,-1.15349896472884,0.16666666666666666,0.1223612282554215,0.08723876258930505,0.9920634920634921
2019-04-12,11643.4501953125,21.0,29938.203125,15911.099609375,9426.4501953125,8777.4501953125,-781.06,904.13,1.0723,-1685.19,0.23809523809523808,-0.8445222482850449,0.21031746031746032,0.1218729573692021,0.08812704263079789,1.0
2019-04-15,11690.349609375,21.389999389648438,30103.900390625,16113.7001953125,9417.75,8911.599609375,713.22,581.36,1.1008,131.86,0.6865079365079365,-0.6777166950177745,0.27380952380952384,0.12170066355119842,0.09219933034528595,1.0
2019-04-16,11787.150390625,21.690000534057617,30530.994140625,16084.900390625,9417.7998046875,8983.5498046875,1038.58,37.22,1.2602,1001.3599999999999,0.8650793650793651,0.2650392521827651,0.6071428571428571,0.10158901569113518,0.115310989649441,1.0
2019-04-18,11752.7998046875,22.739999771118164,30223.048828125,16079.2998046875,9409.900390625,8972.650390625,1038.46,-337.59,1.0952,1376.05,0.8928571428571429,-0.7563961171924469,0.24206349206349206,0.10294808443185774,0.1244519132793239,1.0
2019-04-22,11594.4501953125,24.049999237060547,29687.603515625,16150.599609375,9285.4501953125,8813.900390625,73.08,-68.16,0.8923,141.24,0.6865079365079365,-1.8330098665021552,0.07936507936507936,0.11645225254775059,0.12404773982285487,0.996031746031746
2019-04-23,11575.9501953125,24.649999618530273,29479.357421875,16166.2998046875,9388.7998046875,8682.900390625,-237.47,198.35,0.8536,-435.82,0.5277777777777778,-1.884610034630232,0.06746031746031746,0.11439634395472517,0.13210365223057757,1.0
2019-04-24,11726.150390625,23.709999084472656,29860.453125,16370.349609375,9459.0,8646.0498046875,974.88,-657.06,1.0756,1631.94,0.9047619047619048,-0.6725515717516778,0.29365079365079366,0.12219654049690058,0.11490345034782597,0.9841269841269841
2019-04-25,11641.7998046875,23.229999542236328,29561.005859375,16352.7998046875,9442.5498046875,8587.900390625,3785.73,-4069.98,1.2076,7855.71,0.996031746031746,0.09410163958043548,0.5317460317460317,0.12415076562643465,0.10814922979592864,0.9801587301587301
2019-04-26,11754.650390625,21.719999313354492,30013.150390625,16504.44921875,9461.7001953125,8493.7998046875,-70.73,920.88,1.3103,-991.61,0.38095238095238093,0.7156326587173178,0.7261904761904762,0.12816693007650276,0.08903306305704217,0.9722222222222222
2019-04-30,11748.150390625,21.829999923706055,29764.455078125,16705.400390625,9402.5,8350.599609375,114.59,730.02,1.0742,-615.43,0.49603174603174605,-0.606101734249383,0.30158730158730157,0.1259627490940801,0.09233725014298047,0.9761904761904762
2019-05-02,11724.75,22.979999542236328,29708.25390625,16403.69921875,9291.2998046875,8333.849609375,420.65,194.31,1.1131,226.33999999999997,0.7063492063492064,-0.30748676765700994,0.39285714285714285,0.12074426028859393,0.10905573513376936,0.9801587301587301
2019-05-03,11712.25,24.030000686645508,29953.802734375,16092.9501953125,9220.4501953125,8381.4501953125,751.92,580.86,1.1185,171.05999999999995,0.6984126984126984,-0.24509217150386187,0.42063492063492064,0.11544122299676571,0.12485878386968938,0.996031746031746
2019-05-07,11497.900390625,26.479999542236328,29287.859375,16135.75,9148.2001953125,8206.25,-89.38,275.63,0.8136,-365.01,0.5674603174603174,-2.11202254260319,0.047619047619047616,0.13397360597045188,0.13082638945191138,0.996031746031746
2019-05-08,11359.4501953125,26.3700008392334,28994.0625,16061.599609375,9003.349609375,8095.89990234375,-2016.73,1871.27,0.7598,-3888.0,0.03968253968253968,-2.2706328376340097,0.03968253968253968,0.13461825557102752,0.12908175282130646,0.9920634920634921
2019-05-09,11301.7998046875,25.489999771118164,28884.263671875,16132.849609375,8976.900390625,8103.5,-561.17,699.31,1.0069,-1260.48,0.3253968253968254,-0.6244139801860579,0.3055555555555556,0.1305559712526697,0.12434402645851195,0.9801587301587301
2019-05-13,11148.2001953125,27.3799991607666,28659.615234375,15955.2998046875,8553.5,7938.64990234375,-1056.01,1057.91,0.8699,-2113.92,0.15873015873015872,-1.4371453577609432,0.11904761904761904,0.135638290929654,0.138161700678012,1.0
2019-05-14,11222.0498046875,27.1299991607666,28828.86328125,15762.75,8683.900390625,7955.5,-2011.85,2242.91,0.9743,-4254.76,0.031746031746031744,-0.689673179040391,0.2698412698412698,0.136312298048762,0.134987693558904,0.996031746031746
2019-05-15,11157.0,28.65999984741211,28616.1171875,15776.7998046875,8595.75,7856.85009765625,-1142.44,671.77,0.8295,-1814.21,0.21031746031746032,-1.564643066244596,0.1111111111111111,0.13365413468596757,0.15294586378815353,1.0
2019-05-16,11257.099609375,28.3700008392334,28854.96484375,15934.0,8577.349609375,7891.89990234375,-953.23,948.0,1.0392,-1901.23,0.19444444444444445,-0.0966326871981615,0.4523809523809524,0.137745064931296,0.145954943461038,0.996031746031746
2019-05-17,11407.150390625,28.079999923706055,29449.80859375,15843.400390625,8448.9501953125,8085.75,-1057.82,1809.76,1.0082,-2867.58,0.0873015873015873,-0.2881111943907786,0.4007936507936508,0.1471335923719178,0.13366640686514275,0.9841269841269841
2019-05-20,11828.25,23.68000030517578,30759.341796875,15968.2001953125,8505.9501953125,8422.099609375,1734.45,-542.71,1.0118,2277.16,0.9285714285714286,-0.2507926756949492,0.42063492063492064,0.1971756610555659,0.039624341996191914,0.5634920634920635
2019-05-21,11709.099609375,25.649999618530273,30308.048828125,15766.9501953125,8488.25,8209.4501953125,1185.44,-1090.32,0.9539,2275.76,0.9246031746031746,-0.6060718850762207,0.3055555555555556,0.2004649304427677,0.05603506574253503,0.7738095238095238
2019-05-22,11737.900390625,27.6299991607666,30526.4453125,15666.150390625,8510.849609375,8246.5498046875,-965.02,-157.75,0.9386,-807.27,0.44047619047619047,-0.6673728362717453,0.2896825396825397,0.19837942515053278,0.07792056645713322,0.876984126984127
2019-05-23,11657.0498046875,19.40999984741211,30408.74609375,15538.849609375,8497.599609375,8216.900390625,1352.2,-593.54,0.837,1945.74,0.9126984126984127,-1.343104263176181,0.1388888888888889,0.19960535992564482,-0.0055053614515237215,0.1388888888888889
2019-05-24,11844.099609375,16.469999313354492,31212.1875,15569.849609375,8608.4501953125,8460.25,2026.33,-195.35,0.9997,2221.68,0.9246031746031746,-0.09808429009007814,0.46825396825396826,0.20126137434980554,-0.036561381216260624,0.01984126984126984
2019-05-27,11924.75,16.190000534057617,31647.283203125,15556.650390625,8525.0,8462.2001953125,1215.36,-327.86,1.0706,1543.2199999999998,0.8888888888888888,0.4519677056639291,0.6706349206349206,0.20198926398314154,-0.04008925864256538,0.007936507936507936
2019-05-28,11928.75,15.920000076293945,31597.533203125,15762.0498046875,8513.849609375,8398.2001953125,-501.11,269.22,1.069,-770.33,0.44841269841269843,0.44061508000569277,0.6626984126984127,0.1974504804667873,-0.038250479703847845,0.01984126984126984
2019-05-29,11861.099609375,16.40999984741211,31295.1875,15865.599609375,8484.650390625,8281.900390625,-304.27,-189.58,0.9125,-114.68999999999997,0.623015873015873,-0.7057900894760111,0.2619047619047619,0.19669283353602138,-0.03259283506190028,0.03571428571428571
2019-05-30,11945.900390625,15.609999656677246,31536.732421875,15997.349609375,8474.7001953125,8235.7001953125,1664.74,-1122.6,1.2844,2787.34,0.9484126984126984,1.9054075402673398,0.9563492063492064,0.1954101480671455,-0.039310151500373036,0.015873015873015872
2019-05-31,11922.7998046875,16.06999969482422,31375.03515625,16160.650390625,8455.099609375,8175.5,676.15,394.09,1.0667,282.06,0.7182539682539683,0.3296938545239338,0.6388888888888888,0.19559930296993971,-0.034899306021697524,0.03968253968253968
2019-06-03,12088.5498046875,15.970000267028809,31653.283203125,16360.5498046875,8536.599609375,8328.2001953125,1130.78,-878.45,1.3345,2009.23,0.9087301587301587,2.023326879305675,0.9603174603174603,0.2006481365496043,-0.04094813387931623,0.007936507936507936
2019-06-06,11843.75,15.529999732971191,30857.041015625,16012.099609375,8279.099609375,8226.4501953125,-1448.99,-650.84,0.9586,-798.15,0.42857142857142855,-0.4382085474071902,0.36507936507936506,0.2152495328140456,-0.05994953548433368,0.003968253968253968
2019-06-11,11965.599609375,14.489999771118164,31265.0859375,16448.099609375,8243.5,8240.25,1011.49,-1117.25,1.121,2128.74,0.9126984126984127,0.6953114255882381,0.753968253968254,0.20548793484052588,-0.06058793712934424,0.003968253968253968
2019-06-12,11906.2001953125,14.119999885559082,30965.33984375,16425.94921875,8179.14990234375,8146.9501953125,-867.66,210.72,0.9667,-1078.3799999999999,0.35714285714285715,-0.3384096118076072,0.3968253968253968,0.20048945053157186,-0.05928945167598104,0.011904761904761904
2019-06-13,11914.0498046875,13.65999984741211,30975.740234375,16316.599609375,8148.5498046875,8116.9501953125,172.35,-444.87,1.0141,617.22,0.7738095238095238,-0.03972856339454644,0.5079365079365079,0.19869120295862736,-0.06209120448450625,0.003968253968253968
2019-06-14,11823.2998046875,13.899999618530273,30613.994140625,16268.2001953125,8083.5498046875,8031.60009765625,-238.64,376.47,0.8518,-615.11,0.49603174603174605,-1.1739152991529334,0.19047619047619047,0.19319279179812737,-0.05419279561282464,0.01984126984126984
2019-06-17,11672.150390625,14.649999618530273,30272.8984375,16228.2001953125,7975.25,7896.10009765625,-331.27,1257.86,0.7576,-1589.1299999999999,0.24603174603174602,-1.672845442601332,0.10317460317460317,0.20051868916676602,-0.05401869298146328,0.023809523809523808
2019-06-18,11691.5,14.600000381469727,30350.646484375,16322.5,7916.9501953125,7859.35009765625,31.73,181.03,0.8036,-149.3,0.5912698412698413,-1.2798728700281368,0.17063492063492064,0.1984169177759995,-0.05241691396130224,0.027777777777777776
2019-06-19,11691.4501953125,14.729999542236328,30361.74609375,16282.7001953125,7790.5,7772.2001953125,-97.05,-104.91,0.8055,7.859999999999999,0.626984126984127,-1.2238608848145198,0.19047619047619047,0.1970096934965121,-0.04970969807414882,0.031746031746031744
2019-06-20,11831.75,14.0,30780.7421875,16316.9501953125,8029.0,7965.4501953125,-438.41,1241.23,1.1096,-1679.64,0.2261904761904762,0.9088587427362728,0.8253968253968254,0.19605966309671033,-0.056059663096710316,0.01984126984126984
2019-06-21,11724.099609375,14.609999656677246,30627.994140625,16189.400390625,7911.5498046875,7868.25,-730.58,445.75,0.9963,-1176.33,0.3333333333333333,0.1437718814276592,0.5992063492063492,0.15150019924695413,-0.005400202680181654,0.19444444444444445
2019-06-24,11699.650390625,15.220000267028809,30601.6953125,16187.400390625,7902.0,7832.2998046875,207.33,984.43,0.9705,-777.0999999999999,0.4365079365079365,-0.004934393660202679,0.5357142857142857,0.1473160402438298,0.004883962426458277,0.23015873015873015
2019-06-25,11796.4501953125,15.010000228881836,30846.69140625,16214.4501953125,7947.2001953125,7878.25,1157.87,377.22,1.1483,780.6499999999999,0.8015873015873016,1.2012503429091528,0.8809523809523809,0.1500215097408081,7.849254801026162e-05,0.21428571428571427
2019-06-26,11847.5498046875,14.75,31161.98828125,16101.75,8086.2998046875,7883.5498046875,106.26,-51.47,1.2857,157.73000000000002,0.6706349206349206,2.009340889941677,0.9563492063492064,0.14819849349677,-0.0006984934967700085,0.21428571428571427
2019-06-27,11841.5498046875,14.649999618530273,31269.13671875,15991.7998046875,8088.0,7971.4501953125,-0.71,196.57,1.2314,-197.28,0.5753968253968254,1.5097004062150199,0.9047619047619048,0.1370382162876294,0.009461779897673328,0.24603174603174602
2019-06-28,11788.849609375,14.949999809265137,31104.837890625,15936.4501953125,8065.14990234375,7928.0498046875,-513.91,182.4,1.01,-696.31,0.45634920634920634,-0.013824326037457054,0.5317460317460317,0.135445338817173,0.01405465927547836,0.2777777777777778
2019-07-01,11865.599609375,14.600000381469727,31371.833984375,15916.7001953125,8178.7998046875,8029.14990234375,736.18,-141.97,1.1101,878.15,0.8134920634920635,0.6363688499426666,0.746031746031746,0.13773492441684906,0.008265079397848207,0.24603174603174602
2019-07-02,11910.2998046875,14.25,31282.9375,16074.099609375,8101.64990234375,8045.64990234375,418.01,294.11,1.0797,123.89999999999998,0.6507936507936508,0.3830999600602181,0.6746031746031746,0.13688222651155946,0.005617773488440531,0.24206349206349206
2019-07-03,11916.75,13.699999809265137,31381.935546875,15927.650390625,8092.2001953125,8039.5,1137.85,-925.46,1.0697,2063.31,0.9087301587301587,0.3056466517944064,0.6507936507936508,0.13444293747617986,0.0025570606164715126,0.23015873015873015
2019-07-05,11811.150390625,13.069999694824219,31475.435546875,15550.0498046875,7926.5,7849.10009765625,-645.08,818.84,0.8643,-1463.92,0.2619047619047619,-1.0719464287429719,0.20634920634920634,0.13791759513472998,-0.007217598186487789,0.1746031746031746
2019-07-08,11558.599609375,13.850000381469727,30603.494140625,15376.0,7801.75,7593.2998046875,-383.66,531.56,0.6952,-915.22,0.3888888888888889,-1.9967524174770048,0.05952380952380952,0.14634008780056215,-0.007840083985864887,0.16666666666666666
2019-07-10,11498.900390625,13.640000343322754,30521.744140625,15168.599609375,8009.5,7511.14990234375,-494.21,904.82,0.6836,-1399.03,0.27380952380952384,-1.885506037946586,0.06746031746031746,0.13028240198119634,0.0061176014520311905,0.25793650793650796
2019-07-11,11582.900390625,12.470000267028809,30716.193359375,15214.2998046875,8110.0498046875,7650.9501953125,926.6,-635.59,0.9374,1562.19,0.873015873015873,-0.3801182085942693,0.3888888888888889,0.12714134554919668,-0.002441342878908598,0.21825396825396826
2019-07-15,11588.349609375,12.020000457763672,30445.595703125,15662.0498046875,8231.849609375,7674.25,-216.44,591.72,0.8534,-808.1600000000001,0.4087301587301587,-0.8842180540892349,0.21428571428571427,0.12670650317359528,-0.00650649859595856,0.19047619047619047
2019-07-16,11662.599609375,11.5600004196167,30570.4453125,15580.4501953125,8347.9501953125,7727.10009765625,-444.99,637.71,0.9506,-1082.7,0.3412698412698413,-0.2958438603771138,0.4246031746031746,0.12951298734425287,-0.01391298314808588,0.1349206349206349
2019-07-17,11687.5,11.800000190734863,30735.142578125,15676.0,8330.75,7648.14990234375,-16.97,208.88,1.0162,-225.85,0.5634920634920635,0.10483217582091804,0.5634920634920635,0.12756084843463253,-0.009560846527283895,0.15873015873015872
2019-07-18,11596.900390625,11.75,30430.24609375,15498.5,8223.150390625,7438.7001953125,-1404.86,329.05,0.8658,-1733.9099999999999,0.1984126984126984,-0.7455248955516655,0.25793650793650796,0.12222967029575134,-0.004729670295751345,0.21825396825396826
2019-07-19,11419.25,12.520000457763672,29770.00390625,15383.650390625,8040.10009765625,7192.75,-950.15,733.92,0.747,-1684.07,0.20634920634920634,-1.3726640657785483,0.11507936507936507,0.1331317106853815,-0.007931706107744768,0.1746031746031746
2019-07-22,11346.2001953125,13.010000228881836,29284.609375,15448.25,8120.85009765625,7220.25,-1916.91,1829.9,0.7458,-3746.8100000000004,0.04365079365079365,-1.3070885288212106,0.1388888888888889,0.13432279312260423,-0.004222790833785878,0.2261904761904762
2019-07-23,11331.0498046875,13.430000305175781,29127.76171875,15493.400390625,8063.64990234375,7176.64990234375,-2607.97,2625.1,0.7403,-5233.07,0.007936507936507936,-1.2470502143040336,0.17063492063492064,0.12463927986496043,0.009660723186797393,0.30158730158730157
2019-07-24,11271.2998046875,12.760000228881836,28951.9140625,15380.75,7920.64990234375,7036.7001953125,-1393.71,2140.26,0.7184,-3533.9700000000003,0.05555555555555555,-1.330927180661877,0.13095238095238096,0.12251042056123347,0.005089581727584877,0.28174603174603174
2019-07-25,11252.150390625,12.640000343322754,29042.712890625,15474.650390625,8094.35009765625,7010.5498046875,-126.65,398.53,1.1514,-525.18,0.49603174603174605,1.2325180046283002,0.8809523809523809,0.12251317371508086,0.0038868297181466893,0.2698412698412698
2019-07-26,11284.2998046875,12.130000114440918,29324.958984375,15348.0498046875,8178.89990234375,7161.5,-1503.26,1917.52,1.1816,-3420.7799999999997,0.06349206349206349,1.3787046622160564,0.8888888888888888,0.11797925506805881,0.00332074607635037,0.2698412698412698
2019-07-29,11189.2001953125,13.0600004196167,29295.560546875,15400.849609375,8039.7998046875,6905.7001953125,-704.42,1351.64,0.9918,-2056.06,0.15873015873015872,0.2657550584173115,0.6309523809523809,0.11730390006751974,0.013296104128647249,0.3333333333333333
2019-07-30,11085.400390625,13.609999656677246,28791.265625,15501.650390625,7877.75,6763.75,-644.59,1079.72,0.7875,-1724.31,0.20634920634920634,-0.8718702621048096,0.21825396825396826,0.11911786461779972,0.016982131948972745,0.3611111111111111
2019-07-31,11118.0,13.59000015258789,28875.6640625,15620.2001953125,7987.5,6851.64990234375,-1497.07,2479.38,0.8855,-3976.45,0.031746031746031744,-0.3139936747128459,0.42063492063492064,0.1210397895268946,0.01486021199898431,0.3492063492063492
2019-08-01,10980.0,14.5600004196167,28366.919921875,15332.099609375,7878.75,6856.10009765625,-553.78,698.17,0.8879,-1251.9499999999998,0.3333333333333333,-0.33122059253934827,0.4087301587301587,0.12019755613124841,0.025402448064918592,0.4523809523809524
2019-08-02,10997.349609375,15.1899995803833,28204.62109375,15422.099609375,7868.2001953125,6933.75,843.73,-960.04,0.9234,1803.77,0.8849206349206349,-0.14740984337606247,0.47619047619047616,0.11859776303770979,0.03330223276612322,0.5396825396825397
2019-08-05,10862.599609375,16.59000015258789,27647.728515625,15518.5498046875,7807.9501953125,6844.60009765625,-701.07,232.95,0.788,-934.02,0.39285714285714285,-0.9479550660778209,0.20634920634920634,0.12085666965498101,0.0450433318708979,0.6944444444444444
2019-08-07,10855.5,16.739999771118164,27701.728515625,15583.349609375,7879.75,6792.60009765625,-401.99,321.13,0.7595,-723.12,0.4523809523809524,-1.0447674597081886,0.20634920634920634,0.12053713835041534,0.0468628593607663,0.7222222222222222
2019-08-08,11032.4501953125,16.09000015258789,28110.123046875,15867.9501953125,7964.7998046875,6998.4501953125,-437.39,291.29,0.952,-728.6800000000001,0.44841269841269843,0.10447230950144869,0.5595238095238095,0.12280818688869848,0.038091814637180435,0.5992063492063492
2019-08-13,10925.849609375,17.780000686645508,27728.77734375,15424.400390625,7851.9501953125,6855.75,-638.28,201.53,0.7314,-839.81,0.3968253968253968,-1.1318495824478085,0.1984126984126984,0.1252316330514516,0.05256837381500348,0.7777777777777778
2019-08-14,11029.400390625,16.360000610351562,28018.873046875,15466.25,7744.2998046875,6919.0498046875,1614.63,1619.82,0.9101,-5.189999999999827,0.6071428571428571,-0.05019584016282424,0.5119047619047619,0.12768512327883744,0.035914882824678196,0.5634920634920635
2019-08-16,11047.7998046875,16.649999618530273,28216.671875,15365.349609375,7684.2998046875,6998.4501953125,-1339.27,1058.28,0.9724,-2397.55,0.12698412698412698,0.4218173645158969,0.6825396825396826,0.1281177593478668,0.03838223683743594,0.5992063492063492
2019-08-19,11053.900390625,16.75,28185.771484375,15415.150390625,7741.35009765625,6959.14990234375,-305.74,386.23,0.9296,-691.97,0.4603174603174603,0.2259185556904226,0.626984126984127,0.12443842047810225,0.043061579521897764,0.6746031746031746
2019-08-20,11017.0,16.6299991607666,27982.123046875,15597.75,7749.7001953125,7040.5,373.23,296.41,0.8726,76.82,0.6468253968253969,-0.15035918703495293,0.46825396825396826,0.12314070718065939,0.04315928442700662,0.6746031746031746
2019-08-21,10918.7001953125,17.020000457763672,27718.728515625,15578.150390625,7677.25,7001.85009765625,-770.81,353.97,0.744,-1124.78,0.3333333333333333,-1.018545988571969,0.21428571428571427,0.12382402310091942,0.046375981476717315,0.7142857142857143
2019-08-22,10741.349609375,17.850000381469727,27033.884765625,15632.0,7670.85009765625,6882.10009765625,-902.99,1719.07,0.7458,-2622.06,0.0992063492063492,-0.9450820634529299,0.21825396825396826,0.1251116172014029,0.05338838661329437,0.7857142857142857
2019-08-23,10829.349609375,17.350000381469727,26958.337890625,15816.599609375,7780.5498046875,6988.35009765625,-1737.2,1548.49,0.7916,-3285.69,0.07142857142857142,-0.5464151429335471,0.3531746031746032,0.13050645554470347,0.0429935482699938,0.6587301587301587
2019-08-26,11057.849609375,16.65999984741211,27951.025390625,15890.2001953125,7824.2998046875,7022.75,-752.9,1272.29,0.9918,-2025.19,0.16666666666666666,0.9833665427201821,0.8253968253968254,0.15439377735918533,0.012206221114935772,0.3253968253968254
2019-08-27,11105.349609375,16.010000228881836,28125.82421875,15675.2998046875,7812.10009765625,7152.9501953125,-923.94,1162.65,1.0039,-2086.59,0.15873015873015872,1.0108736531911056,0.8293650793650794,0.15478854685491214,0.005311455433906209,0.29365079365079366
2019-08-28,11046.099609375,16.84000015258789,27803.978515625,15879.900390625,7738.64990234375,7018.5498046875,-935.27,359.32,0.8783,-1294.59,0.2976190476190476,-0.028983045850425215,0.5238095238095238,0.1556280390152878,0.012771962510591123,0.3373015873015873
2019-08-29,10948.2998046875,16.43000030517578,27304.8828125,15884.5498046875,7912.5,6970.14990234375,-986.58,489.23,0.7545,-1475.81,0.24603174603174602,-0.9809001147029572,0.21428571428571427,0.15742191683052664,0.006878086221231178,0.30952380952380953
2019-08-30,11023.25,16.280000686645508,27427.53125,16010.400390625,8072.0498046875,7009.2998046875,1162.95,1502.27,1.0566,-339.31999999999994,0.5555555555555556,1.3619235986429497,0.8809523809523809,0.15781918183605445,0.004980825030400621,0.2896825396825397
2019-09-04,10844.650390625,17.239999771118164,27123.53515625,16032.5,7967.64990234375,6782.0498046875,1212.35,-688.65,0.8989,1901.0,0.8849206349206349,0.14237354792557602,0.5952380952380952,0.16468786426978224,0.007712133441399399,0.31746031746031744
2019-09-05,10847.900390625,17.270000457763672,26919.38671875,16030.9501953125,8071.75,6921.75,-655.36,677.91,0.9757,-1333.27,0.28174603174603174,0.764322161783843,0.7777777777777778,0.16409606458309808,0.008603939994538623,0.3253968253968254
2019-09-09,11003.0498046875,15.850000381469727,27504.330078125,15919.400390625,8077.89990234375,7165.35009765625,-188.08,686.47,1.1636,-874.5500000000001,0.3888888888888889,2.014133805750876,0.9563492063492064,0.1671269236211984,-0.008626919806501154,0.16666666666666666
2019-09-12,10982.7998046875,14.899999618530273,27818.17578125,15583.25,8102.14990234375,7284.0,459.22,74.93,1.0331,384.29,0.7222222222222222,0.9877810862327453,0.8253968253968254,0.16716789796359635,-0.01816790177829361,0.10714285714285714
2019-09-13,11075.900390625,14.119999885559082,28098.423828125,15722.900390625,8033.0498046875,7360.60009765625,-405.45,209.56,1.1476,-615.01,0.4880952380952381,1.6808929469689868,0.9126984126984127,0.1631705105691512,-0.021970511713560376,0.0992063492063492
2019-09-16,11003.5,14.949999809265137,27854.67578125,15743.150390625,8070.64990234375,7300.64990234375,-751.26,308.56,0.9792,-1059.82,0.3492063492063492,0.4314328201079451,0.6944444444444444,0.16528327268899226,-0.015783274596340907,0.12301587301587301
2019-09-17,10817.599609375,16.020000457763672,27131.435546875,15625.650390625,7933.85009765625,7020.75,-808.29,85.76,0.7777,-894.05,0.38492063492063494,-1.0785667761281734,0.1984126984126984,0.16603260148058357,-0.005832596902946852,0.2222222222222222
2019-09-18,10840.650390625,15.350000381469727,27172.333984375,15702.2998046875,7923.4501953125,7012.10009765625,-959.09,780.45,0.8001,-1739.54,0.1984126984126984,-0.8591524090982805,0.25,0.1630717852467506,-0.009571781432053311,0.17063492063492064
2019-09-19,10704.7998046875,15.550000190734863,26757.33984375,15522.4501953125,7799.60009765625,6920.60009765625,-892.52,645.72,0.8132,-1538.24,0.23412698412698413,-0.7147851180780616,0.2976190476190476,0.16422659253733687,-0.008726590629988235,0.18253968253968253
2019-09-20,11274.2001953125,15.399999618530273,28981.21484375,15491.099609375,7983.5498046875,7605.85009765625,35.78,3001.32,1.2067,-2965.54,0.0873015873015873,2.305287244544913,0.9761904761904762,0.250748118244887,-0.09674812205958427,0.003968253968253968
2019-09-23,11600.2001953125,16.790000915527344,30565.84375,15040.650390625,7857.25,7802.64990234375,2684.05,291.95,1.2716,2392.1000000000004,0.9325396825396826,2.4181020626017187,0.9801587301587301,0.269030465152501,-0.10113045599722756,0.003968253968253968
2019-09-24,11588.2001953125,16.729999542236328,30182.748046875,15338.650390625,7891.9501953125,7773.25,-828.49,472.81,1.1813,-1301.3,0.30158730158730157,1.6428407040105226,0.9126984126984127,0.2684996276705537,-0.1011996322481904,0.003968253968253968
2019-09-25,11440.2001953125,16.170000076293945,29585.70703125,15379.900390625,7789.7001953125,7470.4501953125,-342.4,-762.48,1.0189,420.08000000000004,0.7261904761904762,0.5444015213028531,0.7341269841269841,0.2710513751741926,-0.10935137441125314,0.003968253968253968
2019-09-26,11571.2001953125,16.34000015258789,30002.25,15312.900390625,7857.2998046875,7659.75,737.17,339.28,1.1652,397.89,0.7222222222222222,1.398393806381773,0.9007936507936508,0.26344309003857896,-0.10004308851270005,0.015873015873015872
2019-09-27,11512.400390625,16.110000610351562,29876.302734375,15236.400390625,7695.2998046875,7554.25,-213.6,458.68,1.0121,-672.28,0.4801587301587302,0.3898276796829772,0.6904761904761905,0.26467944530601334,-0.10357943920249771,0.007936507936507936
2019-09-30,11474.4501953125,15.869999885559082,29102.8125,15540.150390625,7547.75,7493.14990234375,-469.4,504.69,0.857,-974.0899999999999,0.38095238095238093,-0.6383499675806448,0.3412698412698413,0.25688728329386057,-0.09818728443826974,0.023809523809523808
2019-10-01,11359.900390625,16.760000228881836,28725.166015625,15300.25,7466.4501953125,7464.10009765625,-344.58,10.98,0.7385,-355.56,0.5674603174603174,-1.3238049098576132,0.1349206349206349,0.26009406822408254,-0.09249406593526419,0.031746031746031744
2019-10-04,11174.75,17.579999923706055,27731.52734375,15340.2998046875,7396.89990234375,7404.89990234375,1429.92,461.29,0.7759,968.6300000000001,0.8055555555555556,-1.1096136118899356,0.20238095238095238,0.2666507415745214,-0.09085074233746085,0.03571428571428571
2019-10-07,11126.400390625,17.829999923706055,27767.228515625,15246.75,7148.9501953125,7355.4501953125,-604.94,667.4,0.7922,-1272.3400000000001,0.30952380952380953,-0.9645419453391055,0.23015873015873015,0.2649891540463515,-0.08668915480929093,0.03968253968253968
2019-10-10,11234.5498046875,17.229999542236328,28013.123046875,15093.7998046875,7235.60009765625,7359.64990234375,-263.11,502.67,0.9146,-765.78,0.44841269841269843,-0.17966045927418858,0.49603174603174605,0.26603858156487875,-0.09373858614251546,0.031746031746031744
2019-10-14,11341.150390625,17.43000030517578,28181.62109375,15277.75,7361.7001953125,7520.35009765625,895.63,-425.15,0.926,1320.78,0.8373015873015873,-0.10692970333122664,0.5119047619047619,0.25948143479191627,-0.08518143174015846,0.047619047619047616
2019-10-15,11428.2998046875,16.850000381469727,28554.767578125,15208.400390625,7420.64990234375,7688.25,436.02,929.39,1.0532,-493.37,0.5119047619047619,0.6552399935684659,0.7777777777777778,0.26006544863169606,-0.0915654448169988,0.03968253968253968
2019-10-16,11464.0,16.360000610351562,28538.46875,15344.9501953125,7475.35009765625,7673.7998046875,686.33,1605.45,1.0079,-919.12,0.38492063492063494,0.32435187592753006,0.6746031746031746,0.25646241124227026,-0.09286240513875463,0.03571428571428571
2019-10-17,11586.349609375,15.880000114440918,28989.111328125,15281.900390625,7533.4501953125,7914.0,1158.63,-511.76,1.085,1670.39,0.873015873015873,0.7682026486217074,0.7976190476190477,0.25776282374490495,-0.09896282260049577,0.023809523809523808
2019-10-18,11661.849609375,15.930000305175781,29119.912109375,15410.099609375,7608.14990234375,7964.75,36.56,586.88,1.1177,-550.3199999999999,0.5,0.9219281959316705,0.8253968253968254,0.2572775174668739,-0.09797751441511607,0.031746031746031744
2019-10-22,11588.349609375,16.809999465942383,29410.80859375,14688.650390625,7746.14990234375,7936.64990234375,-557.5,-985.47,1.0494,427.97,0.7261904761904762,0.4504311610883389,0.7222222222222222,0.2571678658024875,-0.08906787114306369,0.05952380952380952
2019-10-23,11604.099609375,16.540000915527344,29459.2578125,14833.349609375,7761.85009765625,8036.60009765625,-213.23,-137.38,1.0305,-75.85,0.6031746031746031,0.31803244211879134,0.6626984126984127,0.24661922343699896,-0.08121921428172552,0.07142857142857142
2019-10-24,11582.599609375,16.239999771118164,29107.611328125,14781.5,7728.14990234375,8012.39990234375,-72.87,-738.75,0.9437,665.88,0.7579365079365079,-0.276503910386189,0.4642857142857143,0.2473192534270418,-0.08491925571586018,0.07142857142857142
2019-10-25,11583.900390625,15.319999694824219,29395.607421875,14898.849609375,7736.5498046875,7986.35009765625,-435.42,440.16,0.9755,-875.58,0.3888888888888889,-0.11770436807025125,0.5,0.24048542841494983,-0.08728543146670764,0.06349206349206349
2019-10-29,11786.849609375,16.420000076293945,29872.703125,15181.400390625,7824.60009765625,8449.75,876.64,144.75,1.2313,731.89,0.7658730158730159,1.5674760561659224,0.9206349206349206,0.17038613692472696,-0.006186136161787509,0.30952380952380953
2019-10-30,11844.099609375,16.65999984741211,29987.15234375,15395.650390625,7819.35009765625,8428.900390625,7192.42,-185.87,1.2359,7378.29,0.9920634920634921,1.4743921955459591,0.9087301587301587,0.1399639888817571,0.026636009592364007,0.5595238095238095
2019-10-31,11877.4501953125,16.280000686645508,30065.900390625,15559.400390625,7878.14990234375,8449.5,1870.87,-650.73,1.1962,2521.6,0.9404761904761905,1.1416932923559449,0.8650793650793651,0.13987351062447353,0.022926496241981537,0.5357142857142857
2019-11-01,11890.599609375,15.729999542236328,30330.19921875,15471.2001953125,7949.4501953125,8392.900390625,-687.2,123.17,1.2101,-810.37,0.40476190476190477,1.2070522048223764,0.8690476190476191,0.12962921362137433,0.027670781800988947,0.5674603174603174
2019-11-04,11941.2998046875,15.930000305175781,30332.74609375,15591.2998046875,7966.85009765625,8280.349609375,476.51,-16.58,1.1451,493.09,0.7222222222222222,0.7665789934674571,0.7777777777777778,0.12512374281558178,0.03417626023617604,0.6111111111111112
2019-11-06,11966.0498046875,15.779999732971191,30609.244140625,15561.2998046875,7926.35009765625,8258.849609375,95.79,-151.01,1.2284,246.8,0.6666666666666666,1.2464687096229694,0.8809523809523809,0.12261867343056716,0.03518132389914476,0.623015873015873
2019-11-07,12012.0498046875,15.210000038146973,30632.794921875,15624.400390625,7966.0,8239.900390625,-316.86,719.74,1.0903,-1036.6,0.3492063492063492,0.3784358203042267,0.6666666666666666,0.12118686814281808,0.03091313223865165,0.5952380952380952
2019-11-11,11913.4501953125,16.25,31115.189453125,15308.5498046875,7784.89990234375,8159.0,664.2,-245.06,1.1207,909.26,0.7857142857142857,0.5139896691988135,0.7182539682539683,0.11891705049805787,0.043582949501942136,0.7142857142857143
2019-11-13,11840.4501953125,16.459999084472656,30541.1953125,15240.9501953125,7660.4501953125,8150.2001953125,584.92,-890.03,0.8501,1474.9499999999998,0.8492063492063492,-1.234635143388871,0.16666666666666666,0.10169294877862162,0.06290704206610495,0.8452380952380952
2019-11-14,11872.099609375,15.649999618530273,30749.591796875,15388.75,7591.4501953125,8190.89990234375,-562.05,82.74,1.0006,-644.79,0.4642857142857143,-0.31591722155176105,0.42063492063492064,0.09806325556976002,0.05843674061554273,0.8253968253968254
2019-11-15,11895.4501953125,15.029999732971191,31008.0390625,15310.650390625,7720.60009765625,8153.89990234375,-1008.37,537.74,1.0596,-1546.1100000000001,0.21825396825396826,0.11484912806601573,0.5674603174603174,0.09513350527612846,0.055166492053583455,0.7976190476190477
2019-11-18,11884.5,15.760000228881836,30991.740234375,15295.25,7816.5498046875,8119.0,-270.66,309.45,1.0013,-580.11,0.48412698412698413,-0.23263219714565883,0.4603174603174603,0.0927000387006987,0.06489996358811964,0.8571428571428571
2019-11-19,11940.099609375,15.40999984741211,31235.88671875,15304.849609375,7851.4501953125,8063.9501953125,-915.37,262.35,1.1284,-1177.72,0.30952380952380953,0.6975626668654407,0.7579365079365079,0.0910194559162879,0.06308054255783319,0.8412698412698413
2019-11-20,11999.099609375,15.15999984741211,31353.484375,15318.5,8107.60009765625,8083.7998046875,566.52,183.41,1.1711,383.11,0.6944444444444444,0.9542279400642825,0.8095238095238095,0.0914899596825174,0.06011003879160369,0.8214285714285714
2019-11-21,11968.400390625,14.979999542236328,31349.583984375,15293.9501953125,8068.9501953125,8004.64990234375,5023.54,-247.74,1.0526,5271.28,0.9761904761904762,0.13903516097135404,0.5674603174603174,0.08743506455562561,0.06236493086673767,0.8333333333333334
2019-11-22,11914.400390625,14.869999885559082,31111.23828125,14995.900390625,8067.2001953125,8034.9501953125,305.72,-177.37,0.959,483.09000000000003,0.7142857142857143,-0.5223370604713056,0.34523809523809523,0.08803489898620809,0.06066509986938273,0.8174603174603174
2019-11-25,12073.75,15.0,31555.533203125,15100.599609375,8211.5498046875,8174.75,960.9,-213.66,1.2355,1174.56,0.8055555555555556,1.3687058395963738,0.8888888888888888,0.09353566650992694,0.05646433349007306,0.7896825396825397
2019-11-26,12037.7001953125,14.84000015258789,31717.98046875,14922.150390625,8177.85009765625,8099.89990234375,4677.75,-4242.01,1.2077,8919.76,1.0,1.134667971598467,0.8492063492063492,0.09522167520549371,0.05317832632038519,0.75
2019-11-27,12100.7001953125,14.619999885559082,31875.578125,15022.150390625,8246.099609375,8202.849609375,42.93,439.51,1.3154,-396.58,0.5198412698412699,1.871367581835613,0.9444444444444444,0.09489751673454512,0.0513024821210457,0.7261904761904762
2019-11-28,12151.150390625,13.989999771118164,32122.576171875,15121.7998046875,8273.650390625,8179.75,1008.89,-155.47,1.4244,1164.36,0.7936507936507936,2.4975379742257156,0.9841269841269841,0.0948110463519092,0.04508895135927243,0.6865079365079365
2019-11-29,12056.0498046875,13.899999618530273,31945.728515625,14998.0498046875,8189.9501953125,8086.0,-1892.29,953.62,1.1907,-2845.91,0.08333333333333333,0.6525975229190377,0.7222222222222222,0.08357370016126629,0.05542629602403644,0.7738095238095238
2019-12-02,12048.2001953125,14.199999809265137,31871.078125,14852.0,8128.9501953125,8012.75,-466.78,-122.64,1.1266,-344.14,0.5396825396825397,0.09689744845136228,0.5238095238095238,0.08260386907130762,0.05939612902134375,0.8055555555555556
2019-12-03,11994.2001953125,14.5600004196167,31612.982421875,14920.75,8044.85009765625,7964.25,2477.72,-990.48,0.9853,3468.2,0.9523809523809523,-1.0292786679289054,0.16666666666666666,0.0843581795947587,0.0612418246014083,0.8214285714285714
2019-12-04,12043.2001953125,13.319999694824219,31978.9296875,15175.150390625,8121.5,7996.5498046875,897.45,-15.99,1.1667,913.44,0.7698412698412699,0.3993806371753338,0.6468253968253969,0.08530025118048536,0.04789974576775684,0.6944444444444444
2019-12-06,11921.5,13.640000343322754,31341.185546875,15289.599609375,7957.5498046875,7806.60009765625,-1050.43,271.15,0.8987,-1321.58,0.24603174603174602,-1.6548585155464675,0.051587301587301584,0.09225099850168823,0.044149004931539296,0.6626984126984127
2019-12-09,11937.5,14.600000381469727,31316.287109375,15157.150390625,7960.35009765625,7863.2998046875,783.55,-126.82,0.9467,910.3699999999999,0.7658730158730159,-1.2050547620554841,0.14285714285714285,0.09206133248438811,0.05393867133030916,0.75
2019-12-12,11971.7998046875,13.350000381469727,31665.08203125,14972.650390625,8045.35009765625,7941.7001953125,-683.83,810.23,1.1141,-1494.06,0.21031746031746032,0.04576159733189202,0.503968253968254,0.09157256279734748,0.041927441017349784,0.626984126984127
2019-12-13,12086.7001953125,13.300000190734863,32013.876953125,15200.5498046875,8045.0498046875,8069.7001953125,115.7,384.92,1.1973,-269.22,0.5357142857142857,0.6346556121893725,0.7142857142857143,0.0925409936819185,0.040459008225430124,0.6071428571428571
2019-12-16,12053.9501953125,13.420000076293945,31973.828125,15348.75,8025.85009765625,7990.7998046875,728.13,-796.38,1.0973,1524.51,0.8373015873015873,-0.16769904258144833,0.4365079365079365,0.08992699771742524,0.04427300304551421,0.6587301587301587
2019-12-17,12165.0,12.520000457763672,32139.876953125,15637.150390625,7999.60009765625,8039.89990234375,1248.47,-908.16,1.2164,2156.63,0.8968253968253969,0.7102617846807173,0.7380952380952381,0.09447567441061917,0.030724330167017547,0.5238095238095238
2019-12-18,12221.650390625,12.34000015258789,32243.875,15710.650390625,8091.10009765625,8082.35009765625,1836.81,-1267.57,1.291,3104.38,0.9444444444444444,1.264119578427173,0.873015873015873,0.09523289633691524,0.028167105188963662,0.503968253968254
2019-12-19,12259.7001953125,12.119999885559082,32241.07421875,15812.9501953125,8073.0498046875,8165.5,739.43,-493.95,1.2095,1233.3799999999999,0.7936507936507936,0.6392471926479425,0.7103174603174603,0.09503086450024384,0.026169134355346985,0.49206349206349204
2019-12-20,12271.7998046875,12.329999923706055,32384.572265625,15844.5498046875,8049.4501953125,8133.5498046875,338.86,-285.41,1.248,624.27,0.7063492063492064,0.9179589794158773,0.7817460317460317,0.09432708485836958,0.02897291437869097,0.5079365079365079
2019-12-23,12262.75,11.960000038146973,32339.07421875,15865.5,8051.5,8180.5,1463.28,-1947.36,1.2131,3410.64,0.9484126984126984,0.6462277632494545,0.7063492063492064,0.09363344490004372,0.025966555481426012,0.48412698412698413
2019-12-24,12214.5498046875,11.630000114440918,32280.375,15778.2001953125,8073.7998046875,8152.60009765625,-114.38,-345.22,1.1632,230.84000000000003,0.623015873015873,0.2545768996488825,0.5634920634920635,0.09446867531400426,0.021831325830404924,0.44841269841269843
2019-12-26,12126.5498046875,11.119999885559082,31997.328125,15706.4501953125,7997.60009765625,8129.64990234375,-504.13,120.46,1.1766,-624.59,0.42857142857142855,0.3746509249872991,0.6071428571428571,0.09702986656118733,0.01417013229440349,0.4166666666666667
2019-12-27,12245.7998046875,10.529999732971191,32411.97265625,15780.7001953125,8068.0498046875,8205.900390625,81.37,125.77,1.3353,-44.39999999999999,0.5595238095238095,1.4893266565911927,0.9047619047619048,0.09174722912098775,0.01355276820872417,0.40476190476190477
2019-12-30,12255.849609375,11.010000228881836,32354.5234375,15775.0,8083.10009765625,8325.400390625,-130.52,201.32,1.1572,-331.84000000000003,0.5079365079365079,0.1441630881790928,0.5317460317460317,0.09070139632944088,0.01939860595937748,0.4365079365079365
2019-12-31,12168.4501953125,11.670000076293945,32161.27734375,15652.400390625,8040.14990234375,8248.2998046875,-1265.1,585.07,0.9616,-1850.17,0.1349206349206349,-1.4248911945017342,0.07539682539682539,0.09347687105396078,0.023223129708978676,0.4603174603174603
2020-01-02,12282.2001953125,11.489999771118164,32443.47265625,15709.650390625,8053.9501953125,8267.4501953125,-1199.53,36.64,1.2174,-1236.17,0.26587301587301587,0.5512218103357444,0.6865079365079365,0.09798442308152272,0.016915574629658925,0.42063492063492064
2020-01-06,11993.0498046875,14.779999732971191,31236.787109375,15879.7998046875,7987.35009765625,7978.75,1575.46,-459.25,0.9025,2034.71,0.873015873015873,-1.8378125737724846,0.03968253968253968,0.12793762638647427,0.019862370943237645,0.44047619047619047
2020-01-07,12052.9501953125,14.609999656677246,31399.03515625,15895.2001953125,8036.5,8002.5,-1696.45,1377.13,0.9423,-3073.58,0.047619047619047616,-1.4897772390621398,0.07142857142857142,0.12926611268723656,0.01683388387953591,0.4126984126984127
2020-01-09,12215.900390625,14.0,32092.02734375,15925.150390625,8033.14990234375,8155.25,486.09,-775.23,1.2858,1261.32,0.7857142857142857,1.017990444297279,0.8293650793650794,0.13642426196050988,0.0035757380394901284,0.3055555555555556
2020-01-10,12256.7998046875,14.079999923706055,32097.02734375,15959.900390625,8058.5,8225.5,1632.25,259.46,1.2161,1372.79,0.8015873015873016,0.4940314588721689,0.6785714285714286,0.13622328307060297,0.004576716166457578,0.30952380952380953
2020-01-13,12329.5498046875,14.279999732971191,32177.27734375,16225.900390625,8078.4501953125,8235.849609375,120.79,-1128.89,1.2363,1249.68,0.7777777777777778,0.5982883043580007,0.7182539682539683,0.13079333729643952,0.012006660033272387,0.36507936507936506
2020-01-14,12362.2998046875,13.90999984741211,32071.27734375,16362.349609375,8117.0,8289.2998046875,-205.56,-642.47,1.2275,436.91,0.6547619047619048,0.4844139845363037,0.6785714285714286,0.13083075626350266,0.00826924221061845,0.3492063492063492
2020-01-15,12343.2998046875,14.119999885559082,31824.53125,16346.849609375,8166.2001953125,8385.349609375,279.53,-648.34,1.078,927.87,0.7341269841269841,-0.6073050595779111,0.2976190476190476,0.13126460366913442,0.009935395186456392,0.36507936507936506
2020-01-16,12355.5,14.180000305175781,31853.529296875,16381.650390625,8203.099609375,8395.900390625,-395.24,-184.65,1.1111,-210.59,0.503968253968254,-0.3327569604112777,0.373015873015873,0.1277956105350804,0.0140043925166774,0.3968253968253968
2020-01-17,12352.349609375,14.130000114440918,31590.283203125,16356.599609375,8345.2998046875,8427.599609375,264.26,-500.17,1.0541,764.4300000000001,0.6984126984126984,-0.7108026041420612,0.25793650793650796,0.1271189092484246,0.014181091895984599,0.4087301587301587
2020-01-20,12224.5498046875,15.40999984741211,31080.2890625,16207.150390625,8269.349609375,8352.7001953125,5.87,-1419.85,0.8144,1425.7199999999998,0.8174603174603174,-2.352068671670309,0.007936507936507936,0.12984265494563568,0.02425734352848541,0.46825396825396826
2020-01-21,12169.849609375,15.859999656677246,30947.19140625,16175.2001953125,8274.2001953125,8245.900390625,-50.08,-307.81,0.8101,257.73,0.6111111111111112,-2.1084428165553977,0.023809523809523808,0.12978221418852712,0.028817782378245338,0.503968253968254
2020-01-22,12106.900390625,16.360000610351562,30701.091796875,16334.5498046875,8256.650390625,8169.14990234375,-176.43,-326.22,0.7523,149.79000000000002,0.5833333333333334,-2.2039602483840217,0.01984126984126984,0.13030587202741217,0.03329413407610346,0.5396825396825397
2020-01-23,12180.349609375,15.859999656677246,31003.689453125,16474.400390625,8300.2001953125,8241.75,1352.13,-984.56,0.9652,2336.69,0.9087301587301587,-0.850612834684357,0.24206349206349206,0.13235985775471218,0.026240138812060276,0.4880952380952381
2020-01-24,12248.25,15.5600004196167,31241.38671875,16472.75,8294.0498046875,8274.849609375,659.11,417.96,1.0952,241.15000000000003,0.6031746031746031,-0.016497670800967826,0.5119047619047619,0.13400734643120585,0.021592657764961137,0.44841269841269843
2020-01-27,12119.0,17.18000030517578,30837.041015625,16393.55078125,8416.349609375,8258.150390625,-438.85,10.51,0.8534,-449.36,0.43253968253968256,-1.5146086977663114,0.08333333333333333,0.13858190101145793,0.033218102040299874,0.5476190476190477
2020-01-28,12055.7998046875,17.299999237060547,30761.04296875,16429.75,8420.25,8156.0498046875,-1357.56,711.7,0.7938,-2069.26,0.10317460317460317,-1.774924316372636,0.06349206349206349,0.1374493098424637,0.03555068252814178,0.5753968253968254
2020-01-29,12129.5,16.5,30876.640625,16479.30078125,8412.7998046875,8220.400390625,-1014.27,1520.9,0.8979,-2535.17,0.07539682539682539,-1.0873279872660289,0.19444444444444445,0.1344514560227141,0.030548543977285902,0.5317460317460317
2020-01-30,12035.7998046875,16.799999237060547,30647.044921875,16327.900390625,8237.0498046875,8181.4501953125,-962.28,292.35,1.0881,-1254.63,0.24603174603174602,0.04559900804552723,0.5357142857142857,0.13677942827476536,0.03122056409584012,0.5515873015873016
2020-01-31,11962.099609375,17.3700008392334,30833.2421875,16144.150390625,8138.60009765625,8086.5498046875,-4179.12,3816.44,0.927,-7995.5599999999995,0.003968253968253968,-0.8583086196745098,0.25396825396825395,0.13621070246867809,0.0374893059236559,0.5952380952380952
2020-02-03,11707.900390625,15.779999732971191,30022.900390625,16059.900390625,7967.5498046875,7988.35009765625,-1354.72,1138.74,0.8034,-2493.46,0.0873015873015873,-1.4566345843994417,0.09523809523809523,0.14898831816525984,0.00881167916445208,0.35714285714285715
2020-02-06,12137.9501953125,13.779999732971191,31303.6875,16371.150390625,8227.900390625,8142.14990234375,7498.29,441.05,1.142,7057.24,0.9841269841269841,0.49992863637556706,0.7261904761904762,0.1826299767621808,-0.044829979432468886,0.11904761904761904
2020-02-07,12098.349609375,13.75,31201.5859375,16470.150390625,8341.849609375,8064.60009765625,-556.72,908.64,1.1116,-1465.3600000000001,0.1984126984126984,0.3464973422286531,0.6547619047619048,0.18235241549167397,-0.04485241549167396,0.11904761904761904
2020-02-11,12107.900390625,13.880000114440918,31300.236328125,16452.30078125,8324.650390625,7892.39990234375,740.61,-533.97,1.1076,1274.58,0.7817460317460317,0.3582254999580197,0.6587301587301587,0.17557307411538955,-0.03677307297098037,0.14285714285714285
2020-02-12,12201.2001953125,13.619999885559082,31492.53515625,16538.099609375,8265.0498046875,7933.7998046875,357.35,-1635.97,1.2189,1993.3200000000002,0.8611111111111112,1.0248262964610462,0.8650793650793651,0.17747627039329225,-0.04127627153770144,0.12698412698412698
2020-02-13,12174.650390625,13.369999885559082,31229.88671875,16673.05078125,8335.7001953125,7914.89990234375,1061.39,-960.48,1.0196,2021.8700000000001,0.8650793650793651,-0.14412221383145368,0.46825396825396826,0.17607944327164976,-0.04237944441605895,0.12698412698412698
2020-02-14,12113.4501953125,13.619999885559082,30834.443359375,16642.75,8331.7001953125,7822.2001953125,-704.92,219.54,0.8883,-924.4599999999999,0.30158730158730157,-0.8787453717172321,0.23412698412698413,0.17629309970483206,-0.04009310084924125,0.1388888888888889
2020-02-17,12045.7998046875,14.420000076293945,30680.341796875,16647.69921875,8204.849609375,7770.5,-374.06,-154.25,0.8029,-219.81,0.503968253968254,-1.3271938709461726,0.12698412698412698,0.17704056928594233,-0.03284056852300288,0.16666666666666666
2020-02-18,11992.5,14.510000228881836,30562.14453125,16748.75,8198.2998046875,7692.2998046875,-74.39,-309.43,0.7945,235.04000000000002,0.6111111111111112,-1.2831390927698452,0.14285714285714285,0.17718995929949155,-0.03208995701067319,0.1746031746031746
2020-02-19,12125.900390625,14.020000457763672,30837.83984375,16772.5,8378.650390625,7687.35009765625,-190.66,590.12,0.9743,-780.78,0.34523809523809523,-0.1844159566905335,0.4523809523809524,0.182705060849901,-0.04250505627226431,0.12698412698412698
2020-02-20,12080.849609375,13.699999809265137,30942.490234375,16649.400390625,8364.349609375,7697.89990234375,1495.25,-699.62,1.0113,2194.87,0.8849206349206349,0.08716527413825483,0.5476190476190477,0.1796235838131773,-0.042623585720525936,0.12698412698412698
2020-02-24,11829.400390625,17.0,30454.74609375,16461.80078125,8115.5498046875,7429.10009765625,-1160.9,516.21,0.839,-1677.1100000000001,0.15873015873015872,-0.9783562783205993,0.2261904761904762,0.19345405309930314,-0.023454053099303124,0.1865079365079365
2020-02-25,11797.900390625,16.899999618530273,30432.345703125,16562.5,7938.4501953125,7366.0,-2315.07,1565.28,0.8288,-3880.3500000000004,0.027777777777777776,-1.0020623511607132,0.2222222222222222,0.1930095104817364,-0.024009514296433665,0.1865079365079365
2020-02-26,11678.5,18.260000228881836,30306.498046875,16332.25,7839.2001953125,7207.9501953125,-3336.6,2785.67,0.8245,-6122.27,0.007936507936507936,-0.9767458079904421,0.23412698412698413,0.19341437784347704,-0.010814375554658667,0.2261904761904762
2020-02-27,11633.2998046875,17.770000457763672,30186.6484375,16123.7998046875,7885.14990234375,7178.85009765625,-3127.36,3497.5,1.151,-6624.860000000001,0.007936507936507936,1.161632191110962,0.876984126984127,0.19134527131936604,-0.013645266741729334,0.21825396825396826
2020-02-28,11201.75,23.239999771118164,29146.8125,15212.9501953125,7576.75,6903.9501953125,-1428.74,7621.16,0.9039,-9049.9,0.003968253968253968,-0.4090237868331108,0.3968253968253968,0.22743065595550216,0.0049693417556794794,0.3373015873015873
2020-03-02,11132.75,25.200000762939453,28868.064453125,15427.650390625,7535.10009765625,6856.89990234375,-1200.27,1286.63,0.9202,-2486.9,0.0992063492063492,-0.23985645302594466,0.4523809523809524,0.22752731521600938,0.024472692413385122,0.49206349206349204
2020-03-03,11303.2998046875,24.540000915527344,29176.7109375,15723.2001953125,7920.60009765625,6986.64990234375,-2415.8,3135.24,1.0106,-5551.04,0.023809523809523808,0.4481880152150076,0.7023809523809523,0.23505116372023027,0.010348845435043164,0.3888888888888889
2020-03-04,11251.0,24.229999542236328,28653.365234375,15864.2998046875,8086.5498046875,6938.85009765625,-1960.97,226.55,0.903,-2187.52,0.11507936507936507,-0.31001215738035737,0.4246031746031746,0.2345674780465682,0.007732517375795084,0.35714285714285715
2020-03-06,10989.4501953125,25.639999389648438,27801.126953125,15663.5,8018.2998046875,6895.0,1851.12,-781.79,0.9726,2632.91,0.9206349206349206,0.24556506110166865,0.6150793650793651,0.24516288560604263,0.01123710829044175,0.3888888888888889
2020-03-09,10451.4501953125,30.799999237060547,26462.29296875,14854.900390625,7756.4501953125,6632.14990234375,7.72,120.08,0.8125,-112.36,0.5515873015873016,-0.9915870692116071,0.21428571428571427,0.28918142638369826,0.018818565986907232,0.45634920634920634
2020-03-11,10458.400390625,31.559999465942383,26487.4921875,14681.400390625,7623.0498046875,6568.4501953125,2274.4,-1100.92,0.8448,3375.32,0.9365079365079365,-0.7570500519679656,0.28174603174603174,0.24537745315726966,0.07022254150215418,0.8809523809523809
2020-03-12,9590.150390625,41.15999984741211,23970.87109375,13384.849609375,6942.5498046875,6033.39990234375,3637.42,-1439.74,0.8714,5077.16,0.9642857142857143,-0.6008166669298104,0.3492063492063492,0.3723006652808243,0.039299333193296815,0.626984126984127
2020-03-13,9955.2001953125,51.470001220703125,25166.15625,13539.099609375,7268.0,6182.0,-6027.58,5867.9,0.8768,-11895.48,0.003968253968253968,-0.5310515878838356,0.36904761904761907,0.40925809275846553,0.10544191944856568,0.9365079365079365
2020-03-16,9197.400390625,58.880001068115234,23100.8828125,12451.349609375,6959.35009765625,5843.7001953125,-3809.93,2614.54,0.745,-6424.469999999999,0.01984126984126984,-1.4758121145573189,0.08333333333333333,0.4714860593791731,0.1173139513019793,0.9523809523809523
2020-03-17,8967.0498046875,62.93000030517578,22154.892578125,12099.25,6979.10009765625,5803.85009765625,-4044.69,3422.12,0.7566,-7466.8099999999995,0.015873015873015872,-1.3242075863290623,0.11904761904761904,0.4708731820335736,0.15842682101818423,1.0
2020-03-18,8468.7998046875,63.959999084472656,20579.9609375,11753.0,6705.75,5516.5,-5085.35,3636.44,0.7057,-8721.79,0.011904761904761904,-1.6428035595326902,0.06746031746031746,0.491717785032409,0.14788220581231754,0.9920634920634921
2020-03-19,8263.4501953125,72.19999694824219,20083.265625,11340.0,6655.5,5180.5,-4622.93,4367.43,0.8677,-8990.36,0.011904761904761904,-0.42137779944771997,0.39285714285714285,0.49003022926886175,0.2319697402135601,1.0
2020-03-20,8745.4501953125,67.0999984741211,20317.36328125,12363.4501953125,6951.89990234375,5370.14990234375,-3345.95,2431.24,0.8965,-5777.19,0.03968253968253968,-0.16292644440751472,0.47619047619047616,0.5572895754306193,0.11371040931059162,0.9285714285714286
2020-03-23,7610.25,71.98999786376953,16917.453125,11179.599609375,6432.2998046875,4626.5,-2989.29,1082.24,0.7551,-4071.5299999999997,0.05952380952380952,-1.1740747515964916,0.17063492063492064,0.6982440103839734,0.021655968253721847,0.4603174603174603
2020-03-24,7801.0498046875,83.61000061035156,17107.1015625,11865.0498046875,6611.0498046875,4693.35009765625,-2153.35,1553.66,0.8227,-3707.01,0.07936507936507936,-0.6755558136680374,0.3253968253968254,0.7159294013055522,0.12017060479796349,0.9404761904761905
2020-03-25,8317.849609375,77.62999725341797,18480.8359375,12233.349609375,6695.5498046875,4936.14990234375,-1893.36,737.98,0.9709,-2631.34,0.11904761904761904,0.5056695956168556,0.7261904761904762,0.7783697785240663,-0.0020698059898865973,0.2777777777777778
2020-03-26,8641.4501953125,71.52999877929688,19613.671875,12535.599609375,6775.0,5061.2998046875,-484.78,-769.93,1.2881,285.15,0.6507936507936508,2.6855603703818036,0.9920634920634921,0.801906036714812,-0.0866060489218432,0.07142857142857142
2020-03-27,8660.25,70.38999938964844,19968.767578125,12569.099609375,6813.0498046875,4938.7001953125,355.78,1703.72,1.0713,-1347.94,0.26587301587301587,1.1559465132896227,0.8690476190476191,0.8042017614409366,-0.10030176754445219,0.01984126984126984
2020-03-30,8281.099609375,71.88999938964844,18782.181640625,12318.7998046875,6896.0,4669.14990234375,-4363.61,3550.33,0.9456,-7913.94,0.023809523809523808,0.34303985888805133,0.6388888888888888,0.8098133840834473,-0.09091339018696287,0.05952380952380952
2020-03-31,8597.75,64.41000366210938,19143.77734375,12763.650390625,7176.5,4731.2998046875,-3044.94,3576.23,1.0219,-6621.17,0.03571428571428571,0.9492437840503506,0.8253968253968254,0.8280798018074835,-0.1839797651863898,0.003968253968253968
2020-04-03,8083.7998046875,55.29999923706055,17249.099609375,11680.0498046875,7361.60009765625,4517.75,-878.38,764.13,0.9805,-1642.51,0.23015873015873015,0.5918334980289045,0.746031746031746,0.8450443214840259,-0.2920443291134204,0.003968253968253968
2020-04-08,8748.75,52.2400016784668,18946.228515625,12491.5498046875,8412.2001953125,5043.60009765625,703.74,-665.69,1.1378,1369.43,0.7896825396825397,1.6772977816046815,0.9365079365079365,0.9046040156392308,-0.3822039988545628,0.003968253968253968
2020-04-09,9111.900390625,49.75,19913.3671875,12728.5498046875,8800.4501953125,5568.4501953125,-1888.78,-456.88,1.2653,-1431.9,0.2698412698412698,2.3088897506743424,0.9761904761904762,0.9241185282927151,-0.4266185282927151,0.003968253968253968
2020-04-13,8993.849609375,51.459999084472656,19487.7734375,12603.099609375,9044.349609375,5432.10009765625,-1243.74,-1096.89,1.1793,-146.8499999999999,0.5555555555555556,1.5903207028999689,0.9246031746031746,0.9229144892303508,-0.4083144983856243,0.007936507936507936
2020-04-15,8925.2998046875,49.7400016784668,19056.830078125,12702.599609375,9038.7998046875,5333.0,1359.31,-1097.86,1.0412,2457.17,0.9087301587301587,0.6658397010350473,0.7658730158730159,0.9106249750368547,-0.41322495825218675,0.007936507936507936
2020-04-16,8992.7998046875,46.099998474121094,19399.775390625,12463.599609375,9199.2998046875,5394.14990234375,-2920.36,1321.44,1.1768,-4241.8,0.06746031746031746,1.4420665460431494,0.9007936507936508,0.9118068828279295,-0.4508068980867186,0.003968253968253968
2020-04-17,9266.75,42.59000015258789,20681.208984375,12649.25,9157.75,5668.89990234375,-1391.98,534.24,1.1812,-1926.22,0.19047619047619047,1.3631156226242866,0.8849206349206349,0.8706581593926898,-0.44475815786681083,0.007936507936507936
2020-04-20,9261.849609375,43.459999084472656,20522.412109375,12847.650390625,9149.2001953125,5591.0,-265.89,-788.87,1.1135,522.98,0.6984126984126984,0.8789452223258925,0.7976190476190477,0.8584071362132719,-0.42380714536854536,0.015873015873015872
2020-04-21,8981.4501953125,45.20000076293945,19409.123046875,12408.849609375,9381.650390625,5294.0498046875,-2095.23,-68.46,0.9468,-2026.77,0.18253968253968253,-0.12394164684532015,0.4722222222222222,0.8181312531628078,-0.36613124553341325,0.031746031746031744
2020-04-22,9187.2998046875,42.81999969482422,19701.62109375,12571.2998046875,9377.0,5426.85009765625,-1326.09,863.82,1.0503,-2189.91,0.15476190476190477,0.5059892443281745,0.7023809523809523,0.8170683275407977,-0.38886833059255554,0.027777777777777776
2020-04-23,9313.900390625,39.22999954223633,20267.712890625,13128.2001953125,9388.900390625,5464.75,-114.58,338.27,1.161,-452.84999999999997,0.49603174603174605,1.1366425859071239,0.8492063492063492,0.7881174109956979,-0.3958174155733346,0.027777777777777776
2020-04-24,9154.400390625,39.119998931884766,19586.421875,12816.2001953125,9518.4501953125,5377.25,-207.29,-993.98,1.0591,786.69,0.7261904761904762,0.48810663757063594,0.6825396825396826,0.7849472157550715,-0.3937472264362239,0.031746031746031744
2020-04-27,9282.2998046875,38.040000915527344,20080.916015625,13121.150390625,9602.0498046875,5433.2001953125,-916.42,1141.97,1.0887,-2058.39,0.1746031746031746,0.6319656911929366,0.7341269841269841,0.7620155485524602,-0.3816155393971868,0.04365079365079365
2020-04-28,9380.900390625,35.349998474121094,20670.859375,13133.650390625,9386.2001953125,5447.10009765625,-122.15,389.0,1.2173,-511.15,0.4801587301587302,1.3351942791131386,0.8809523809523809,0.5468903003509511,-0.19339031560974018,0.05555555555555555
2020-04-29,9553.349609375,33.84000015258789,21089.953125,13424.9501953125,9385.4501953125,5543.75,722.08,786.4,1.2861,-64.31999999999994,0.5714285714285714,1.610259618185676,0.9325396825396826,0.5451102863887392,-0.20671028486286025,0.05555555555555555
2020-04-30,9859.900390625,33.9900016784668,21534.25,14108.400390625,9327.099609375,5901.39990234375,1968.8,579.03,1.4617,1389.77,0.8015873015873016,2.305210092603826,0.9722222222222222,0.5136641820303753,-0.17376416524570737,0.06746031746031746
2020-05-05,9205.599609375,43.61000061035156,19271.525390625,13388.0498046875,9181.5,5451.89990234375,-323.86,-58.21,0.9164,-265.65000000000003,0.5317460317460317,-0.6279711257534272,0.30952380952380953,0.568851847656975,-0.13275184155345943,0.07142857142857142
2020-05-06,9270.900390625,41.25,19694.322265625,13394.7001953125,9227.150390625,5552.39990234375,97.61,47.29,1.0151,50.32,0.5912698412698413,-0.12230444724216372,0.4603174603174603,0.5690043628003817,-0.1565043628003817,0.07142857142857142
2020-05-08,9251.5,38.40999984741211,19352.67578125,13403.599609375,9343.349609375,5447.75,-60.18,-425.98,0.9775,365.8,0.6666666666666666,-0.3868627779368406,0.36507936507936506,0.5405355569591503,-0.15643555848502927,0.07539682539682539
2020-05-11,9239.2001953125,38.040000915527344,18950.279296875,13593.5498046875,9307.2998046875,5679.7001953125,5368.31,-2208.18,0.9184,7576.49,0.9880952380952381,-0.785769530948561,0.25396825396825395,0.5274803392646247,-0.14708033010935123,0.07936507936507936
2020-05-13,9383.5498046875,38.84000015258789,19634.720703125,13776.9501953125,9147.75,5844.60009765625,-283.43,232.65,0.8789,-516.08,0.47619047619047616,-1.118145476121041,0.15873015873015872,0.46874734992193196,-0.08034734839605306,0.17857142857142858
2020-05-14,9142.75,38.18000030517578,19068.279296875,13293.75,9172.2001953125,5804.0498046875,-2152.52,802.36,0.8919,-2954.88,0.11507936507936507,-1.0475018326908907,0.17857142857142858,0.39908036619101306,-0.01728036313925524,0.30158730158730157
2020-05-15,9136.849609375,38.02000045776367,18833.73046875,13196.349609375,9093.0,5745.7001953125,-2388.04,1225.53,0.8273,-3613.5699999999997,0.09126984126984126,-1.4160828999598793,0.09126984126984126,0.37230916472417513,0.007890839853461562,0.4523809523809524
2020-05-18,8823.25,40.91999816894531,17572.994140625,13314.400390625,9092.650390625,5430.0498046875,-2512.82,-152.42,0.6973,-2360.4,0.15476190476190477,-2.1589371545059994,0.015873015873015872,0.3902545381542534,0.018945443535199724,0.5555555555555556
2020-05-19,8879.099609375,39.45000076293945,17486.046875,13446.599609375,9084.599609375,5486.14990234375,-1328.31,1659.74,0.767,-2988.05,0.11507936507936507,-1.6940597975929004,0.05555555555555555,0.39022508346340473,0.004274924165989791,0.4087301587301587
2020-05-20,9066.5498046875,35.810001373291016,17839.9921875,13517.400390625,9456.7998046875,5603.7998046875,-1466.52,2373.19,0.8682,-3839.71,0.08333333333333333,-1.0532083619159354,0.19047619047619047,0.39659196714765393,-0.03849195341474376,0.25793650793650796
2020-05-21,9106.25,32.9900016784668,17734.892578125,13647.900390625,9520.5498046875,5749.89990234375,-258.73,401.78,0.9027,-660.51,0.4523809523809524,-0.7953651711761196,0.2777777777777778,0.3813614868271651,-0.051461470042497126,0.21428571428571427
2020-05-22,9039.25,32.380001068115234,17278.69921875,13842.650390625,9600.650390625,5767.0,-1353.9,-344.16,0.8427,-1009.74,0.3611111111111111,-1.0878149765627805,0.17857142857142858,0.3820551520002014,-0.058255141319049075,0.1984126984126984
2020-05-26,9029.0498046875,31.469999313354492,17440.146484375,13574.9501953125,9483.5,5854.2998046875,4716.13,2841.09,0.8182,1875.04,0.8571428571428571,-1.1816406804804274,0.15476190476190477,0.3658169510649899,-0.051116957931444995,0.2222222222222222
2020-05-27,9314.9501953125,31.270000457763672,18710.333984375,13952.900390625,9463.7001953125,5896.9501953125,-334.74,2408.85,1.196,-2743.59,0.1388888888888889,0.9490229809075502,0.8253968253968254,0.3738884208136376,-0.06118841623600091,0.1865079365079365
2020-05-28,9490.099609375,30.020000457763672,19169.578125,14028.599609375,9464.5,6112.2998046875,2354.14,144.83,1.2886,2209.31,0.9087301587301587,1.3699512192944026,0.9087301587301587,0.37656902973862094,-0.0763690251609842,0.18253968253968253
2020-05-29,9580.2998046875,30.219999313354492,19297.025390625,14010.5,9768.599609375,6218.7998046875,1460.71,967.43,1.3309,493.2800000000001,0.7182539682539683,1.5097344254184832,0.9325396825396826,0.371342727985191,-0.06914273485164613,0.1865079365079365
2020-06-01,9826.150390625,30.739999771118164,19959.66796875,14307.099609375,9802.099609375,6419.5,-103.84,-23.7,1.2374,-80.14,0.5873015873015873,1.0257398422931328,0.8452380952380952,0.37825784059867434,-0.0708578428874927,0.1865079365079365
2020-06-02,9979.099609375,30.1200008392334,20529.9609375,14422.400390625,9833.599609375,6471.2998046875,-560.36,304.01,1.3077,-864.37,0.40476190476190477,1.3442066974703022,0.8888888888888888,0.3799711545261386,-0.07877114613380465,0.18253968253968253
2020-06-03,10061.5498046875,30.040000915527344,20940.455078125,14361.7001953125,9864.0498046875,6498.64990234375,-3594.84,2543.78,1.2576,-6138.620000000001,0.04365079365079365,1.0267264593501948,0.8412698412698413,0.37633461391758116,-0.07593460476230773,0.19047619047619047
2020-06-05,10142.150390625,28.68000030517578,21034.255859375,14627.4501953125,10081.2998046875,6628.75,-493.68,322.47,1.1756,-816.1500000000001,0.4166666666666667,0.6092330866751002,0.7261904761904762,0.3612401135801499,-0.07444011052839211,0.19444444444444445
2020-06-08,10167.4501953125,29.649999618530273,21187.103515625,14894.599609375,9939.099609375,6610.5498046875,637.43,-468.0,1.0633,1105.4299999999998,0.7936507936507936,0.057450405777135234,0.5436507936507936,0.249043895119925,0.04745610106537776,0.7817460317460317
2020-06-10,10116.150390625,29.440000534057617,21099.853515625,14842.0498046875,10149.25,6502.64990234375,1101.76,-934.84,1.0837,2036.6,0.9007936507936508,0.16746603313425984,0.5873015873015873,0.25139694203267965,0.04300306330789655,0.746031746031746
2020-06-11,9902.0,29.65999984741211,20524.912109375,14619.4501953125,9933.400390625,6373.60009765625,4869.87,-2938.66,1.047,7808.53,0.9920634920634921,-0.038500235413110845,0.5158730158730159,0.2668347953500869,0.02976520312403419,0.6706349206349206
2020-06-15,9813.7001953125,32.58000183105469,19912.66796875,14396.7001953125,9989.0498046875,6443.0,-2960.33,1076.38,1.0128,-4036.71,0.07539682539682539,-0.20854340630968202,0.4523809523809524,0.26998203326351733,0.05581798504702956,0.8253968253968254
2020-06-16,9914.0,32.970001220703125,20296.462890625,14450.7998046875,9926.400390625,6451.0498046875,-1478.52,1161.51,0.9915,-2640.0299999999997,0.15079365079365079,-0.29049415451057187,0.4246031746031746,0.2673611436894118,0.062338868517619495,0.8571428571428571
2020-06-17,9881.150390625,33.349998474121094,20201.515625,14478.4501953125,9977.2001953125,6503.5,-486.62,168.05,0.9946,-654.6700000000001,0.47619047619047616,-0.2629780756083309,0.43253968253968256,0.24631131822992583,0.08718866651128512,0.8888888888888888
2020-06-18,10091.650390625,31.459999084472656,20956.056640625,14551.25,9975.2998046875,6535.89990234375,366.57,1131.27,1.1422,-764.7,0.44841269841269843,0.49015372903485377,0.6865079365079365,0.25299446499788686,0.061605525846839704,0.8571428571428571
2020-06-19,10244.400390625,29.969999313354492,21337.8515625,14499.7998046875,10002.150390625,6634.5,1237.0,-880.66,1.1894,2117.66,0.9007936507936508,0.741425530341408,0.7738095238095238,0.2063550872400724,0.0933449058934725,0.9087301587301587
2020-06-22,10311.2001953125,30.459999084472656,21708.09765625,14463.7001953125,10218.349609375,6729.10009765625,424.21,-1287.69,1.2054,1711.9,0.8571428571428571,0.8510906060733715,0.7857142857142857,0.20634208424364928,0.09825790660107728,0.9087301587301587
2020-06-23,10471.0,29.34000015258789,22264.642578125,14680.400390625,10360.7998046875,6789.2001953125,168.96,454.48,1.2822,-285.52,0.5555555555555556,1.3662934702171963,0.8968253968253969,0.2024801982898224,0.09091980323605653,0.8968253968253969
2020-06-24,10305.2998046875,29.579999923706055,21426.55078125,14581.4501953125,10110.5,6742.7998046875,1766.9,-1524.9,0.9839,3291.8,0.9563492063492064,-0.3144412665709115,0.3888888888888889,0.21846594873921663,0.07733405049784395,0.8849206349206349
2020-06-25,10288.900390625,29.729999542236328,21505.900390625,14411.2001953125,10193.150390625,6737.85009765625,-1050.61,-255.59,1.1237,-795.0199999999999,0.42857142857142855,0.4496492162217971,0.6547619047619048,0.2146280161076692,0.08267197931469408,0.8928571428571429
2020-06-26,10383.0,28.739999771118164,21591.80078125,14994.650390625,10137.849609375,6731.4501953125,-753.18,1304.18,1.0202,-2057.36,0.20238095238095238,-0.138562290378638,0.4642857142857143,0.2128865048264986,0.07451349288468304,0.8849206349206349
2020-06-29,10312.400390625,28.90999984741211,21358.751953125,14768.0,10135.900390625,6645.85009765625,-1937.06,1036.13,0.9987,-2973.19,0.12698412698412698,-0.2764409274988545,0.4087301587301587,0.19782063679009096,0.09127936168403014,0.9126984126984127
2020-06-30,10302.099609375,29.1200008392334,21369.90234375,14754.2998046875,9985.150390625,6719.14990234375,-2000.08,2051.31,0.9264,-4051.39,0.07539682539682539,-0.6998848215804172,0.2857142857142857,0.19218847737587047,0.09901153101646354,0.9285714285714286
2020-07-01,10430.0498046875,28.1200008392334,21977.34375,14732.150390625,9882.849609375,6718.60009765625,-682.23,311.19,1.1358,-993.4200000000001,0.376984126984127,0.4527214439865554,0.6626984126984127,0.19352201260697416,0.08767799578535984,0.9047619047619048
2020-07-02,10551.7001953125,26.510000228881836,21952.943359375,15122.5498046875,9943.650390625,6907.10009765625,161.93,-178.59,1.113,340.52,0.6904761904761905,0.27478061529987213,0.5873015873015873,0.17928344190586304,0.08581656038295532,0.9007936507936508
2020-07-07,10799.650390625,25.100000381469727,22627.736328125,15784.9501953125,9878.0,7199.5498046875,829.9,-784.47,1.2171,1614.37,0.8492063492063492,0.8576509855226786,0.7817460317460317,0.18803795366802906,0.06296205014666822,0.873015873015873
2020-07-08,10705.75,26.100000381469727,22584.388671875,15513.650390625,9948.5,7059.35009765625,397.32,-438.62,1.0646,835.94,0.7579365079365079,-0.205665877419769,0.42857142857142855,0.1925061338254762,0.06849386998922108,0.8849206349206349
2020-07-09,10813.4501953125,24.90999984741211,22906.93359375,15535.9501953125,9987.5498046875,7085.60009765625,-6.93,-815.82,1.1432,808.8900000000001,0.753968253968254,0.2923008547110124,0.5833333333333334,0.1933216480624907,0.0557783504116304,0.8253968253968254
2020-07-10,10768.0498046875,24.940000534057617,22398.189453125,15565.2001953125,10072.25,7041.10009765625,1093.81,-1129.49,1.0186,2223.3,0.9206349206349206,-0.6674376082939496,0.29365079365079366,0.19510351579783364,0.05429648954274252,0.8174603174603174
2020-07-13,10802.7001953125,25.25,22088.994140625,15819.2001953125,10106.599609375,7084.4501953125,221.76,-1485.59,0.9458,1707.35,0.8492063492063492,-1.300339274967817,0.1111111111111111,0.19284183835582724,0.05965816164417276,0.8531746031746031
2020-07-14,10607.349609375,26.639999389648438,21391.951171875,15640.5498046875,10155.0498046875,6916.0,-1565.62,-649.7,0.7958,-915.9199999999998,0.3888888888888889,-2.4432980982722614,0.003968253968253968,0.1877559536775554,0.07864404021892898,0.9166666666666666
2020-07-15,10618.2001953125,26.290000915527344,21340.501953125,16459.849609375,10210.75,6931.0498046875,-221.7,-899.37,0.818,677.6700000000001,0.7261904761904762,-2.0238297552845252,0.023809523809523808,0.18227768743248376,0.08062232172278969,0.9206349206349206
2020-07-16,10739.9501953125,25.360000610351562,21596.8984375,16926.05078125,10382.2998046875,7015.89990234375,-1091.08,1659.91,1.0255,-2750.99,0.14285714285714285,-0.47056696007131743,0.3333333333333333,0.1828877451789188,0.07071226092459684,0.9047619047619048
2020-07-17,10901.7001953125,24.15999984741211,21966.544921875,16821.349609375,10472.150390625,7137.2998046875,697.08,-209.42,1.1299,906.5,0.753968253968254,0.38302363705759757,0.6190476190476191,0.18467651223700426,0.05692348623711682,0.8452380952380952
2020-07-20,11022.2001953125,24.709999084472656,22321.58984375,17258.30078125,10304.599609375,7175.85009765625,1709.97,-1521.99,1.1376,3231.96,0.9563492063492064,0.4820095586085993,0.6626984126984127,0.1762447212927081,0.07085526955201846,0.9126984126984127
2020-07-21,11162.25,24.43000030517578,22781.734375,17273.19921875,10153.7998046875,7295.75,2265.88,-727.39,1.2264,2993.27,0.9484126984126984,1.2722823672036683,0.876984126984127,0.1745275239248545,0.06977247912690332,0.9047619047619048
2020-07-22,11132.599609375,24.889999389648438,22882.333984375,17076.05078125,10175.2001953125,7203.9501953125,1665.57,-1138.83,1.1874,2804.3999999999996,0.9444444444444444,0.9884407778961068,0.8134920634920635,0.1760118393977273,0.07288815449875707,0.9166666666666666
2020-07-23,11215.4501953125,24.639999389648438,23083.6328125,17045.19921875,10322.150390625,7301.0498046875,1740.5,-931.91,1.191,2672.41,0.9365079365079365,1.0107713394451636,0.8134920634920635,0.17128935866776968,0.0751106352287147,0.9206349206349206
2020-07-24,11194.150390625,24.540000915527344,22661.787109375,17286.0,10237.9501953125,7218.64990234375,409.88,-1002.98,1.1036,1412.8600000000001,0.8095238095238095,0.24504045198536975,0.5436507936507936,0.15685168090457943,0.088548328250694,0.9523809523809523
2020-07-27,11131.7998046875,25.020000457763672,21848.49609375,17626.75,10062.0498046875,7186.4501953125,-453.31,-977.88,0.9528,524.5699999999999,0.6984126984126984,-0.9987985398063153,0.1984126984126984,0.15940562976519781,0.09079437481243888,0.9523809523809523
2020-07-28,11300.5498046875,23.639999389648438,22104.94140625,18042.75,10128.0498046875,7416.89990234375,245.95,-1017.4,1.1085,1263.35,0.7936507936507936,0.3014478379013687,0.5634920634920635,0.16330733517203783,0.07309265872444654,0.9087301587301587
2020-07-29,11202.849609375,24.110000610351562,22076.34375,17880.5,10441.150390625,7330.25,-352.62,-505.62,0.9846,153.0,0.6190476190476191,-0.7346150618164217,0.2698412698412698,0.16510166659201794,0.07599833951149768,0.9166666666666666
2020-07-30,11102.150390625,24.729999542236328,21646.59765625,18003.55078125,10766.0498046875,7287.85009765625,207.3,-387.24,1.0973,594.54,0.7023809523809523,0.1853267508426438,0.5396825396825397,0.17078043714560878,0.0765195582767545,0.9166666666666666
2020-07-31,11073.4501953125,24.190000534057617,21639.798828125,18071.849609375,11148.900390625,7279.75,-958.64,442.73,0.998,-1401.37,0.28174603174603174,-0.6579281219023987,0.29365079365079366,0.16901894381916988,0.0728810615214063,0.8928571428571429
2020-08-04,11095.25,23.81999969482422,21490.25,17808.0,11316.9501953125,7353.9501953125,1943.41,-1757.79,1.0377,3701.2,0.9722222222222222,-0.29280793555078277,0.38095238095238093,0.1659465469643506,0.07225344998389158,0.8888888888888888
2020-08-05,11101.650390625,23.56999969482422,21509.69921875,17869.80078125,11263.75,7489.10009765625,1724.71,-1503.14,0.9557,3227.8500000000004,0.9484126984126984,-0.9274004388005518,0.23015873015873015,0.1468202300631933,0.08887976688504887,0.9484126984126984
2020-08-06,11200.150390625,23.149999618530273,21642.34765625,18188.75,11403.650390625,7498.25,813.27,-1238.23,1.1004,2051.5,0.8809523809523809,0.34678005559191943,0.6031746031746031,0.14398759583408008,0.08751240035122265,0.9365079365079365
2020-08-07,11214.0498046875,22.579999923706055,21753.748046875,18004.150390625,11333.0,7554.4501953125,-994.87,-853.41,1.123,-141.46000000000004,0.5674603174603174,0.6305922333867219,0.7103174603174603,0.14106035725785246,0.08473964197920808,0.9246031746031746
2020-08-10,11270.150390625,22.510000228881836,21899.99609375,18159.55078125,11941.400390625,7621.2998046875,978.37,19.85,1.1117,958.52,0.7658730158730159,0.4871251648933975,0.6626984126984127,0.13961973998906427,0.08548026229975408,0.9246031746031746
2020-08-12,11308.400390625,20.850000381469727,22263.7421875,18066.0,11590.25,7785.0498046875,2909.6,-2640.93,1.0564,5550.53,0.9801587301587301,-0.010283580537739465,0.48412698412698413,0.13963669513227114,0.06886330868242613,0.8531746031746031
2020-08-13,11300.4501953125,20.56999969482422,22196.091796875,18107.19921875,11477.9501953125,7879.75,416.28,-763.54,1.0134,1179.82,0.7777777777777778,-0.41347761525927024,0.3373015873015873,0.11755503318142611,0.08814496376681606,0.9404761904761905
2020-08-14,11178.400390625,21.670000076293945,21679.1484375,18022.650390625,11640.400390625,7677.64990234375,46.39,-797.08,0.9183,843.47,0.7301587301587301,-1.2549090039890634,0.11904761904761904,0.12756635839586472,0.08913364236707474,0.9484126984126984
2020-08-17,11247.099609375,21.309999465942383,21700.59765625,18223.599609375,11595.349609375,7865.5498046875,332.9,-717.62,1.0157,1050.52,0.7619047619047619,-0.394302856324584,0.3412698412698413,0.12404957177881004,0.0890504228806138,0.9444444444444444
2020-08-18,11385.349609375,20.43000030517578,22170.341796875,18270.349609375,11581.7001953125,7941.85009765625,1134.57,-379.38,1.1334,1513.9499999999998,0.8253968253968254,0.7155382399699409,0.753968253968254,0.1206915222014999,0.0836084808502579,0.9047619047619048
2020-08-19,11408.400390625,19.959999084472656,22285.640625,18210.849609375,11537.900390625,7941.35009765625,459.01,-97.13,1.1133,556.14,0.6785714285714286,0.5259766416478816,0.6865079365079365,0.11610803127945883,0.08349195956526774,0.9007936507936508
2020-08-20,11312.2001953125,20.6200008392334,21999.193359375,18126.099609375,11540.900390625,7911.60009765625,-268.46,-672.23,0.991,403.77000000000004,0.6428571428571429,-0.5760392615701834,0.3055555555555556,0.11395701399045978,0.09224299440187421,0.9603174603174603
2020-08-21,11371.599609375,19.940000534057617,22299.33984375,18065.30078125,11614.900390625,7934.7001953125,410.16,-250.65,1.0433,660.8100000000001,0.6865079365079365,-0.058090668772923654,0.4603174603174603,0.11434608046788669,0.08505392487268948,0.9047619047619048
2020-08-24,11466.4501953125,19.229999542236328,22832.734375,18010.94921875,11572.25,7948.39990234375,219.07,-335.64,1.1748,554.71,0.6706349206349206,1.2033013081061645,0.8650793650793651,0.1150448844392115,0.07725511098315178,0.873015873015873
2020-08-25,11472.25,19.31999969482422,23091.8828125,17973.69921875,11500.0,7983.60009765625,1481.2,-172.97,1.1828,1654.17,0.8373015873015873,1.1978932645518885,0.8611111111111112,0.11452641668771361,0.07867358026052858,0.8809523809523809
2020-08-26,11549.599609375,19.299999237060547,23413.927734375,18128.0,11484.5498046875,8100.5,1581.31,-1194.62,1.3008,2775.93,0.9285714285714286,2.0649084685360846,0.9761904761904762,0.11313925857650026,0.07986073379410522,0.8809523809523809
2020-08-27,11559.25,18.899999618530273,23600.076171875,18102.650390625,11588.0498046875,8183.0,1164.32,-809.27,1.2556,1973.59,0.8571428571428571,1.6328816388652718,0.9523809523809523,0.1018229321260397,0.08717706405926302,0.9126984126984127
2020-08-28,11647.599609375,18.350000381469727,24523.515625,18122.0,11622.900390625,8111.85009765625,1004.11,-543.56,1.3027,1547.67,0.8174603174603174,2.0203064704772022,0.9722222222222222,0.09732128370812948,0.0861787201065678,0.9087301587301587
2020-08-31,11387.5,22.84000015258789,23754.07421875,17928.849609375,11079.7998046875,7840.35009765625,-3395.49,680.88,0.8828,-4076.37,0.06746031746031746,-1.9673794362143935,0.031746031746031744,0.12543035298381508,0.10296964854206384,0.9722222222222222
2020-09-01,11470.25,21.799999237060547,23811.72265625,17814.05078125,11339.5,7885.9501953125,-431.11,419.22,0.9367,-850.33,0.3888888888888889,-1.3615455799399387,0.0873015873015873,0.1262708550237654,0.09172913734684007,0.9523809523809523
2020-09-03,11527.4501953125,20.5,23530.576171875,18348.55078125,11511.849609375,8049.5498046875,-6595.56,4974.8,0.9616,-11570.36,0.007936507936507936,-1.0660820414319963,0.17063492063492064,0.12678635791392087,0.07821364208607912,0.8531746031746031
2020-09-04,11333.849609375,22.149999618530273,23011.232421875,18073.94921875,11281.4501953125,7996.5498046875,1737.62,-466.02,0.878,2203.64,0.8928571428571429,-1.6661060297227521,0.051587301587301584,0.14338583305658137,0.07811416312872135,0.8492063492063492
2020-09-07,11355.0498046875,22.010000228881836,22944.783203125,18176.80078125,11269.849609375,7957.85009765625,212.77,-803.39,0.8736,1016.16,0.7380952380952381,-1.5700588552090697,0.05952380952380952,0.14046332405194192,0.07963667823687642,0.8611111111111112
2020-09-09,11278.0,22.229999542236328,22266.740234375,18261.5,11304.099609375,7903.10009765625,-959.09,-263.97,0.8231,-695.12,0.4246031746031746,-1.817226327490924,0.03571428571428571,0.1429267607314402,0.07937323469092308,0.8571428571428571
2020-09-10,11449.25,21.260000228881836,22465.9375,18395.849609375,11303.400390625,7945.0,-39.39,126.61,0.9635,-166.0,0.5317460317460317,-0.6410148757936572,0.30158730158730157,0.1515474040061359,0.061052598282682474,0.7420634920634921
2020-09-11,11464.4501953125,20.709999084472656,22479.6875,18633.25,11313.2998046875,7956.7998046875,4548.39,-3036.31,0.9556,7584.700000000001,0.9920634920634921,-0.7058459257505899,0.28174603174603174,0.15125473183656607,0.05584525900816048,0.7103174603174603
2020-09-14,11440.0498046875,21.190000534057617,22100.9921875,19505.099609375,11233.2998046875,8035.35009765625,298.22,-120.35,0.8553,418.57000000000005,0.623015873015873,-1.402101511691022,0.0873015873015873,0.15151315684475083,0.060386848495825346,0.7341269841269841
2020-09-15,11521.7998046875,20.600000381469727,22465.388671875,19627.30078125,11450.5,8033.5,1170.89,-895.63,0.9472,2066.52,0.873015873015873,-0.6704010934388271,0.2976190476190476,0.14682480770358458,0.05917519611111269,0.7182539682539683
2020-09-16,11604.5498046875,19.65999984741211,22573.2890625,19770.349609375,11688.5498046875,8156.2001953125,264.66,-212.21,0.9859,476.87,0.6309523809523809,-0.34142665355987506,0.36507936507936506,0.14729859917675456,0.049301399297366544,0.6587301587301587
2020-09-17,11516.099609375,20.100000381469727,22320.08984375,19817.69921875,11735.9501953125,8128.64990234375,-249.82,-1067.83,0.881,818.01,0.6944444444444444,-1.104911802920193,0.15873015873015872,0.14510812211824803,0.055891881696449236,0.7023809523809523
2020-09-18,11504.9501953125,20.049999237060547,22030.794921875,19827.099609375,12320.900390625,8161.7001953125,205.15,-100.83,0.8573,305.98,0.5833333333333334,-1.2073726172918395,0.13095238095238096,0.14509969799973363,0.05540029437087185,0.6825396825396826
2020-09-21,11250.5498046875,22.190000534057617,21366.552734375,19729.0,11799.5498046875,7832.2001953125,-539.81,-517.95,0.7491,-21.8599999999999,0.5357142857142857,-1.8447929359254946,0.031746031746031744,0.1635895183591318,0.058310486981444365,0.7103174603174603
2020-09-22,11153.650390625,21.40999984741211,21138.853515625,19866.099609375,11876.849609375,7695.25,-2072.76,878.91,0.7547,-2951.67,0.13095238095238096,-1.6501814520377427,0.05952380952380952,0.16480781814749987,0.04929218032662122,0.6428571428571429
2020-09-23,11131.849609375,20.989999771118164,21178.25390625,19805.650390625,11685.900390625,7690.89990234375,-3912.44,1629.23,0.7869,-5541.67,0.06349206349206349,-1.3319255879713,0.10317460317460317,0.16113350994693512,0.048766487764246524,0.6388888888888888
2020-09-24,10805.5498046875,23.510000228881836,20456.611328125,18973.05078125,11334.599609375,7418.85009765625,-1885.69,188.64,0.8859,-2074.33,0.19047619047619047,-0.6365957391285673,0.31746031746031744,0.1894840308350517,0.04561597145376667,0.6190476190476191
2020-09-25,11050.25,20.68000030517578,20982.10546875,19629.349609375,11595.900390625,7669.5,-2080.21,2070.63,1.04,-4150.84,0.07142857142857142,0.3814935859919975,0.6150793650793651,0.20745570873822256,-0.0006557056864647526,0.32142857142857145
2020-09-28,11227.5498046875,19.56999969482422,21665.248046875,19783.05078125,11796.599609375,7902.5498046875,-26.98,542.34,1.1202,-569.32,0.4365079365079365,0.8750222040529677,0.7817460317460317,0.21707680913031116,-0.021376812182068966,0.2777777777777778
2020-09-29,11222.400390625,19.770000457763672,21411.052734375,19831.80078125,11709.5,7925.2001953125,-1456.66,576.5,1.0053,-2033.16,0.20634920634920634,0.10916816310614533,0.5238095238095238,0.21447898937235318,-0.016778984794716456,0.2896825396825397
2020-09-30,11247.5498046875,19.530000686645508,21451.55078125,19951.349609375,11772.849609375,7908.10009765625,-712.48,409.47,1.0758,-1121.95,0.3055555555555556,0.5533924608147914,0.6984126984126984,0.2002967832321731,-0.00499677636571802,0.3253968253968254
2020-10-01,11416.9501953125,18.350000381469727,22245.7421875,20110.400390625,11822.900390625,7966.10009765625,578.28,-251.74,1.1364,830.02,0.6984126984126984,0.9456352460745262,0.7936507936507936,0.20609314504680648,-0.022593141232109204,0.27380952380952384
2020-10-06,11662.400390625,19.639999389648438,22853.43359375,20896.75,12009.4501953125,8058.10009765625,-919.26,500.7,1.1474,-1419.96,0.2619047619047619,1.0027562918190487,0.8174603174603174,0.21925254798744565,-0.022852554090961263,0.27380952380952384
2020-10-07,11738.849609375,20.059999465942383,22964.533203125,21017.400390625,11915.0,8170.0498046875,-1031.0,-431.21,1.1423,-599.79,0.42857142857142855,0.9230300298028314,0.7857142857142857,0.21001279748183127,-0.009412802822407446,0.31746031746031744
2020-10-08,11834.599609375,20.3799991607666,23191.080078125,21697.25,12209.2001953125,8183.7001953125,302.88,-504.92,1.0919,807.8,0.6865079365079365,0.590122996074578,0.6865079365079365,0.2112276387462507,-0.007427647138584681,0.32936507936507936
2020-10-09,11914.2001953125,20.3799991607666,23846.5234375,21837.650390625,12043.9501953125,8163.5,838.37,-317.3,1.1873,1155.67,0.746031746031746,1.1863637013595163,0.8611111111111112,0.20913127146309957,-0.005331279855433552,0.3412698412698413
2020-10-12,11930.9501953125,21.1299991607666,23712.525390625,22202.099609375,12154.5498046875,8102.5,2259.98,-2275.22,1.0047,4535.2,0.9642857142857143,0.07579287624323065,0.4880952380952381,0.2040112867374973,0.007288704870168722,0.38492063492063494
2020-10-13,11934.5,20.719999313354492,23491.92578125,22492.599609375,11937.099609375,8052.85009765625,832.14,-1674.46,0.9675,2506.6,0.9047619047619048,-0.09982163422975951,0.45634920634920634,0.20409308822036548,0.0031069049131794424,0.35714285714285715
2020-10-14,11971.0498046875,20.209999084472656,23874.373046875,22204.05078125,11857.25,8031.0498046875,821.86,-1276.14,1.0121,2098.0,0.8650793650793651,0.2858124423420762,0.5476190476190477,0.2035274597625323,-0.0014274689178057354,0.3531746031746032
2020-10-15,11680.349609375,22.059999465942383,23072.1328125,21567.30078125,11637.900390625,7935.35009765625,-604.07,-808.29,0.9214,204.2199999999999,0.5357142857142857,-0.33220601504125896,0.36507936507936506,0.22362391291700076,-0.0030239182575769463,0.3492063492063492
2020-10-16,11762.4501953125,21.649999618530273,23532.9765625,21538.150390625,11814.099609375,7959.4501953125,-479.59,-429.81,0.9444,-49.77999999999997,0.5119047619047619,-0.15770273591739867,0.42857142857142855,0.22356619814807555,-0.0070662019627728,0.3333333333333333
2020-10-19,11873.0498046875,21.81999969482422,24266.46875,21391.900390625,11616.650390625,7870.35009765625,1656.78,-1621.73,1.0263,3278.51,0.9404761904761905,0.506977220305597,0.6587301587301587,0.22331660705243933,-0.005116610104197145,0.3492063492063492
2020-10-20,11896.7998046875,22.690000534057617,24311.517578125,21694.349609375,11644.400390625,7896.7001953125,1585.07,-1633.23,1.0771,3218.3,0.9285714285714286,0.8892915876913002,0.7698412698412699,0.22312523252875946,0.0037747728118167068,0.38095238095238093
2020-10-21,11937.650390625,22.920000076293945,24634.763671875,21577.650390625,11645.7001953125,7878.0498046875,2108.48,-1633.53,1.0943,3742.01,0.9603174603174603,0.9659235166347268,0.8015873015873016,0.20426145181452696,0.024938548948412492,0.5238095238095238
2020-10-22,11896.4501953125,22.639999389648438,24483.865234375,21413.5,11545.2998046875,7864.14990234375,1118.46,-2019.87,1.0165,3138.33,0.9206349206349206,0.28871643593053686,0.5436507936507936,0.20115336541637163,0.02524662848011275,0.5238095238095238
2020-10-23,11930.349609375,21.829999923706055,24478.015625,21523.599609375,11503.0498046875,8094.60009765625,906.93,-891.86,0.983,1798.79,0.8095238095238095,-0.03626115043779204,0.4603174603174603,0.2002333063759439,0.018066692861116673,0.4722222222222222
2020-10-26,11767.75,22.829999923706055,24075.169921875,21265.69921875,11334.2001953125,7833.64990234375,-119.42,-979.16,0.8541,859.74,0.6706349206349206,-1.0919225592027348,0.1626984126984127,0.17090627531892458,0.057393723918135964,0.7063492063492064
2020-10-27,11889.400390625,22.200000762939453,24769.212890625,21023.400390625,11511.5,7930.64990234375,3514.89,-1570.8,1.1147,5085.69,0.9682539682539683,1.0416005247046158,0.8412698412698413,0.15885110916237133,0.0631488984670232,0.7698412698412699
2020-10-28,11729.599609375,23.280000686645508,24232.21875,20810.30078125,11325.099609375,7922.75,-1130.98,1.48,0.9385,-1132.46,0.2777777777777778,-0.4481741788708274,0.3253968253968254,0.1630508701348683,0.06974913673158678,0.7817460317460317
2020-10-29,11670.7998046875,24.020000457763672,24091.720703125,20876.94921875,11226.0,7846.75,-420.95,-253.41,1.196,-167.54,0.45634920634920634,1.582022048953871,0.9365079365079365,0.16482992725687085,0.07537007732076587,0.8214285714285714
2020-10-30,11642.400390625,24.75,23900.623046875,20916.849609375,11243.75,7758.39990234375,-870.88,631.11,1.0586,-1501.99,0.2261904761904762,0.4522608299390316,0.6190476190476191,0.16555843608756438,0.08194156391243562,0.8690476190476191
2020-11-02,11669.150390625,25.209999084472656,24892.2109375,20732.30078125,11175.2998046875,7732.25,-209.39,344.63,1.1849,-554.02,0.3968253968253968,1.3630238527876908,0.8968253968253969,0.15807739580073457,0.09402259504399199,0.9603174603174603
2020-11-03,11813.5,24.239999771118164,25682.501953125,20736.0,11361.0,7848.85009765625,-3515.38,2835.46,1.2693,-6350.84,0.047619047619047616,1.8508204318631398,0.9642857142857143,0.14559858557348038,0.09680141213770127,0.9603174603174603
2020-11-05,12120.2998046875,20.969999313354492,26312.79296875,21385.650390625,11704.9501953125,7995.5,534.87,-821.6,1.2412,1356.47,0.75,1.5740019979227577,0.9365079365079365,0.1696554939099686,0.040044499223576335,0.5753968253968254
2020-11-06,12263.5498046875,20.5,26798.638671875,21492.30078125,11623.349609375,8006.10009765625,-805.14,-874.35,1.3453,69.21000000000004,0.5,2.2502107893641408,0.9761904761904762,0.17197748967350898,0.033022510326491006,0.5436507936507936
2020-11-09,12461.0498046875,20.110000610351562,27533.779296875,21820.150390625,11674.349609375,8067.64990234375,1175.81,-724.31,1.333,1900.12,0.8134920634920635,2.035633599074074,0.9682539682539683,0.17852357962440896,0.02257642647910668,0.4642857142857143
2020-11-11,12749.150390625,22.030000686645508,28844.6640625,21330.5,11570.349609375,8255.2001953125,6207.19,-3463.86,1.297,9671.05,1.0,1.628788911012824,0.9404761904761905,0.19285132415227155,0.02744868271418352,0.503968253968254
2020-11-12,12690.7998046875,20.6200008392334,28278.47265625,21363.349609375,11600.7998046875,8284.0498046875,4195.43,-2359.0,1.1067,6554.43,0.9722222222222222,0.08268008243236123,0.4801587301587302,0.1946367662133184,0.011563242179015581,0.3968253968253968
2020-11-13,12719.9501953125,19.700000762939453,28465.369140625,21436.849609375,11726.4501953125,8308.900390625,1935.92,-2462.42,1.1311,4398.34,0.9484126984126984,0.27618364703449244,0.5317460317460317,0.1946563806886162,0.0023436269407783317,0.3373015873015873
2020-11-17,12874.2001953125,19.799999237060547,29180.9609375,21488.55078125,11690.7998046875,8425.5498046875,4905.35,-3829.16,1.2089,8734.51,0.9920634920634921,0.8453858762876177,0.75,0.16722424877811573,0.030775743592489746,0.5317460317460317
2020-11-18,12938.25,19.1200008392334,29749.50390625,21314.849609375,11612.9501953125,8686.599609375,3071.93,-2789.85,1.2706,5861.78,0.9642857142857143,1.2530683931572513,0.873015873015873,0.16703489220442794,0.02416511618790604,0.4642857142857143
2020-11-19,12771.7001953125,19.56999969482422,28902.71484375,21114.44921875,11566.599609375,8628.2998046875,1180.61,-2854.94,1.0389,4035.55,0.9365079365079365,-0.5280728732285309,0.3055555555555556,0.17735559192435557,0.018344405023886623,0.42063492063492064
2020-11-20,12859.0498046875,19.6200008392334,29235.66015625,21409.25,11526.75,8684.75,3860.78,-2868.66,1.1225,6729.4400000000005,0.9682539682539683,0.12842541368604624,0.503968253968254,0.17758555511222437,0.018614453280109605,0.42063492063492064
2020-11-23,12926.4501953125,20.799999237060547,29023.861328125,22007.05078125,11737.2001953125,8738.599609375,4738.44,-2944.05,1.078,7682.49,0.9841269841269841,-0.20145963583177645,0.3968253968253968,0.17763849985871483,0.03036149251189063,0.5198412698412699
2020-11-24,13055.150390625,21.059999465942383,29736.904296875,22064.30078125,11880.7998046875,8887.9501953125,4563.18,-2522.11,1.2897,7085.290000000001,0.9682539682539683,1.3504277152496238,0.8928571428571429,0.17654942243494878,0.03405057222447505,0.5515873015873016
2020-11-25,12858.400390625,23.1299991607666,29196.060546875,21705.900390625,11635.2001953125,8738.4501953125,24.2,-1840.33,0.9885,1864.53,0.7738095238095238,-0.8624280216681919,0.21428571428571427,0.19007323441475696,0.04122675719290905,0.5793650793650794
2020-11-26,12987.0,20.020000457763672,29549.40625,21859.900390625,11801.25,8767.75,2027.31,-3400.1,1.1225,5427.41,0.9444444444444444,0.11134984917588765,0.49206349206349204,0.1794986998245028,0.02070130475313392,0.4246031746031746
2020-11-27,12968.9501953125,19.81999969482422,29608.70703125,21764.900390625,11839.150390625,8891.599609375,7712.98,-4968.9,1.0301,12681.88,1.0,-0.610425185134977,0.2777777777777778,0.17966301342448843,0.01853698352375377,0.4007936507936508
2020-12-02,13113.75,19.90999984741211,29462.80859375,22319.0,12088.599609375,9093.7001953125,48.81,339.19,1.0322,-290.38,0.3968253968253968,-0.6016331555621734,0.2857142857142857,0.16805698443437148,0.031043014039749628,0.5277777777777778
2020-12-03,13133.900390625,19.0,29448.408203125,22202.19921875,12206.9501953125,9245.2998046875,-3475.29,3918.24,1.1419,-7393.53,0.03571428571428571,0.19193869723552096,0.5198412698412699,0.16413480745843015,0.025865192541569854,0.4642857142857143
2020-12-08,13392.9501953125,18.6200008392334,30261.548828125,22617.400390625,12407.2998046875,9297.849609375,351.15,-939.67,1.1878,1290.82,0.6984126984126984,0.5090693974651271,0.6587301587301587,0.16780940014185,0.01839060825048397,0.3888888888888889
2020-12-10,13478.2998046875,18.709999084472656,30509.994140625,22755.75,12440.599609375,9200.849609375,615.17,-1028.77,1.101,1643.94,0.746031746031746,-0.22868089066286781,0.3888888888888889,0.16691503250154455,0.020184958343182013,0.4126984126984127
2020-12-11,13513.849609375,18.790000915527344,30604.494140625,22664.0,12366.0,9188.9501953125,1514.12,-2239.43,1.0586,3753.5499999999997,0.9126984126984127,-0.5750692718826005,0.2976190476190476,0.166531491617448,0.021368517537825427,0.4166666666666667
2020-12-14,13558.150390625,19.399999618530273,30745.54296875,22746.69921875,12459.900390625,9093.099609375,2264.38,-1721.11,1.0463,3985.49,0.9126984126984127,-0.6596695751329632,0.2619047619047619,0.15104171718610468,0.042958278999198046,0.5833333333333334
2020-12-15,13567.849609375,19.350000381469727,30690.693359375,22715.099609375,12432.599609375,9149.75,2484.09,-2666.79,1.0435,5150.88,0.9325396825396826,-0.6944695675033934,0.25,0.15016421913329256,0.0433357846814047,0.5873015873015873
2020-12-16,13682.7001953125,19.200000762939453,30698.04296875,22906.25,12547.5,9239.099609375,1981.77,-1718.45,1.0882,3700.2200000000003,0.8928571428571429,-0.3609876271029745,0.3492063492063492,0.14519048733887535,0.046809520290519185,0.6071428571428571
2020-12-17,13740.7001953125,19.15999984741211,30846.69140625,22892.25,12602.400390625,9185.2001953125,2355.25,-2494.36,1.1883,4849.610000000001,0.9206349206349206,0.439850505350194,0.6071428571428571,0.12833113420342637,0.06326886427069472,0.75
2020-12-18,13760.5498046875,18.6200008392334,30714.29296875,23256.599609375,12762.349609375,9168.650390625,2720.95,-2424.61,1.0827,5145.5599999999995,0.9285714285714286,-0.5465133019522259,0.30952380952380953,0.12487673896063364,0.06132326943170033,0.7182539682539683
2020-12-21,13328.400390625,23.190000534057617,29456.107421875,22844.599609375,12278.150390625,8745.0,-323.55,486.12,0.8067,-809.6700000000001,0.30952380952380953,-2.817216102381658,0.003968253968253968,0.17867255430244663,0.053227451038129536,0.626984126984127
2020-12-22,13466.2998046875,21.989999771118164,29625.60546875,23611.599609375,12550.9501953125,8818.599609375,1153.0,-661.51,0.9188,1814.51,0.746031746031746,-1.6944361183513348,0.051587301587301584,0.17750809347104027,0.04239190424014136,0.5595238095238095
2020-12-23,13601.099609375,20.5,29882.953125,24167.75,12753.25,8935.9501953125,536.13,-1326.92,1.0557,1863.0500000000002,0.746031746031746,-0.5797199843546508,0.30952380952380953,0.17939812424594664,0.025601875754053344,0.44047619047619047
2020-12-24,13749.25,19.969999313354492,30401.845703125,24009.25,12908.9501953125,8978.0498046875,1225.69,-1897.92,1.1213,3123.61,0.8492063492063492,-0.029197441153100846,0.4801587301587302,0.17193649979459338,0.027763493338951534,0.4642857142857143
2020-12-28,13873.2001953125,20.43000030517578,30880.58984375,24100.30078125,12874.349609375,9066.849609375,1588.93,-1386.55,1.1741,2975.48,0.8373015873015873,0.4372470445545021,0.626984126984127,0.17262678258222905,0.03167322046952875,0.5119047619047619
2020-12-29,13932.599609375,20.790000915527344,31322.13671875,24274.05078125,12843.900390625,9043.900390625,2349.53,-2010.5,1.167,4360.030000000001,0.9087301587301587,0.4047142799085572,0.623015873015873,0.17255495000672427,0.03534505914854916,0.5277777777777778
2020-12-30,13981.9501953125,21.110000610351562,31302.6875,24330.05078125,12823.900390625,9164.7998046875,1824.52,-587.43,1.175,2411.95,0.8055555555555556,0.5553209825011941,0.7063492063492064,0.17101380029382904,0.04008620580968658,0.5476190476190477
2020-12-31,13981.75,21.100000381469727,31263.6875,24251.349609375,12915.900390625,9193.5,1135.59,-257.64,1.127,1393.23,0.6785714285714286,0.19785700505772963,0.5515873015873016,0.15701790124130585,0.05398210257339142,0.6349206349206349
2021-01-04,14132.900390625,20.030000686645508,31212.0859375,25110.05078125,13149.7998046875,9417.9501953125,149.41,-296.84,1.0059,446.25,0.5079365079365079,-0.9323193724022869,0.20634920634920634,0.15743306927582512,0.042866937590629955,0.5674603174603174
2021-01-06,14146.25,21.0,31797.53125,25419.150390625,13118.099609375,9379.5498046875,-449.86,230.49,1.0109,-680.35,0.31746031746031744,-0.8379090500183999,0.23015873015873015,0.15654348636505583,0.053456513634944164,0.6349206349206349
2021-01-07,14137.349609375,20.6200008392334,31955.62890625,25251.19921875,13060.75,9429.650390625,-1245.29,880.6,1.0366,-2125.89,0.17857142857142858,-0.5447581675965509,0.32936507936507936,0.1553603972175635,0.05083961117477048,0.623015873015873
2021-01-11,14484.75,22.3799991607666,31998.529296875,27027.75,13412.349609375,9995.599609375,-202.13,116.01,1.117,-318.14,0.373015873015873,0.30392125127723657,0.5912698412698413,0.17120790334090497,0.05259208826676104,0.6309523809523809
2021-01-12,14563.4501953125,22.850000381469727,32338.625,26982.099609375,13244.7001953125,10119.849609375,-2765.84,3467.02,1.1413,-6232.860000000001,0.05555555555555555,0.6370810061816241,0.7420634920634921,0.16230298359163475,0.06619702022306251,0.753968253968254
2021-01-13,14564.849609375,23.290000915527344,32574.271484375,27004.30078125,13122.5498046875,10208.5498046875,1879.06,-2370.17,1.0497,4249.23,0.9087301587301587,-0.3730978119451482,0.373015873015873,0.16271587718695096,0.07018413196832246,0.7698412698412699
2021-01-14,14595.599609375,23.030000686645508,32519.37109375,26965.55078125,13232.5498046875,10238.2998046875,1076.62,-188.1,1.0382,1264.7199999999998,0.6507936507936508,-0.46835527198226595,0.34523809523809523,0.1627797126613346,0.06752029420512048,0.75
2021-01-15,14433.7001953125,24.010000228881836,32246.42578125,26362.80078125,13014.25,10178.2998046875,971.06,-942.07,0.8699,1913.13,0.7420634920634921,-2.064354868627387,0.027777777777777776,0.1712915999848181,0.06880840230400026,0.753968253968254
2021-01-18,14281.2998046875,24.399999618530273,31811.380859375,25916.25,12653.5,9961.099609375,650.6,-42.51,0.8038,693.11,0.5515873015873016,-2.4893778758854186,0.007936507936507936,0.17799907834577092,0.06600091783953183,0.7380952380952381
2021-01-19,14521.150390625,22.899999618530273,32424.47265625,26043.5,12866.0498046875,10136.7998046875,257.55,-199.3,0.9504,456.85,0.5079365079365079,-1.028168329365402,0.19444444444444445,0.18389250878313476,0.04510748740216797,0.5952380952380952
2021-01-20,14644.7001953125,21.549999237060547,32543.3203125,26619.69921875,12881.2001953125,10369.25,2289.05,-864.62,0.9797,3153.67,0.8531746031746031,-0.6968918854597248,0.27380952380952384,0.18489075289843634,0.03060923947216912,0.49206349206349204
2021-01-21,14590.349609375,22.18000030517578,32186.525390625,26450.150390625,12697.150390625,10367.75,1614.66,-1039.48,0.9713,2654.1400000000003,0.8174603174603174,-0.7521499816586019,0.25793650793650796,0.18643726045452808,0.03536274259722974,0.5357142857142857
2021-01-25,14238.900390625,23.25,31198.037109375,26023.30078125,12756.75,10433.5,-765.3,-387.76,0.7655,-377.53999999999996,0.3611111111111111,-2.3645600424167004,0.015873015873015872,0.16887236376638237,0.06362763623361764,0.7341269841269841
2021-01-27,13967.5,24.389999389648438,30284.19921875,25865.30078125,12495.900390625,10210.25,-1688.22,-3.38,0.6829,-1684.84,0.21428571428571427,-2.5988994510280987,0.007936507936507936,0.18448543127045572,0.05941456262602865,0.6944444444444444
2021-01-28,13817.5498046875,24.290000915527344,30357.947265625,25301.25,12395.9501953125,10105.599609375,-3712.51,1736.92,0.9838,-5449.43,0.07936507936507936,-0.2718701618787514,0.4365079365079365,0.1870414618120806,0.055858547343192844,0.6706349206349206
2021-01-29,13634.599609375,25.34000015258789,30565.14453125,24645.75,12170.25,9813.150390625,-5930.66,2443.2,0.836,-8373.86,0.023809523809523808,-1.3211906339999677,0.1349206349206349,0.18948080046619395,0.06391920105968493,0.7341269841269841
2021-02-02,14647.849609375,23.350000381469727,34267.5,25447.80078125,12361.5498046875,10638.599609375,6181.56,-2035.2,1.2112,8216.76,0.9880952380952381,1.4386209143782143,0.9285714285714286,0.3179233986858946,-0.08442339487119732,0.0992063492063492
2021-02-03,14789.9501953125,23.75,34758.046875,25680.900390625,12706.650390625,10749.150390625,2223.16,-854.04,1.2501,3077.2,0.8373015873015873,1.5974819302125567,0.9523809523809523,0.3188453313798544,-0.08134533137985439,0.10317460317460317
2021-02-08,15115.7998046875,23.959999084472656,35983.23046875,25915.599609375,12971.0,11061.150390625,-1539.88,1505.82,1.0649,-3045.7,0.13095238095238096,0.29653326355098003,0.6031746031746031,0.3257735730629077,-0.08617358221818117,0.0992063492063492
2021-02-09,15109.2998046875,24.270000457763672,36056.08203125,25779.150390625,12812.7998046875,10907.599609375,348.52,381.7,1.0242,-33.18000000000001,0.4365079365079365,0.02714425938480399,0.5158730158730159,0.3258431474569707,-0.08314314287933397,0.10714285714285714
2021-02-11,15173.2998046875,23.049999237060547,35751.6875,26043.44921875,12929.7998046875,10965.25,244.87,-6.0,1.0021,250.87,0.47619047619047616,-0.08648901869595313,0.49206349206349204,0.32483888784772863,-0.09433889547712315,0.09126984126984126
2021-02-12,15163.2998046875,22.040000915527344,36108.48046875,26093.80078125,12785.75,10912.25,-909.71,1372.65,0.9776,-2282.36,0.18253968253968253,-0.23832299366627632,0.4444444444444444,0.3250593756328725,-0.10465936647759908,0.0873015873015873
2021-02-16,15313.4501953125,21.780000686645508,37097.96875,25613.94921875,12804.150390625,10944.900390625,1144.09,-1559.53,0.955,2703.62,0.8214285714285714,-0.4533814192156923,0.36904761904761907,0.32543494996172745,-0.10763494309527238,0.0873015873015873
2021-02-18,15118.9501953125,21.540000915527344,36586.57421875,25618.55078125,12517.5,10827.0,903.07,-1217.34,0.8945,2120.41,0.7738095238095238,-0.8956727501728763,0.2261904761904762,0.321365298124913,-0.10596528896963955,0.09126984126984126
2021-02-19,14981.75,22.25,35841.18359375,25503.19921875,12347.400390625,10540.349609375,118.75,-1174.98,0.8344,1293.73,0.6547619047619048,-1.2538042120924715,0.15079365079365079,0.32353431520272036,-0.10103431520272035,0.0992063492063492
2021-02-22,14675.7001953125,25.469999313354492,35256.7890625,24766.44921875,12032.2998046875,10300.0,-893.25,-919.88,0.751,26.629999999999995,0.44841269841269843,-1.6963646193108444,0.06746031746031746,0.3328934815756344,-0.07819348844208951,0.14285714285714285
2021-02-23,14707.7998046875,25.229999542236328,35116.54296875,24807.80078125,12029.5,10379.5498046875,-1569.04,216.67,0.7978,-1785.71,0.23015873015873015,-1.281590094135104,0.15079365079365079,0.3328988184240002,-0.08059882300163695,0.1349206349206349
2021-02-24,14982.0,24.170000076293945,36451.87890625,24779.400390625,12035.849609375,10405.5,28739.17,230.44,1.0587,28508.73,1.0,0.5675346028999574,0.75,0.3358777158127644,-0.09417771504982492,0.1111111111111111
2021-02-25,15097.349609375,22.889999389648438,36548.57421875,24872.44921875,12141.7001953125,10497.9501953125,188.08,-746.57,0.9927,934.6500000000001,0.5992063492063492,0.14659000615464643,0.5793650793650794,0.3331272332589261,-0.10422723936244174,0.0992063492063492
2021-02-26,14529.150390625,28.139999389648438,34803.1953125,24301.44921875,11927.900390625,10169.900390625,-8295.17,1499.7,0.7337,-9794.87,0.011904761904761904,-1.6226900750212956,0.09126984126984126,0.3589720625128054,-0.07757206861632099,0.15873015873015872
2021-03-02,14919.099609375,23.610000610351562,35419.2890625,25301.849609375,12257.2998046875,10744.0498046875,2520.92,-399.74,0.8816,2920.66,0.8293650793650794,-0.5293597602958973,0.373015873015873,0.37011386072797225,-0.13401385462445664,0.08333333333333333
2021-03-03,15245.599609375,22.09000015258789,36367.62890625,25772.650390625,12379.599609375,10673.099609375,2088.7,392.91,1.1057,1695.7899999999997,0.6984126984126984,1.0348147610434077,0.8611111111111112,0.3767832122090967,-0.1558832106832178,0.07936507936507936
2021-03-05,14938.099609375,25.559999465942383,35227.73828125,25229.599609375,12192.75,10524.400390625,-2289.46,552.92,0.8187,-2842.38,0.15079365079365079,-0.9251393243388086,0.23015873015873015,0.37328668758173583,-0.11768669292231199,0.09523809523809523
2021-03-08,14956.2001953125,24.68000030517578,35275.33984375,25347.94921875,12239.849609375,10507.349609375,2116.6,-298.54,0.8022,2415.14,0.7936507936507936,-0.9739061107013393,0.2222222222222222,0.36451659807150466,-0.11771659501974685,0.09523809523809523
2021-03-09,15098.400390625,22.5,35865.23046875,25582.349609375,12133.849609375,10464.25,768.58,668.6,0.8672,99.98000000000002,0.44841269841269843,-0.46859252169597915,0.38492063492063494,0.36111661455439503,-0.13611661455439503,0.0873015873015873
2021-03-12,15030.9501953125,21.709999084472656,35496.234375,25888.25,12184.25,10383.900390625,-3356.17,1648.79,0.7641,-5004.96,0.09126984126984126,-1.1354316278916718,0.16666666666666666,0.35668206542300257,-0.139582074578276,0.0873015873015873
2021-03-15,14929.5,21.229999542236328,35182.140625,26032.05078125,12024.5,10335.099609375,-1101.35,-749.71,0.7339,-351.6399999999999,0.376984126984127,-1.2583557683136308,0.14682539682539683,0.2564024101925852,-0.04410241477022192,0.23015873015873015
2021-03-16,14910.4501953125,20.190000534057617,34804.1953125,26363.849609375,12013.0,10350.7998046875,1692.31,-1168.59,0.7,2860.8999999999996,0.8253968253968254,-1.407476373644893,0.1111111111111111,0.25441007444768743,-0.05251006910711126,0.21428571428571427
2021-03-17,14721.2998046875,20.15999984741211,34228.8515625,26183.5,11787.5,10159.099609375,2625.82,-562.15,0.6541,3187.9700000000003,0.8531746031746031,-1.6196999373369059,0.09126984126984126,0.24529016859366784,-0.043690170119546734,0.23809523809523808
2021-03-18,14557.849609375,20.079999923706055,33856.40625,25373.349609375,11514.4501953125,10143.9501953125,1258.47,-1116.17,0.7775,2374.6400000000003,0.7777777777777778,-0.767314118456033,0.2857142857142857,0.24772007643336716,-0.046920077196306614,0.2261904761904762
2021-03-19,14744.0,19.989999771118164,34161.203125,25562.75,11667.099609375,10186.5,1418.43,559.62,0.8684,858.8100000000001,0.5833333333333334,-0.15408189493277522,0.5079365079365079,0.25226952645841055,-0.052369528747228916,0.21825396825396826
2021-03-22,14736.400390625,20.489999771118164,33603.05859375,26035.349609375,11850.75,10140.4501953125,-786.98,542.7,0.8119,-1329.68,0.27380952380952384,-0.4881515592193664,0.38492063492063494,0.2522759031461535,-0.04737590543497186,0.23015873015873015
2021-03-23,14814.75,20.670000076293945,34184.0,26105.69921875,11907.2001953125,10187.650390625,-108.24,-529.69,0.9357,421.45000000000005,0.503968253968254,0.28540770473999705,0.626984126984127,0.25008442505743556,-0.0433844242944961,0.25396825396825395
2021-03-24,14549.400390625,22.459999084472656,33292.86328125,25802.94921875,11916.2998046875,9925.25,-1951.9,612.8,0.768,-2564.7,0.1746031746031746,-0.8569048697976043,0.25793650793650796,0.2538830992216205,-0.029283108376893935,0.29365079365079366
2021-03-25,14324.900390625,22.700000762939453,33006.06640625,25237.099609375,11816.7998046875,9651.349609375,-3383.6,2267.69,0.9623,-5651.29,0.07936507936507936,0.4578232868840693,0.7023809523809523,0.25730626500579273,-0.030306257376398194,0.29365079365079366
2021-03-26,14507.2998046875,20.649999618530273,33317.8125,25385.099609375,11883.2001953125,9771.5,-50.13,1703.14,0.9634,-1753.2700000000002,0.24603174603174602,0.4363048750628644,0.6746031746031746,0.2528326985430647,-0.04633270235776199,0.23809523809523808
2021-03-30,14845.099609375,20.489999771118164,33874.70703125,26121.099609375,12206.599609375,9865.0,769.47,2181.01,1.087,-1411.5400000000002,0.27380952380952384,1.3675141882883552,0.9206349206349206,0.26630667616458675,-0.06140667845340511,0.20634920634920634
2021-03-31,14690.7001953125,20.649999618530273,33303.51171875,25855.0,12272.599609375,9862.4501953125,-1685.91,2081.52,0.914,-3767.4300000000003,0.13095238095238096,0.2471654028377344,0.6031746031746031,0.26008707100657646,-0.05358707482127373,0.21825396825396826
2021-04-01,14867.349609375,19.989999771118164,33857.60546875,25980.400390625,12377.099609375,10022.599609375,1843.22,-715.21,1.0038,2558.4300000000003,0.7936507936507936,1.0105480548599521,0.8373015873015873,0.2624106999975385,-0.06251070228635688,0.20634920634920634
2021-04-05,14637.7998046875,21.219999313354492,32678.470703125,26491.400390625,12331.5,9768.0498046875,-1772.37,987.34,0.7976,-2759.71,0.1626984126984127,-0.6406042555033936,0.3134920634920635,0.2295023505386979,-0.017302357405152985,0.3373015873015873
2021-04-06,14683.5,20.84000015258789,32500.97265625,26532.19921875,12548.599609375,9781.349609375,1499.37,-1175.01,0.8264,2674.38,0.8055555555555556,-0.3559946159901993,0.4166666666666667,0.2082433789217813,0.00015662260409760043,0.3968253968253968
2021-04-08,14873.7998046875,20.309999465942383,32782.46875,27148.400390625,12611.7001953125,9959.349609375,2828.57,-411.36,0.9549,3239.9300000000003,0.8690476190476191,0.7553953161487662,0.7817460317460317,0.19776834817194658,0.0053316464874772485,0.4166666666666667
2021-04-13,14504.7998046875,20.459999084472656,31771.23046875,25851.30078125,12807.5,9818.2998046875,-730.81,243.8,0.9236,-974.6099999999999,0.2976190476190476,0.49770363419655445,0.7103174603174603,0.2044645122925138,0.00013547855221276994,0.3888888888888889
2021-04-15,14581.4501953125,20.889999389648438,32112.4765625,26010.849609375,12987.0498046875,9691.4501953125,979.7,-526.63,0.9408,1506.33,0.6547619047619048,0.6295491266967569,0.753968253968254,0.2056751883152587,0.003224805581225676,0.4007936507936508
2021-04-16,14617.849609375,20.399999618530273,31977.078125,26324.900390625,13234.25,9808.9501953125,437.51,657.55,0.9529,-220.03999999999996,0.4007936507936508,0.6947120326651847,0.7738095238095238,0.20231232943623012,0.0016876667490726138,0.3888888888888889
2021-04-19,14359.4501953125,22.489999771118164,31208.037109375,26236.900390625,13256.25,9532.150390625,-1633.7,2355.56,0.9153,-3989.26,0.11904761904761904,0.33210113816305276,0.6349206349206349,0.21021869027514042,0.014681307436041208,0.44047619047619047
2021-04-20,14296.400390625,22.43000030517578,31112.337890625,25877.599609375,13426.900390625,9630.7001953125,-1082.33,1323.01,0.8322,-2405.34,0.19444444444444445,-0.4031702034926403,0.3968253968253968,0.2097152082040307,0.014584794847727123,0.4365079365079365
2021-04-22,14406.150390625,23.030000686645508,31782.23046875,25826.69921875,13378.9501953125,9644.5498046875,-909.56,849.98,0.9411,-1759.54,0.24603174603174602,0.6077891346807709,0.746031746031746,0.21259019452950617,0.017709812336948905,0.44047619047619047
2021-04-23,14341.349609375,22.690000534057617,31721.931640625,25609.099609375,13319.75,9596.9501953125,-1360.76,1695.59,0.9419,-3056.35,0.14285714285714285,0.6392639764840535,0.7658730158730159,0.20888751253442864,0.01801249280614753,0.44047619047619047
2021-04-26,14485.0,23.5,32274.775390625,25680.30078125,13203.849609375,9641.4501953125,-1111.89,1022.57,1.0281,-2134.46,0.21825396825396826,1.3406859802630888,0.8968253968253969,0.20912880213941953,0.025871197860580453,0.5119047619047619
2021-04-27,14653.0498046875,23.079999923706055,32734.96875,25815.75,13296.75,9708.2001953125,-1454.75,1463.44,1.1366,-2918.19,0.16666666666666666,2.0796079984574525,0.9841269841269841,0.2082058157396659,0.022594183497394643,0.48412698412698413
2021-04-28,14864.5498046875,22.579999923706055,33722.41015625,25962.099609375,13252.9501953125,9871.5,766.02,436.2,1.2534,329.82,0.49206349206349204,2.752896192978891,1.0,0.21458248568487598,0.01121751355218456,0.4087301587301587
2021-04-29,14894.900390625,23.309999465942383,33714.109375,25874.30078125,13298.650390625,9773.7001953125,809.37,-942.35,1.1501,1751.72,0.6984126984126984,1.7752246985778557,0.9603174603174603,0.21391189683954906,0.019188097819874766,0.4603174603174603
2021-04-30,14631.099609375,23.030000686645508,32781.41796875,25664.44921875,13469.25,9640.849609375,-3465.07,1419.31,0.8845,-4884.38,0.09126984126984126,-0.18574274939110852,0.4603174603174603,0.21368098274575242,0.016619024120702652,0.42063492063492064
2021-05-03,14634.150390625,23.690000534057617,32465.373046875,25676.05078125,13507.4501953125,9662.9501953125,-2014.16,-1191.19,0.8846,-822.97,0.3253968253968254,-0.18949290239291744,0.4603174603174603,0.20535614882103825,0.03154385651953792,0.5396825396825397
2021-05-04,14496.5,23.010000228881836,32269.974609375,25489.0,13234.75,9577.7001953125,-931.66,75.48,0.7977,-1007.14,0.30158730158730157,-0.8462165436706873,0.21825396825396826,0.2038003970195864,0.026299605269231946,0.5079365079365079
2021-05-07,14823.150390625,20.81999969482422,32904.1171875,26269.44921875,13747.099609375,9819.4501953125,-338.43,645.59,0.9714,-984.02,0.3055555555555556,0.39926500679732835,0.6309523809523809,0.20271149492818225,0.005488502020059932,0.376984126984127
2021-05-10,14942.349609375,20.229999542236328,33142.01171875,26273.44921875,14131.849609375,9973.0498046875,-1915.08,1868.23,0.9851,-3783.31,0.11507936507936507,0.4532946564813297,0.6626984126984127,0.20075631837602276,0.0015436770463405358,0.3492063492063492
2021-05-14,14677.7998046875,20.270000457763672,32169.177734375,25588.19921875,13885.5,9810.4501953125,-2607.85,613.26,0.7886,-3221.1099999999997,0.13095238095238096,-1.2464563934208364,0.1349206349206349,0.2066943363779452,-0.003994331800308504,0.3253968253968254
2021-05-17,14923.150390625,19.610000610351562,33458.859375,25703.55078125,13858.7001953125,10001.7001953125,-2255.84,1948.48,1.0542,-4204.32,0.0873015873015873,0.9774783173623695,0.8174603174603174,0.20740821682498675,-0.011308210721471118,0.30158730158730157
2021-05-18,15108.099609375,19.239999771118164,33922.00390625,25958.25,13832.400390625,10324.0,618.49,449.52,1.0268,168.97000000000003,0.4722222222222222,0.69074962137605,0.753968253968254,0.2112103249256284,-0.01881032721444678,0.2896825396825397
2021-05-19,15030.150390625,19.31999969482422,33684.80859375,25982.80078125,14001.349609375,10249.099609375,-697.75,-852.52,0.9151,154.76999999999998,0.4722222222222222,-0.32361696946278806,0.40476190476190477,0.20792275141501992,-0.014722754466777732,0.3055555555555556
2021-05-21,15175.2998046875,19.079999923706055,34606.49609375,26105.30078125,13993.7001953125,10312.400390625,510.16,649.1,0.956,-138.94,0.43253968253968256,0.03660935164540312,0.5119047619047619,0.18656077434640994,0.004239224890650595,0.3888888888888889
2021-05-24,15197.7001953125,19.1299991607666,34943.1953125,26144.19921875,14034.650390625,10315.75,585.36,-707.69,0.9189,1293.0500000000002,0.6468253968253969,-0.3577849891510297,0.38492063492063494,0.18623446922878292,0.0050655223788830805,0.3968253968253968
2021-05-26,15301.4501953125,20.8700008392334,34683.796875,26857.349609375,14127.25,10437.7998046875,241.6,-438.59,0.9499,680.1899999999999,0.5595238095238095,-0.062351459669678734,0.48412698412698413,0.18699141781900006,0.021708590573333936,0.4880952380952381
2021-05-27,15337.849609375,19.90999984741211,35094.64453125,27164.80078125,14100.0498046875,10486.0,-660.9,112.38,0.9828,-773.28,0.3333333333333333,0.2407418868991065,0.5555555555555556,0.17124757855160153,0.027852419922519578,0.5357142857142857
2021-05-28,15435.650390625,17.399999618530273,35141.0390625,27122.80078125,13934.099609375,10510.25,913.59,1275.22,0.9204,-361.63,0.38095238095238093,-0.3009774214205964,0.3968253968253968,0.1690787349339131,0.004921261251389641,0.3968253968253968
2021-06-01,15574.849609375,17.389999389648438,35336.7890625,27144.400390625,14058.0498046875,10457.849609375,-483.64,-380.41,0.8855,-103.22999999999996,0.4246031746031746,-0.6253104592062176,0.2857142857142857,0.1695419781526877,0.004358015743796656,0.3968253968253968
2021-06-04,15670.25,15.9399995803833,35291.23828125,26996.75,14101.5498046875,10735.75,-1092.75,416.59,0.8372,-1509.34,0.23809523809523808,-1.0207627714530534,0.1746031746031746,0.16672316888052036,-0.007323173076687339,0.32142857142857145
2021-06-07,15751.650390625,15.569999694824219,35443.23828125,27295.650390625,14069.0,10806.5498046875,-543.3,521.3,0.8481,-1064.6,0.27380952380952384,-0.9520247547802825,0.18253968253968253,0.16547639895287958,-0.009776402004637391,0.3134920634920635
2021-06-08,15740.099609375,15.229999542236328,35084.89453125,27623.80078125,14189.849609375,10873.900390625,-69.37,-631.0,0.7943,561.63,0.5436507936507936,-1.4405981270972184,0.07936507936507936,0.16397911258107342,-0.011679117158710145,0.30952380952380953
2021-06-09,15635.349609375,14.75,34800.09375,27539.0,14118.900390625,10734.400390625,-589.36,547.31,0.7152,-1136.67,0.25793650793650796,-1.9659841157935618,0.03968253968253968,0.16265901458575976,-0.015159014585759772,0.3055555555555556
2021-06-10,15737.75,15.0,35130.7890625,27798.0,14313.900390625,10722.7001953125,-802.81,-998.69,0.8576,195.8800000000001,0.4722222222222222,-0.6830012396267756,0.2619047619047619,0.16325950656012908,-0.013259506560129086,0.30952380952380953
2021-06-14,15811.849609375,14.720000267028809,34950.1953125,28314.099609375,14449.599609375,10753.099609375,-503.51,544.26,0.8228,-1047.77,0.2698412698412698,-0.9384192850935635,0.19444444444444445,0.14396497340172532,0.0032350292685627835,0.39285714285714285
2021-06-15,15869.25,14.609999656677246,35247.33984375,28377.849609375,14322.650390625,10754.400390625,633.69,-649.29,0.8724,1282.98,0.6388888888888888,-0.48574395549367555,0.34523809523809523,0.14331858626703553,0.0027814102997369416,0.38095238095238093
2021-06-16,15767.5498046875,14.869999885559082,35003.09375,28448.849609375,14215.7001953125,10669.4501953125,-870.29,-874.2,0.7502,3.910000000000082,0.4365079365079365,-1.43331000159178,0.0873015873015873,0.13990396242505584,0.008796036430534976,0.43253968253968256
2021-06-17,15691.400390625,15.289999961853027,34604.99609375,28611.349609375,14081.599609375,10523.0,-879.73,45.24,0.7625,-924.97,0.28174603174603174,-1.2861418058423195,0.11904761904761904,0.12583372247750096,0.0270662771410293,0.5396825396825397
2021-06-18,15683.349609375,14.800000190734863,34557.59765625,28445.599609375,14030.599609375,10443.75,2680.57,446.2,0.7863,2234.3700000000003,0.7777777777777778,-1.0316305056567152,0.18253968253968253,0.12482815037687967,0.023171851530468968,0.5079365079365079
2021-06-21,15746.5,15.0600004196167,34870.89453125,28367.0,14082.9501953125,10401.150390625,-1244.71,138.09,0.8847,-1382.8,0.23412698412698413,-0.2333754124419839,0.45634920634920634,0.09920582818261815,0.05139417601354883,0.6587301587301587
2021-06-22,15772.75,14.739999771118164,34744.59765625,28523.55078125,14095.0,10540.4501953125,-1027.94,302.45,0.7899,-1330.39,0.23809523809523808,-0.9239211918399596,0.2222222222222222,0.08646518569041473,0.06093481202076692,0.7301587301587301
2021-06-23,15686.9501953125,15.369999885559082,34573.59765625,28258.5,14018.0498046875,10588.5,3156.53,1317.2,0.7584,1839.3300000000002,0.7182539682539683,-1.1190801974960412,0.15476190476190477,0.08339245542214162,0.07030754343344921,0.8015873015873016
2021-06-24,15790.4501953125,15.100000381469727,34826.59375,29048.0,13967.9501953125,10618.4501953125,-2890.94,1138.76,0.9624,-4029.7,0.07142857142857142,0.7794948048166486,0.7976190476190477,0.08059504555587567,0.0704049582588216,0.8015873015873016
2021-06-25,15860.349609375,13.369999885559082,35364.23828125,29210.55078125,14069.599609375,10706.7998046875,-678.84,1832.76,0.9968,-2511.6,0.15079365079365079,1.309345833778195,0.9007936507936508,0.0764935495358406,0.057206449319750205,0.6944444444444444
2021-06-28,15814.7001953125,13.399999618530273,35359.0390625,29068.55078125,14247.599609375,10709.900390625,-1658.72,1277.08,0.8537,-2935.8,0.12301587301587301,-0.26516192117700527,0.45634920634920634,0.07858230371756603,0.0554176924677367,0.6666666666666666
2021-06-29,15748.4501953125,13.0,35009.89453125,28986.25,14330.2001953125,10612.25,116.63,1810.05,0.7497,-1693.42,0.21031746031746032,-1.3235559474341934,0.1111111111111111,0.07934358435143897,0.050656415648561035,0.6309523809523809
2021-06-30,15721.5,13.050000190734863,34771.796875,29168.0,14308.900390625,10600.349609375,-1646.66,1520.18,0.7401,-3166.84,0.0992063492063492,-1.3738690578243622,0.10317460317460317,0.08002813038316227,0.050471871524186376,0.626984126984127
2021-07-01,15680.0,12.84000015258789,34683.59765625,29003.099609375,14442.4501953125,10687.7001953125,382.3,-989.5,0.833,1371.8,0.6547619047619048,-0.3585376934085145,0.42063492063492064,0.07875592091510024,0.04964408061077867,0.623015873015873
2021-07-06,15818.25,12.279999732971191,35578.734375,28649.400390625,14406.9501953125,10559.7001953125,-186.46,983.97,0.9572,-1170.43,0.25,0.9873090200271875,0.8452380952380952,0.07848367317777581,0.04431632415193611,0.5912698412698413
2021-07-07,15879.650390625,12.210000038146973,35770.88671875,28734.650390625,14453.2001953125,10552.5,532.94,-231.8,1.0296,764.74,0.5595238095238095,1.621123585477336,0.9563492063492064,0.07685550901501137,0.04524449136645836,0.5952380952380952
2021-07-09,15689.7998046875,12.9399995803833,35071.54296875,28662.19921875,14360.2001953125,10420.2998046875,-145.45,-136.57,0.7808,-8.879999999999995,0.43253968253968256,-0.9180471555304633,0.23809523809523808,0.08704034622337128,0.04235964958046173,0.5634920634920635
2021-07-12,15692.599609375,12.989999771118164,35198.48828125,28532.349609375,14372.2001953125,10438.2001953125,-2584.97,2605.81,0.7418,-5190.78,0.04365079365079365,-1.2785824341550813,0.1349206349206349,0.08702593998911766,0.04287405772206397,0.5714285714285714
2021-07-13,15812.349609375,12.619999885559082,35672.984375,28439.75,14460.0498046875,10497.7998046875,113.83,344.19,0.9221,-230.36,0.39285714285714285,0.7518148405950783,0.8015873015873016,0.08758243586099057,0.03861756299460026,0.5436507936507936
2021-07-14,15853.9501953125,12.59000015258789,35667.8359375,29339.849609375,14507.0,10467.900390625,-1303.95,1335.91,0.9554,-2639.86,0.15873015873015872,1.1273622684228932,0.8849206349206349,0.08511871267174208,0.04078128885413683,0.5515873015873016
2021-07-15,15924.2001953125,12.270000457763672,35907.23046875,29718.05078125,14467.4501953125,10426.0,-264.77,439.41,0.9183,-704.1800000000001,0.3373015873015873,0.7097745263407805,0.7857142857142857,0.08493792083846699,0.03776208373916973,0.5357142857142857
2021-07-16,15923.400390625,11.710000038146973,35751.38671875,29400.25,14635.0498046875,10428.4501953125,-466.3,666.07,0.8578,-1132.3700000000001,0.26587301587301587,0.06402485664118956,0.5634920634920635,0.08405877707175913,0.0330412233097106,0.5198412698412699
2021-07-19,15752.400390625,12.680000305175781,35078.79296875,29264.0,14669.900390625,10310.900390625,-2198.71,1047.66,0.7091,-3246.37,0.0992063492063492,-1.5380097923340965,0.08333333333333333,0.08983805536548008,0.03696194768627774,0.5317460317460317
2021-07-20,15632.099609375,13.210000038146973,34415.05078125,29252.5,14479.2001953125,10222.2001953125,-2834.96,873.14,0.6497,-3708.1,0.09523809523809523,-1.9892536221718606,0.03571428571428571,0.09236142401972354,0.0397385763617462,0.5396825396825397
2021-07-22,15824.0498046875,11.890000343322754,34676.8984375,29779.94921875,14575.400390625,10235.7998046875,-247.59,942.55,0.7844,-1190.1399999999999,0.25793650793650796,-0.5002043643182613,0.36904761904761907,0.10227061262694304,0.016629390806284505,0.36904761904761907
2021-07-23,15856.0498046875,11.760000228881836,35033.9921875,29894.30078125,14597.849609375,10201.349609375,-163.31,2187.8,0.8557,-2351.11,0.17857142857142858,0.2628502802237363,0.6150793650793651,0.10158864421223085,0.016011358076587504,0.3611111111111111
2021-07-26,15824.4501953125,12.449999809265137,34949.29296875,29940.400390625,14652.5498046875,10137.9501953125,-2376.79,1551.27,0.8608,-3928.06,0.08333333333333333,0.31293377974211756,0.6507936507936508,0.10178905404015264,0.02271094405249874,0.42857142857142855
2021-07-27,15746.4501953125,13.229999542236328,34797.04296875,29892.55078125,14018.650390625,10094.349609375,-1459.08,729.96,0.7575,-2189.04,0.18253968253968253,-0.7805509564517213,0.25793650793650796,0.10142894000472029,0.030871055417642998,0.49206349206349204
2021-07-28,15709.400390625,13.6899995803833,34532.49609375,29954.150390625,13964.75,10000.400390625,-2274.77,921.45,0.7526,-3196.2200000000003,0.10714285714285714,-0.8586388432024404,0.23809523809523808,0.09889283950508458,0.038007156298748415,0.5317460317460317
2021-07-29,15778.4501953125,12.949999809265137,34691.09765625,30371.400390625,13920.349609375,9956.650390625,-866.26,2046.96,0.9305,-2913.2200000000003,0.1388888888888889,1.025907688610098,0.8690476190476191,0.0988733985949776,0.030626599497673768,0.4801587301587302
2021-07-30,15763.0498046875,12.800000190734863,34583.94921875,30480.05078125,14425.2998046875,10048.5,-3848.31,2956.68,0.8887,-6804.99,0.01984126984126984,0.5542526971195029,0.7341269841269841,0.09843314490179002,0.029566857005558625,0.4642857142857143
2021-08-02,15885.150390625,12.8100004196167,34709.59765625,30803.05078125,14474.9501953125,10183.4501953125,1876.6,-504.86,0.9425,2381.46,0.7896825396825397,1.0793852941729358,0.8809523809523809,0.10100785866848573,0.027092145527681258,0.44841269841269843
2021-08-03,16130.75,13.75,35207.0390625,31165.849609375,14647.849609375,10342.599609375,-1494.49,483.62,1.2295,-1978.1100000000001,0.21031746031746032,3.1707086642557663,1.0,0.1135666153053711,0.023933384694628912,0.4126984126984127
2021-08-04,16258.7998046875,13.210000038146973,36027.6328125,30977.150390625,14594.349609375,10246.7998046875,110.85,552.78,1.2057,-441.92999999999995,0.38095238095238093,2.527070102204859,0.9920634920634921,0.11489348809870985,0.017206512282759892,0.34523809523809523
2021-08-06,16238.2001953125,12.609999656677246,35808.83203125,31303.30078125,14517.5,10249.5,1422.71,-1626.98,0.9684,3049.69,0.8452380952380952,0.6966260185938301,0.7777777777777778,0.11232026059375406,0.01377973597301839,0.32142857142857145
2021-08-09,16258.25,12.609999656677246,36028.53125,31441.0,14533.4501953125,10239.0,-802.51,0.6,0.9711,-803.11,0.3412698412698413,0.689413998471262,0.7698412698412699,0.11191113659777747,0.01418885996899498,0.32142857142857145
2021-08-10,16280.099609375,12.710000038146973,36033.68359375,31713.400390625,14502.900390625,10158.75,-64.01,-168.19,0.9261,104.17999999999999,0.46825396825396826,0.32273497985863453,0.6428571428571429,0.10046355996272335,0.026636440418746382,0.44047619047619047
2021-08-11,16282.25,12.710000038146973,35805.98046875,31670.0,14291.150390625,10140.400390625,-860.65,1911.77,0.8639,-2772.42,0.14682539682539683,-0.17172137496622783,0.4880952380952381,0.10047390277744946,0.02662609760402028,0.4365079365079365
2021-08-12,16364.400390625,12.369999885559082,35936.6328125,32245.099609375,14133.0498046875,10180.5498046875,-579.27,1735.5,1.0092,-2314.77,0.18253968253968253,0.9122794488663429,0.8333333333333334,0.09892305218814329,0.024776946667447536,0.4087301587301587
2021-08-13,16529.099609375,12.989999771118164,36168.9296875,32678.80078125,14049.0498046875,10178.2998046875,819.77,149.5,1.1119,670.27,0.5555555555555556,1.5986859973614973,0.9484126984126984,0.10320801233899356,0.026691985372188073,0.4444444444444444
2021-08-16,16563.05078125,13.460000038146973,36094.08203125,32577.94921875,13965.400390625,10088.7998046875,-1088.32,506.21,1.0836,-1594.53,0.23809523809523808,1.298311858428647,0.9047619047619048,0.1028387277639932,0.03176127261747651,0.5079365079365079
2021-08-17,16614.599609375,13.40999984741211,35867.03125,33414.75,14041.25,10088.2998046875,-343.73,266.43,1.0487,-610.1600000000001,0.373015873015873,0.9845064215556228,0.8412698412698413,0.10262794430075621,0.03147205417336489,0.49603174603174605
2021-08-18,16568.849609375,12.90999984741211,35554.0859375,33448.8984375,14071.349609375,10067.9501953125,-595.32,-729.49,0.8849,134.16999999999996,0.47619047619047616,-0.2136998960339485,0.46825396825396826,0.09268887725828251,0.03641112121583859,0.5317460317460317
2021-08-20,16450.5,14.020000457763672,35033.4453125,33351.3515625,13711.150390625,9904.7001953125,-2287.03,119.3,0.8106,-2406.3300000000004,0.16666666666666666,-0.7446431838838244,0.25793650793650796,0.09197698359353583,0.048223020984100876,0.6150793650793651
2021-08-23,16496.44921875,13.6899995803833,35123.98828125,33919.80078125,13700.599609375,9759.150390625,-1363.36,1452.51,0.804,-2815.87,0.14285714285714285,-0.7491669507346342,0.25793650793650796,0.08465144535602451,0.05224855044780849,0.6507936507936508
2021-08-24,16624.599609375,13.1899995803833,35711.6875,33838.3984375,13876.0498046875,9832.7998046875,-1644.91,2380.05,1.0378,-4024.96,0.07539682539682539,0.9233766910610952,0.8253968253968254,0.08699812048057105,0.04490187532326197,0.5992063492063492
2021-08-25,16634.650390625,13.5,35585.8359375,34083.94921875,13830.5,9808.650390625,-1071.83,-151.39,0.9613,-920.4399999999999,0.32936507936507936,0.3372704653777008,0.6428571428571429,0.08575009161113487,0.04924990838886514,0.626984126984127
2021-08-26,16636.900390625,13.539999961853027,35617.13671875,34041.1015625,13758.599609375,9763.099609375,-1974.48,1055.21,0.994,-3029.69,0.12301587301587301,0.5258538370510862,0.7182539682539683,0.08170802945171238,0.0536919701668179,0.6746031746031746
2021-08-27,16705.19921875,13.40999984741211,35627.38671875,34309.80078125,13948.7001953125,9793.849609375,-778.75,1646.19,1.0832,-2424.94,0.17857142857142858,1.1223305239926613,0.8809523809523809,0.07954142730334669,0.05455857117077441,0.6865079365079365
2021-08-30,16931.05078125,13.319999694824219,36347.2265625,34109.25,14222.5,9957.900390625,1202.81,688.85,1.2664,513.9599999999999,0.5476190476190477,2.169510838253601,0.9841269841269841,0.08759130771252202,0.04560868923572017,0.6111111111111112
2021-08-31,17132.19921875,14.520000457763672,36424.1796875,34570.25,14344.75,10034.4501953125,3881.16,-1872.4,1.2544,5753.5599999999995,0.9563492063492064,1.8844215544751013,0.9642857142857143,0.09058404814918347,0.05461595642845324,0.6944444444444444
2021-09-02,17234.150390625,14.239999771118164,36830.87109375,34680.30078125,14458.5,10022.4501953125,1300.65,-1756.24,1.0633,3056.8900000000003,0.8492063492063492,0.6572056302872359,0.753968253968254,0.0898751990916559,0.05252479861952575,0.6666666666666666
2021-09-03,17323.599609375,14.539999961853027,36760.72265625,34891.19921875,14485.650390625,10124.75,2801.87,1250.22,0.9677,1551.6499999999999,0.6944444444444444,0.013540119508800538,0.5198412698412699,0.07963252152134642,0.06576747809718386,0.7896825396825397
2021-09-06,17377.80078125,15.109999656677246,36591.92578125,35415.1015625,14481.5498046875,10167.25,-846.37,-271.7,0.8917,-574.6700000000001,0.373015873015873,-0.5703116649454334,0.3373015873015873,0.07796780285715696,0.07313219370961549,0.8611111111111112
2021-09-07,17362.099609375,14.899999618530273,36468.375,34951.30078125,14387.349609375,10152.7001953125,-1124.65,106.55,0.8634,-1231.2,0.27380952380952384,-0.8016668954930215,0.24603174603174602,0.07769355895029732,0.07130643723500542,0.8452380952380952
2021-09-08,17353.5,14.40999984741211,36767.7734375,34678.19921875,14349.4501953125,10100.400390625,211.91,-716.15,0.9326,928.06,0.6150793650793651,-0.33224205056752637,0.42857142857142855,0.07855488147891139,0.06554511699520969,0.7896825396825397
2021-09-09,17369.25,13.9399995803833,36682.7734375,34802.30078125,14329.849609375,10112.599609375,423.44,704.21,0.9694,-280.77000000000004,0.4087301587301587,-0.0951888241916914,0.503968253968254,0.07871099563804053,0.06068900016579247,0.7579365079365079
2021-09-13,17355.30078125,14.029999732971191,36471.375,35129.6015625,14377.0498046875,10120.150390625,1419.31,-559.59,0.9145,1978.9,0.75,-0.5568965770036329,0.34523809523809523,0.0792686559350209,0.061031341394691005,0.7658730158730159
2021-09-14,17380.0,13.579999923706055,36612.625,35431.5,14410.9501953125,10209.599609375,1649.6,-310.31,0.8811,1959.9099999999999,0.7420634920634921,-0.8836038446482172,0.2261904761904762,0.07919215711947605,0.05660784211758449,0.7222222222222222
2021-09-15,17519.44921875,13.729999542236328,36851.8203125,36075.19921875,14487.900390625,10297.0,232.84,167.67,1.0285,65.17000000000002,0.4642857142857143,0.2655610318452363,0.5992063492063492,0.0771179630016803,0.060182032420682985,0.75
2021-09-16,17629.5,14.40999984741211,37668.1640625,35852.44921875,14491.349609375,10351.4501953125,1621.88,-795.13,1.0139,2417.01,0.7936507936507936,0.11702765145644019,0.5595238095238095,0.07794063729022217,0.06615936118389891,0.8015873015873016
2021-09-17,17585.150390625,15.229999542236328,37811.5078125,35646.5,14355.150390625,10351.4501953125,1552.59,-1398.55,0.8891,2951.14,0.8333333333333334,-0.8701809744236342,0.2222222222222222,0.08047025605722735,0.07182973936513593,0.8531746031746031
2021-09-20,17396.900390625,17.489999771118164,37145.265625,35400.05078125,14097.25,10202.650390625,92.54,-1626.58,0.7509,1719.12,0.7023809523809523,-1.8510474185577905,0.03571428571428571,0.09203956587796872,0.08286043183321293,0.9246031746031746
2021-09-21,17562.0,16.520000457763672,37235.41796875,36086.05078125,14278.9501953125,10155.9501953125,1041.92,2167.62,0.8234,-1125.6999999999998,0.29365079365079366,-1.2082759329059156,0.14285714285714285,0.08783702973879885,0.07736297483883788,0.8928571428571429
2021-09-22,17546.650390625,16.489999771118164,36944.21875,36422.44921875,14334.25,10284.599609375,-1943.26,1850.02,0.8063,-3793.2799999999997,0.08333333333333333,-1.2674136073099436,0.12698412698412698,0.08905670955596551,0.07584328815521613,0.876984126984127
2021-09-23,17822.94921875,16.600000381469727,37771.26171875,36816.8984375,14380.5,10372.9501953125,357.93,1173.09,0.9762,-815.1599999999999,0.3412698412698413,0.10045964225344851,0.5555555555555556,0.09842634527684684,0.06757365853785043,0.8095238095238095
2021-09-24,17853.19921875,16.920000076293945,37829.859375,37103.25,14289.150390625,10429.0498046875,442.49,-515.85,0.9118,958.34,0.6190476190476191,-0.4140610360574427,0.3968253968253968,0.09807903322079431,0.07112096754214514,0.8373015873015873
2021-09-27,17855.099609375,18.049999237060547,38170.8046875,36034.3984375,14156.7001953125,10765.150390625,-594.63,1397.69,0.9055,-1992.3200000000002,0.21428571428571427,-0.4794564263885748,0.38095238095238093,0.0980923303478486,0.08240766202275686,0.9206349206349206
2021-09-28,17748.599609375,18.540000915527344,37944.55859375,35239.94921875,14171.599609375,10695.9501953125,-1957.7,161.45,0.7947,-2119.15,0.20634920634920634,-1.283350255458806,0.11904761904761904,0.10368951564832425,0.08171049350694919,0.9126984126984127
2021-09-29,17711.30078125,18.84000015258789,37742.5625,35282.6484375,14404.9501953125,10655.5,-1446.02,3262.16,0.8281,-4708.18,0.05555555555555555,-0.9555415907078135,0.1984126984126984,0.09750102736568918,0.09089897416018973,0.9801587301587301
2021-09-30,17618.150390625,18.399999618530273,37424.66796875,35028.0,14466.5,10598.4501953125,-2225.6,97.18,0.8204,-2322.7799999999997,0.19047619047619047,-0.9515805665793323,0.20238095238095238,0.09408789365585588,0.08991210252944687,0.9761904761904762
2021-10-05,17822.30078125,16.399999618530273,37740.5625,35544.30078125,14738.25,10692.0,583.69,-476.26,0.9389,1059.95,0.6468253968253969,0.02678844579759918,0.5515873015873016,0.09958948893421109,0.06441050725109164,0.7857142857142857
2021-10-06,17646.0,17.329999923706055,37521.11328125,35075.80078125,14461.9501953125,10567.5498046875,1329.7,-575.19,0.7339,1904.89,0.746031746031746,-1.5327601149400427,0.07936507936507936,0.1067461863068976,0.06655381293016295,0.8095238095238095
2021-10-08,17895.19921875,15.649999618530273,37774.8125,36402.0,14514.7998046875,11079.349609375,-178.51,689.0,0.8964,-867.51,0.3492063492063492,-0.29273363479095105,0.46825396825396826,0.11631092328532143,0.04018907289998132,0.5634920634920635
2021-10-11,17945.94921875,16.09000015258789,38293.35546875,35179.94921875,14615.349609375,11375.5498046875,-469.5,766.95,1.0063,-1236.45,0.2857142857142857,0.5301928333450207,0.7261904761904762,0.11605660180583334,0.04484339972004557,0.6031746031746031
2021-10-12,17991.94921875,15.850000381469727,38521.05078125,34869.75,14629.2001953125,11476.099609375,-1092.4,386.63,1.021,-1479.0300000000002,0.26587301587301587,0.6547247966479186,0.7658730158730159,0.11581267102199001,0.04268733279270724,0.5833333333333334
2021-10-13,18161.75,16.100000381469727,38635.30078125,35285.6015625,14679.400390625,11870.0,937.31,-431.72,1.0595,1369.03,0.6825396825396826,0.9241983716819057,0.8293650793650794,0.1188171638325403,0.04218283998215695,0.5753968253968254
2021-10-14,18338.55078125,15.770000457763672,39340.44140625,35744.8515625,14728.650390625,11800.2998046875,1681.6,-1750.59,0.983,3432.1899999999996,0.8928571428571429,0.3211849755696121,0.6428571428571429,0.12107816262751347,0.036621841950123246,0.5357142857142857
2021-10-18,18477.05078125,17.18000030517578,39684.33984375,36306.3515625,14598.2001953125,11814.7998046875,512.44,-1703.87,0.9852,2216.31,0.7857142857142857,0.37201520624607953,0.6587301587301587,0.12211985416741351,0.049680148884344286,0.6666666666666666
2021-10-19,18418.75,17.3799991607666,39540.0390625,37106.3515625,14384.349609375,11626.849609375,-505.79,-2578.22,0.8823,2072.43,0.7698412698412699,-0.4115269490885515,0.4087301587301587,0.12256240951578114,0.05123758209188488,0.6825396825396826
2021-10-20,18266.599609375,18.309999465942383,39517.73828125,36846.80078125,14177.349609375,11493.2998046875,-1843.09,-1680.73,0.7686,-162.3599999999999,0.45634920634920634,-1.5467491744529145,0.07539682539682539,0.12743619978908535,0.055663794870338484,0.7341269841269841
2021-10-21,18178.099609375,18.040000915527344,40029.734375,35913.6015625,14169.9501953125,11557.400390625,-2818.9,428.45,0.7503,-3247.35,0.10317460317460317,-1.636364742336949,0.06349206349206349,0.12874445448620336,0.05165555466907007,0.6904761904761905
2021-10-22,18114.900390625,17.549999237060547,40323.1796875,35394.6484375,13949.650390625,11433.9501953125,-2697.7,1029.97,0.7245,-3727.67,0.0992063492063492,-1.7450174953809892,0.047619047619047616,0.1218371385207632,0.05366285384984226,0.7142857142857143
2021-10-25,18125.400390625,17.610000610351562,41191.91796875,35005.3984375,13943.849609375,11228.2001953125,-2459.1,2390.23,0.7746,-4849.33,0.05555555555555555,-1.153087349234803,0.17063492063492064,0.11869665799729527,0.057403348106220345,0.7698412698412699
2021-10-26,18268.400390625,16.75,41237.8203125,35162.3515625,13970.650390625,11452.25,-2368.66,1385.41,0.8309,-3754.0699999999997,0.10317460317460317,-0.5659822880350743,0.3611111111111111,0.12033919913837304,0.04716080086162697,0.6428571428571429
2021-10-27,18210.94921875,16.829999923706055,40873.875,35503.8984375,14094.25,11395.150390625,-1913.36,472.48,0.7361,-2385.84,0.20238095238095238,-1.4131531561982935,0.10317460317460317,0.11020657337511944,0.058093425861941106,0.7777777777777778
2021-10-28,17857.25,17.90999984741211,39508.48828125,34913.6015625,13780.599609375,11260.900390625,-3818.51,836.6,0.7171,-4655.110000000001,0.06349206349206349,-1.4771090635469268,0.09523809523809523,0.13235198492569183,0.04674801354842925,0.6388888888888888
2021-10-29,17671.650390625,17.43000030517578,39115.1484375,34408.75,13879.349609375,11297.4501953125,-5142.63,4342.51,0.6511,-9485.14,0.011904761904761904,-1.8951445802675817,0.03571428571428571,0.13745541447629414,0.03684458857546366,0.5396825396825397
2021-11-01,17929.650390625,17.239999771118164,39763.2890625,35290.0,14049.4501953125,11421.0,3138.9,-2610.13,0.7805,5749.030000000001,0.9523809523809523,-0.7018622393524844,0.3134920634920635,0.1456297548392256,0.026770242871956035,0.44841269841269843
2021-11-02,17888.94921875,17.059999465942383,39937.984375,35177.3515625,13993.2001953125,11521.25,944.36,-707.68,0.7091,1652.04,0.7063492063492064,-1.2565812908922571,0.16666666666666666,0.14567115179105258,0.024928842868371243,0.4126984126984127
2021-11-08,18068.55078125,16.34000015258789,39437.79296875,35782.3515625,13851.25,11645.75,238.14,206.28,0.811,31.859999999999985,0.5198412698412699,-0.2916987350574392,0.4880952380952381,0.1477103387024311,0.015689662823447803,0.32142857142857145
2021-11-10,18017.19921875,16.309999465942383,39022.796875,35722.94921875,13911.2998046875,11829.150390625,-1303.22,-373.28,0.704,-929.94,0.373015873015873,-1.2054186900264883,0.1865079365079365,0.14321131652128652,0.0198886781381373,0.373015873015873
2021-11-11,17873.599609375,16.350000381469727,38559.75,35583.6484375,13717.7998046875,11690.150390625,-1637.46,445.76,0.6958,-2083.2200000000003,0.24603174603174602,-1.2417205475912205,0.17857142857142858,0.14148313390391506,0.022016869910782194,0.39285714285714285
2021-11-15,18109.44921875,15.470000267028809,38701.90234375,36465.30078125,13974.349609375,11687.650390625,424.74,1524.67,0.7018,-1099.93,0.3531746031746032,-1.1254084794264587,0.1984126984126984,0.14036903227299447,0.014330970397293613,0.3134920634920635
2021-11-16,17999.19921875,15.199999809265137,38306.65625,36643.8984375,13798.7998046875,11977.2998046875,-560.67,577.34,0.6496,-1138.01,0.3333333333333333,-1.477367265990032,0.09523809523809523,0.14205560539391057,0.009944392698740784,0.2976190476190476
2021-11-17,17898.650390625,14.979999542236328,38041.109375,36660.8984375,13621.900390625,12061.7998046875,-344.35,-61.14,0.6341,-283.21000000000004,0.46825396825396826,-1.4943561936393195,0.09523809523809523,0.14316771555241414,0.0066322798699491314,0.2896825396825397
2021-11-18,17764.80078125,14.859999656677246,37975.80859375,36007.0,13481.400390625,11747.4501953125,-3930.62,1885.66,0.6535,-5816.28,0.031746031746031744,-1.2408761396236865,0.17857142857142858,0.14059906757895138,0.008000928987821093,0.2976190476190476
2021-11-22,17416.55078125,17.520000457763672,37128.37109375,35478.94921875,13245.349609375,11379.75,-3438.76,2051.18,0.5604,-5489.9400000000005,0.04365079365079365,-1.8158470932023512,0.047619047619047616,0.149268949671118,0.025931054906518702,0.4642857142857143
2021-11-23,17503.349609375,18.020000457763672,37272.3671875,35504.3984375,13489.9501953125,11455.7001953125,-4477.06,1412.05,0.6916,-5889.110000000001,0.031746031746031744,-0.7587711199009148,0.3055555555555556,0.1472385692615974,0.03296143531603932,0.5515873015873016
2021-11-24,17415.05078125,17.100000381469727,37441.515625,34966.25,13408.099609375,11308.849609375,-5122.65,3809.62,0.7024,-8932.27,0.011904761904761904,-0.6394445855457748,0.3531746031746032,0.14746987832653072,0.023530125488166548,0.42857142857142855
2021-11-25,17536.25,16.65999984741211,37364.31640625,35300.25,13566.5,11247.75,-2300.65,1367.8,0.974,-3668.45,0.13095238095238096,1.3585046473849909,0.9246031746031746,0.14983591781398184,0.016764080660139263,0.3531746031746032
2021-11-26,17026.44921875,20.799999237060547,36025.08203125,34606.1484375,13797.099609375,10759.599609375,-5785.83,2294.11,0.6463,-8079.9400000000005,0.01984126984126984,-1.0043721653960307,0.2222222222222222,0.17873260822317805,0.02926738414742741,0.5158730158730159
2021-11-29,17053.94921875,20.829999923706055,35976.03125,34870.75,13648.7998046875,10704.150390625,-3332.21,4611.41,0.7417,-7943.62,0.023809523809523808,-0.29602502271802367,0.48412698412698413,0.1795667147137423,0.028733284523318248,0.5158730158730159
2021-11-30,16983.19921875,21.170000076293945,35694.88671875,35043.75,13662.7998046875,10603.5498046875,-5445.25,5350.23,0.7421,-10795.48,0.003968253968253968,-0.2578112572657551,0.5,0.17909476537036995,0.032605235392569515,0.5674603174603174
2021-12-01,17166.900390625,19.450000762939453,36364.4765625,35429.0,13442.099609375,10758.150390625,571.47,-1334.5,0.9045,1905.97,0.7658730158730159,1.0306423814896781,0.876984126984127,0.18175752453011268,0.01274248309928186,0.31746031746031744
2021-12-02,17401.650390625,18.09000015258789,36507.82421875,36157.8515625,13557.0,10873.150390625,-37.33,-597.62,1.0191,560.29,0.6150793650793651,1.9304702836527863,0.9722222222222222,0.1911681960248164,-0.01026819449893751,0.17857142857142858
2021-12-03,17196.69921875,18.450000762939453,36196.7265625,35848.05078125,13443.849609375,10788.75,-942.6,-163.87,0.767,-778.73,0.44047619047619047,0.03399247900069811,0.5674603174603174,0.18366553694232676,0.0008344706870677676,0.23809523809523808
2021-12-07,17176.69921875,18.459999084472656,36617.97265625,35272.30078125,13234.349609375,10759.0,-745.97,447.42,0.8902,-1193.39,0.3492063492063492,1.177826559805836,0.8928571428571429,0.18085953669210383,0.003740454152622724,0.2698412698412698
2021-12-08,17469.75,17.270000457763672,37284.265625,35959.05078125,13433.849609375,11007.7001953125,-212.11,307.75,1.0685,-519.86,0.4722222222222222,2.6075239480575996,0.9920634920634921,0.18386678091009168,-0.01116677633245497,0.17857142857142858
2021-12-10,17511.30078125,16.059999465942383,37105.21875,35939.6015625,13446.099609375,11080.0498046875,-278.32,-741.22,0.9507,462.90000000000003,0.6071428571428571,1.5435311867601453,0.9285714285714286,0.1842802555661983,-0.02368026090677447,0.1349206349206349
2021-12-13,17368.25,16.56999969482422,36924.8203125,36050.55078125,13432.900390625,11047.150390625,-2743.44,1351.03,0.7304,-4094.4700000000003,0.09523809523809523,-0.2769940008097518,0.46825396825396826,0.18109027824259225,-0.01539028129435005,0.1626984126984127
2021-12-14,17324.900390625,16.950000762939453,36893.51953125,36102.55078125,13575.900390625,10972.150390625,-763.18,425.43,0.7309,-1188.61,0.3492063492063492,-0.2671927217937069,0.47619047619047616,0.18107236279138686,-0.011572355161992315,0.17857142857142858
2021-12-15,17221.400390625,17.219999313354492,36789.125,35737.19921875,13512.0498046875,11026.0,-3407.04,1553.01,0.6953,-4960.05,0.07539682539682539,-0.5523595161826889,0.3611111111111111,0.18032164837501774,-0.00812165524147282,0.1984126984126984
2021-12-16,17248.400390625,15.899999618530273,36548.22265625,36160.30078125,13393.650390625,10945.75,-1468.71,1533.15,0.7455,-3001.86,0.17857142857142858,-0.12950223260375573,0.5317460317460317,0.17208070495427374,-0.013080708768971022,0.17063492063492064
2021-12-17,16985.19921875,16.34000015258789,35618.234375,36647.8984375,13230.7001953125,10678.650390625,-2069.9,1478.52,0.6391,-3548.42,0.14682539682539683,-0.9460512445508508,0.2222222222222222,0.17775642729776686,-0.014356425771887948,0.1626984126984127
2021-12-20,16614.19921875,18.969999313354492,34439.453125,35916.44921875,13184.4501953125,10405.2998046875,-3565.36,2764.02,0.5956,-6329.38,0.04365079365079365,-1.2294754179888647,0.1626984126984127,0.19026872100516,-0.0005687278716151045,0.23412698412698413
2021-12-21,16770.849609375,17.540000915527344,34607.44921875,36627.1484375,13282.849609375,10483.900390625,-1209.82,1404.89,0.6989,-2614.71,0.2222222222222222,-0.40192519181532654,0.43253968253968256,0.19519740352009393,-0.019797394364820503,0.1388888888888889
2021-12-22,16955.44921875,16.579999923706055,35029.09375,36989.1484375,13547.7001953125,10652.5498046875,-827.26,1593.41,0.8228,-2420.67,0.23809523809523808,0.5400770973281145,0.746031746031746,0.19029915696726415,-0.024499157730203613,0.1349206349206349
2021-12-23,17072.599609375,15.829999923706055,35190.73828125,37362.8515625,13644.5,10731.0498046875,-271.59,1196.48,0.7981,-1468.07,0.3333333333333333,0.33757252830206774,0.6904761904761905,0.19126027149803115,-0.03296027226097062,0.12698412698412698
2021-12-24,17003.75,16.149999618530273,34856.64453125,37727.80078125,13491.25,10620.75,-715.0,-43.24,0.7897,-671.76,0.46825396825396826,0.24943819279796545,0.6349206349206349,0.1910254754226985,-0.029525479237395763,0.1349206349206349
2021-12-27,17086.25,17.1200008392334,35057.4921875,37988.5,13710.150390625,10641.650390625,-1038.25,955.79,0.9802,-1994.04,0.2896825396825397,1.6463134085331834,0.9523809523809523,0.1899846642355129,-0.018784655843178927,0.15873015873015872
2021-12-28,17233.25,16.479999542236328,35183.390625,38357.80078125,13836.150390625,10783.849609375,207.31,567.47,0.9943,-360.16,0.503968253968254,1.6068097492653841,0.9404761904761905,0.1608571979045535,0.003942797517809793,0.2857142857142857
2021-12-29,17213.599609375,16.239999771118164,35044.9921875,38274.6484375,14072.900390625,10829.5498046875,-975.23,1006.93,0.8876,-1982.1599999999999,0.2976190476190476,0.7786628819685575,0.8055555555555556,0.1609249397923818,0.0014750579187998436,0.25
2021-12-30,17203.94921875,16.56999969482422,35063.1953125,38658.80078125,14135.5,10755.650390625,-986.32,577.74,1.0171,-1564.06,0.32936507936507936,1.576033984588756,0.9246031746031746,0.16005861951115094,0.005641377437091255,0.30952380952380953
2021-12-31,17354.05078125,16.219999313354492,35481.28515625,38701.05078125,14223.0,10936.900390625,575.39,1165.62,1.106,-590.2299999999999,0.4880952380952381,1.9728228456886931,0.9682539682539683,0.15848382118108326,0.0037161719524616554,0.2698412698412698
2022-01-04,17805.25,16.1200008392334,36839.71875,39370.69921875,14040.650390625,11139.400390625,1909.78,-183.79,1.2782,2093.57,0.8015873015873016,2.6321792525747614,0.9920634920634921,0.17645906323267113,-0.015259054840337155,0.17063492063492064
2022-01-06,17745.900390625,17.979999542236328,37489.8125,38009.0,13912.25,11316.599609375,-1930.16,984.11,0.987,-2914.27,0.1984126984126984,0.871368381718003,0.8095238095238095,0.17063763414493385,0.00916236127742942,0.3253968253968254
2022-01-07,17812.69921875,17.600000381469727,37739.1640625,38139.8515625,13857.9501953125,11290.900390625,-2324.74,1310.71,0.9383,-3635.45,0.15079365079365079,0.5351083931887947,0.7261904761904762,0.17048527781337883,0.005514726001318443,0.30952380952380953
2022-01-13,18257.80078125,16.700000762939453,38469.50390625,38607.0,14051.150390625,11686.150390625,-1390.85,1065.32,0.9553,-2456.17,0.24206349206349206,0.5920249884247073,0.7420634920634921,0.18147802911900549,-0.014478021489610943,0.18253968253968253
2022-01-14,18255.75,16.559999465942383,38369.953125,38826.8515625,13964.150390625,11643.0498046875,-1598.2,371.41,0.9191,-1969.6100000000001,0.31746031746031744,0.32758182126217866,0.6547619047619048,0.18166199053729543,-0.016061995877871604,0.16666666666666666
2022-01-17,18308.099609375,16.770000457763672,38215.703125,38804.94921875,13862.4501953125,11881.25,-855.47,-115.31,0.8885,-740.1600000000001,0.4880952380952381,0.1538962750377098,0.5992063492063492,0.1775533081363772,-0.009853303558740478,0.2222222222222222
2022-01-18,18113.05078125,17.780000686645508,38209.85546875,38091.75,13697.599609375,11598.75,-1254.95,-220.2,0.7685,-1034.75,0.43253968253968256,-0.6518925553877749,0.3253968253968254,0.1830114310762796,-0.005211424209824511,0.23809523809523808
2022-01-19,17938.400390625,17.81999969482422,38040.91015625,37281.69921875,13682.7001953125,11681.400390625,-2704.77,-195.07,0.6862,-2509.7,0.24206349206349206,-1.1627120068130858,0.1746031746031746,0.18566414780156504,-0.0074641508533228595,0.23412698412698413
2022-01-20,17757.0,17.790000915527344,37850.41015625,36662.19921875,13454.900390625,11583.2001953125,-4679.84,769.26,0.7177,-5449.1,0.07142857142857142,-0.9498037709317373,0.2261904761904762,0.1906624072941073,-0.01276239813883387,0.20238095238095238
2022-01-21,17617.150390625,18.889999389648438,37573.86328125,36054.6015625,13243.0498046875,11561.75,-3148.58,269.36,0.6998,-3417.94,0.1626984126984127,-1.0035081939984474,0.21031746031746032,0.18363086496853678,0.005269128927947592,0.3253968253968254
2022-01-24,17149.099609375,22.829999923706055,36947.12109375,34821.6015625,12998.599609375,11261.2001953125,-3751.58,74.88,0.569,-3826.46,0.12301587301587301,-1.6757864441278691,0.05555555555555555,0.192580636217841,0.03571936301921955,0.6428571428571429
2022-01-25,17277.94921875,21.360000610351562,37706.3125,34707.44921875,13092.099609375,11522.75,-7094.48,4534.53,0.7849,-11629.009999999998,0.003968253968253968,-0.3636311349855901,0.4523809523809524,0.19167628831557462,0.021923717787941,0.46825396825396826
2022-01-27,17110.150390625,21.06999969482422,37981.66015625,33475.05078125,12847.900390625,11561.599609375,-6266.75,2881.32,0.8902,-9148.07,0.01984126984126984,0.27939996410726775,0.6547619047619048,0.19221692968207948,0.018483067266162695,0.4365079365079365
2022-01-28,17101.94921875,20.700000762939453,37688.9609375,33851.94921875,12983.0498046875,11493.400390625,-5045.34,3358.67,0.7551,-8404.01,0.027777777777777776,-0.4965577971904718,0.4087301587301587,0.19072055555494163,0.016279452074452888,0.40476190476190477
2022-01-31,17339.849609375,21.950000762939453,37974.91015625,34824.55078125,13179.900390625,11703.5,-3624.48,3648.65,0.745,-7273.13,0.047619047619047616,-0.5194976736391618,0.40476190476190477,0.19605336377085084,0.023446643858543698,0.49603174603174605
2022-02-02,17780.0,18.649999618530273,39330.04296875,35788.75,13643.650390625,11632.400390625,-183.6,425.96,0.9849,-609.56,0.5317460317460317,0.9354620295008151,0.8531746031746031,0.21369069899587745,-0.0271907028105747,0.14285714285714285
2022-02-03,17560.19921875,19.15999984741211,39009.546875,35056.80078125,13617.599609375,11683.400390625,-4338.94,3061.7,0.7865,-7400.639999999999,0.04365079365079365,-0.32136947004257815,0.4880952380952381,0.21808002611185964,-0.026480027637738546,0.14682539682539683
2022-02-08,17266.75,19.68000030517578,38028.0078125,34521.55078125,13444.7001953125,11429.7998046875,825.18,117.79,0.6484,707.39,0.7023809523809523,-1.1697463936892012,0.17857142857142858,0.22701605077259354,-0.03021604772083572,0.1349206349206349
2022-02-14,16842.80078125,22.979999542236328,36908.12109375,33880.6484375,13252.150390625,11107.150390625,-4253.7,2170.29,0.6323,-6423.99,0.05952380952380952,-1.2200357433489217,0.17063492063492064,0.24379583383610218,-0.013995838413738887,0.20634920634920634
2022-02-15,17352.44921875,20.610000610351562,38169.65625,34913.30078125,13356.900390625,11552.2998046875,-2298.76,4411.6,0.8353,-6710.360000000001,0.05952380952380952,-0.021186462148649218,0.5873015873015873,0.26555677720157617,-0.05945677109806055,0.09126984126984126
2022-02-16,17322.19921875,20.59000015258789,37953.359375,34801.94921875,13425.099609375,11509.7001953125,-1890.96,1180.14,0.7765,-3071.1000000000004,0.21428571428571427,-0.44440717185082823,0.4444444444444444,0.24763104000382896,-0.041731038477950066,0.13095238095238096
2022-02-17,17304.599609375,22.010000228881836,37531.2109375,34634.1015625,13324.400390625,11492.849609375,-1242.1,901.1,0.7727,-2143.2,0.32936507936507936,-0.4910682726897182,0.42063492063492064,0.24752398359194908,-0.02742398130313073,0.15476190476190477
2022-02-18,17276.30078125,22.170000076293945,37598.7109375,34483.1015625,13208.7998046875,11420.4501953125,-2529.96,1929.08,0.8117,-4459.04,0.12698412698412698,-0.23135272111872357,0.5476190476190477,0.24681366536134527,-0.025113664598405833,0.16666666666666666
2022-02-21,17206.650390625,22.899999618530273,37685.1640625,34472.05078125,13029.900390625,11361.599609375,-2261.9,2392.85,0.8493,-4654.75,0.12698412698412698,0.0052161814482294695,0.5952380952380952,0.22658897384031026,0.002411022344992464,0.3134920634920635
2022-02-22,17092.19921875,26.65999984741211,37371.21484375,34129.55078125,12954.5,11343.0498046875,-3245.52,4108.58,0.8173,-7354.1,0.051587301587301584,-0.21254810050220832,0.5555555555555556,0.22669042128586978,0.039909577188251305,0.6825396825396826
2022-02-23,17063.25,24.540000915527344,37391.6171875,34114.30078125,12976.2998046875,11318.7001953125,-3417.16,3024.37,0.7625,-6441.53,0.06746031746031746,-0.5315393887345163,0.3968253968253968,0.22562344811314564,0.0197765610421278,0.4722222222222222
2022-02-24,16247.9501953125,31.979999542236328,35227.69140625,32547.900390625,12500.099609375,10609.7998046875,-6448.24,7667.75,0.8141,-14115.99,0.003968253968253968,-0.14993879605852908,0.5714285714285714,0.2768304210445897,0.042969574377773545,0.7222222222222222
2022-02-25,16658.400390625,26.739999771118164,36430.328125,33476.94921875,12899.849609375,10895.2998046875,-4470.7,4318.24,0.8882,-8788.939999999999,0.031746031746031744,0.3534032304938373,0.7103174603174603,0.2963804295361064,-0.02898043182492477,0.15476190476190477
2022-02-28,16793.900390625,28.56999969482422,36204.87890625,33847.8515625,12927.599609375,10820.5498046875,-3948.47,4142.82,0.9199,-8091.289999999999,0.04365079365079365,0.6034400307833675,0.7817460317460317,0.2981841450219318,-0.012484148073689638,0.24206349206349206
2022-03-02,16605.94921875,29.229999542236328,35372.390625,33720.0,12689.5498046875,10500.4501953125,-1597.54,-370.58,0.7258,-1226.96,0.45634920634920634,-0.6960425316316409,0.3333333333333333,0.2991815014648727,-0.006881506042509422,0.2857142857142857
2022-03-03,16498.05078125,28.15999984741211,34943.89453125,34130.30078125,12643.75,10261.099609375,-6644.65,4799.24,0.811,-11443.89,0.011904761904761904,0.06022278953804001,0.6190476190476191,0.28597243845784953,-0.004372439983728438,0.29365079365079366
2022-03-08,16013.4501953125,28.59000015258789,33157.71484375,35055.55078125,12844.849609375,9560.0,765.17,-518.42,0.6443,1283.59,0.7817460317460317,-1.4504286548266117,0.09523809523809523,0.2999808888546382,-0.014080887328759284,0.2261904761904762
2022-03-14,16871.30078125,25.68000030517578,35311.73828125,36028.0,13351.900390625,10074.2998046875,-176.52,1098.62,0.9207,-1275.1399999999999,0.4523809523809524,1.256202821442965,0.9047619047619048,0.35853045085128254,-0.10173044779952473,0.04365079365079365
2022-03-15,16663.0,26.729999542236328,35022.2421875,35097.8515625,13318.849609375,10131.2998046875,-1249.74,98.25,0.7733,-1347.99,0.4444444444444444,-0.13707609512056146,0.5634920634920635,0.3609303990525836,-0.09363040363022035,0.05952380952380952
2022-03-16,16975.349609375,24.1200008392334,35747.8359375,35729.6484375,13374.5,10350.099609375,311.99,772.55,0.899,-460.55999999999995,0.6071428571428571,1.173690920550532,0.8968253968253969,0.36395470104315886,-0.12275469265082486,0.01984126984126984
2022-03-17,17287.05078125,22.610000610351562,36428.12890625,35643.6015625,13546.0498046875,10576.0,2800.14,-678.45,0.9617,3478.59,0.9761904761904762,1.7353847780686065,0.9563492063492064,0.3581832753094883,-0.13208326920597266,0.01984126984126984
2022-03-21,17117.599609375,24.6200008392334,36018.08203125,35377.75,13549.5498046875,10448.400390625,-2962.12,252.91,0.74,-3215.0299999999997,0.23412698412698413,-0.47349961985103395,0.4166666666666667,0.3572422620640938,-0.11104225367175982,0.03571428571428571
2022-03-22,17315.5,24.06999969482422,36348.12890625,36070.44921875,13513.150390625,10572.900390625,384.48,-602.05,0.8469,986.53,0.7817460317460317,0.5471002956679403,0.75,0.3550136702827589,-0.1143136733345167,0.03571428571428571
2022-03-23,17245.650390625,24.75,36146.9296875,36082.0,13569.650390625,10463.4501953125,481.33,-294.23,0.7004,775.56,0.7658730158730159,-0.9238948915490721,0.2619047619047619,0.3430593216809426,-0.09555932168094261,0.06746031746031746
2022-03-24,17222.75,23.93000030517578,35526.6875,36516.75,13724.5,10412.400390625,-1740.71,2091.07,0.7864,-3831.78,0.17857142857142858,-0.08900826800339161,0.5674603174603174,0.3259752935887677,-0.0866752905370099,0.08333333333333333
2022-03-25,17153.0,23.43000030517578,35409.69140625,36152.30078125,13607.0498046875,10354.150390625,-1507.37,1373.02,0.7529,-2880.39,0.2857142857142857,-0.5461041717882992,0.373015873015873,0.3262075523337646,-0.09190754928200678,0.08333333333333333
2022-03-28,17222.0,22.610000610351562,35710.0859375,36026.05078125,13562.25,10421.599609375,-801.41,1161.7,0.7854,-1963.1100000000001,0.4087301587301587,-0.1791414683282619,0.5476190476190477,0.32658862848703396,-0.10048862238351833,0.06746031746031746
2022-03-29,17325.30078125,21.299999237060547,35846.98046875,36146.75,13771.400390625,10416.25,35.47,1713.31,0.8616,-1677.84,0.43253968253968256,0.6991445246347089,0.8095238095238095,0.3272748159822863,-0.11427482361168084,0.03968253968253968
2022-03-30,17498.25,20.610000610351562,36333.87890625,36463.55078125,13745.599609375,10542.150390625,1357.47,1216.0,0.9888,141.47000000000003,0.7142857142857143,1.9286786542057572,0.9642857142857143,0.32866243452255145,-0.12256242841903583,0.027777777777777776
2022-03-31,17464.75,20.559999465942383,36373.1796875,36317.19921875,13584.099609375,10552.099609375,3088.73,1145.28,0.8878,1943.45,0.876984126984127,0.7972582732202274,0.8253968253968254,0.32765213402080406,-0.12205213936138024,0.031746031746031744
2022-04-01,17670.44921875,18.43000030517578,37148.06640625,36343.3984375,13579.900390625,10676.849609375,1273.86,532.97,1.0967,740.8899999999999,0.7738095238095238,2.7233086276800638,0.9920634920634921,0.32959633793078424,-0.14529633487902643,0.007936507936507936
2022-04-04,18053.400390625,17.90999984741211,38634.75,36442.8984375,13789.25,10803.849609375,1152.21,1675.01,1.1964,-522.8,0.6111111111111112,2.9572564949738234,0.996031746031746,0.2763796508798151,-0.097279652405694,0.0873015873015873
2022-04-05,17957.400390625,18.489999771118164,38067.45703125,36466.55078125,13809.25,10936.5,-3288.18,1338.0,0.9005,-4626.18,0.15079365079365079,0.5174715884864501,0.7142857142857143,0.2685728642090874,-0.08367286649790573,0.12301587301587301
2022-04-07,17639.55078125,19.0,37556.9140625,35423.25,13815.0,10820.7001953125,-2149.56,1688.39,0.7418,-3837.95,0.17857142857142858,-0.8770798072597071,0.27380952380952384,0.2786206146459638,-0.08862061464596382,0.1111111111111111
2022-04-08,17784.349609375,17.690000534057617,37751.61328125,35394.44921875,13838.599609375,10894.2998046875,1474.77,-46.79,0.8101,1521.56,0.8412698412698413,-0.27331710414564764,0.49206349206349204,0.2744439090176453,-0.09754390367706914,0.0873015873015873
2022-04-13,17475.650390625,17.790000915527344,37462.96484375,34354.80078125,13772.75,10698.2998046875,-2061.04,1410.85,0.7238,-3471.89,0.2261904761904762,-0.9978488255328533,0.2222222222222222,0.2823859453697674,-0.10448593621449398,0.07142857142857142
2022-04-18,17173.650390625,19.34000015258789,36728.57421875,32780.05078125,13717.2998046875,10745.75,-6387.45,3341.96,0.6203,-9729.41,0.023809523809523808,-1.7517163004960032,0.03571428571428571,0.26633933595979364,-0.07293933443391473,0.15873015873015872
2022-04-19,16958.650390625,19.770000457763672,36341.1796875,31804.19921875,13522.4501953125,10615.150390625,-5871.69,3980.81,0.5678,-9852.5,0.01984126984126984,-1.9646491354064362,0.01984126984126984,0.2003731191756933,-0.0026731145980565807,0.38492063492063494
2022-04-20,17136.55078125,18.670000076293945,36314.4765625,32173.400390625,13660.650390625,10848.7001953125,-3009.26,2645.82,0.657,-5655.08,0.10714285714285714,-1.2065857908966657,0.1746031746031746,0.19759470669080662,-0.010894705927867149,0.34523809523809523
2022-04-21,17392.599609375,17.850000381469727,36815.671875,32611.599609375,13821.2998046875,11090.5498046875,-713.69,2823.43,0.7861,-3537.12,0.23809523809523808,-0.24345840175427375,0.5079365079365079,0.19369126777608628,-0.015191263961389007,0.2896825396825397
2022-04-22,17171.94921875,18.350000381469727,36044.33203125,32426.69921875,13569.849609375,11028.150390625,-2461.72,1602.35,0.6725,-4064.0699999999997,0.1746031746031746,-1.0433517111363426,0.20634920634920634,0.18880863576464987,-0.005308631949952597,0.38095238095238093
2022-04-25,16953.94921875,21.260000228881836,36081.93359375,31744.0,13296.75,10916.5,-3302.85,1870.45,0.7055,-5173.3,0.13095238095238096,-0.7689345377877645,0.3055555555555556,0.19103705579406585,0.021562946494752516,0.5912698412698413
2022-04-26,17200.80078125,19.190000534057617,36404.37890625,31840.05078125,13444.099609375,11221.75,-1174.05,1643.84,0.7892,-2817.89,0.3253968253968254,-0.14397001744075225,0.5515873015873016,0.1937676837265154,-0.0018676783859392365,0.4007936507936508
2022-04-27,17038.400390625,20.610000610351562,36028.43359375,31594.349609375,13358.150390625,11158.849609375,-4064.54,1917.51,0.7432,-5982.05,0.0992063492063492,-0.4374084571779014,0.42063492063492064,0.19609976725053324,0.010000238852982374,0.5158730158730159
2022-04-28,17245.05078125,19.3799991607666,36421.77734375,31914.349609375,13480.0,11192.0498046875,743.22,780.94,1.03,-37.72000000000003,0.6944444444444444,1.5206311625301028,0.9126984126984127,0.2011346446760182,-0.0073346530683521816,0.373015873015873
2022-04-29,17102.55078125,19.420000076293945,36087.73046875,31622.400390625,13462.849609375,11078.099609375,-3648.3,3490.3,0.7828,-7138.6,0.07539682539682539,-0.20782809321169995,0.5238095238095238,0.20284291086374062,-0.008642910100801177,0.3611111111111111
2022-05-04,16677.599609375,21.8799991607666,35264.140625,30794.599609375,13108.7998046875,10661.0,374.89,105.42,0.578,269.46999999999997,0.7579365079365079,-1.593337850040162,0.05555555555555555,0.22056676562054395,-0.0017667740128779197,0.40476190476190477
2022-05-05,16682.650390625,20.290000915527344,35232.44140625,31432.44921875,13008.5,10705.7001953125,-2074.74,2229.31,0.7088,-4304.049999999999,0.17063492063492064,-0.6492150232364696,0.3373015873015873,0.21889112263517552,-0.01599111347990209,0.2698412698412698
2022-05-13,15782.150390625,23.489999771118164,33120.96484375,29624.849609375,12629.5,10412.349609375,-3780.08,3169.62,0.5885,-6949.7,0.07936507936507936,-1.3855972223461064,0.10317460317460317,0.28517570387708996,-0.05027570616590832,0.17063492063492064
2022-05-16,15842.2998046875,24.530000686645508,33597.2109375,29403.5,12608.25,10649.099609375,-1788.93,1428.39,0.6444,-3217.32,0.2777777777777778,-0.9499821169420267,0.24206349206349206,0.2867574421785874,-0.04145743531213231,0.1984126984126984
2022-05-17,16259.2998046875,22.739999771118164,34301.5,30218.75,12745.9501953125,10911.150390625,-2192.44,2294.42,0.9204,-4486.860000000001,0.17063492063492064,0.8869531926042595,0.8253968253968254,0.3017865013395572,-0.07438650362837557,0.1349206349206349
2022-05-18,16240.2998046875,22.299999237060547,34163.30078125,30077.69921875,12881.5498046875,10909.4501953125,-1254.64,375.61,0.7578,-1630.25,0.4722222222222222,-0.19938520989353944,0.5357142857142857,0.2866382503905051,-0.06363825801989964,0.1388888888888889
2022-05-19,15809.400390625,24.559999465942383,33315.26171875,28352.150390625,12600.849609375,10618.0,-4899.92,3225.54,0.6424,-8125.46,0.051587301587301584,-0.9115679762460921,0.27380952380952384,0.2967167054196849,-0.051116710760261086,0.1626984126984127
2022-05-20,16266.150390625,23.100000381469727,34276.0,28789.400390625,13065.5,10914.599609375,-1265.41,2148.95,0.8612,-3414.3599999999997,0.27380952380952384,0.49346329910618936,0.7103174603174603,0.3177669068952116,-0.08676690308051432,0.10317460317460317
2022-05-23,16214.7001953125,23.399999618530273,34247.203125,29079.30078125,12889.2001953125,11115.2001953125,-1951.17,1445.39,0.8219,-3396.5600000000004,0.2777777777777778,0.2266460042490976,0.626984126984127,0.3145117880099557,-0.08051179182465298,0.11904761904761904
2022-05-24,16125.150390625,25.639999389648438,34289.75,28531.5,12691.599609375,11116.2998046875,-2393.45,1948.49,0.7893,-4341.94,0.18253968253968253,0.0041709387770786,0.5793650793650794,0.3108536387598436,-0.05445364486335924,0.14682539682539683
2022-05-25,16025.7998046875,25.280000686645508,34339.1015625,27566.099609375,12543.849609375,11011.5,-1803.06,2229.82,0.6941,-4032.88,0.20238095238095238,-0.5988813283844341,0.3492063492063492,0.3069567629573905,-0.0541567560909354,0.14682539682539683
2022-05-26,16170.150390625,22.719999313354492,35094.4921875,27932.55078125,12557.5,11097.150390625,-1597.84,2906.46,0.9884,-4504.3,0.1746031746031746,1.267056009698539,0.8928571428571429,0.30798386327266936,-0.08078387013912444,0.10714285714285714
2022-05-27,16352.4501953125,21.479999542236328,35612.88671875,28641.599609375,12669.9501953125,11270.25,-1943.1,2727.47,1.0381,-4670.57,0.15873015873015872,1.5500073836244055,0.9206349206349206,0.3084236716788282,-0.09362367625646495,0.0873015873015873
2022-05-30,16661.400390625,19.979999542236328,35826.53125,29753.30078125,12671.150390625,11491.400390625,502.08,1524.49,1.0504,-1022.4100000000001,0.5992063492063492,1.5348975065918626,0.9126984126984127,0.31158550811844943,-0.11178551269608614,0.051587301587301584
2022-05-31,16584.55078125,20.479999542236328,35486.984375,29679.05078125,12604.4501953125,11586.599609375,-1003.56,1845.15,0.9025,-2848.71,0.35714285714285715,0.7156883051567965,0.7896825396825397,0.30923602080852575,-0.10443602538616248,0.05952380952380952
2022-06-01,16522.75,20.850000381469727,35620.38671875,29260.75,12443.75,11563.0,-1926.77,800.91,0.8212,-2727.68,0.376984126984127,0.31636210074120413,0.6507936507936508,0.3066104619738815,-0.0981104581591842,0.06746031746031746
2022-06-06,16569.55078125,20.200000762939453,35309.7890625,29819.80078125,12412.400390625,11303.150390625,-2397.65,1940.0,0.7842,-4337.65,0.19047619047619047,0.07524542267877607,0.5992063492063492,0.3014263022504044,-0.09942629462100988,0.06349206349206349
2022-06-07,16416.349609375,20.43000030517578,34995.59375,29351.69921875,12279.650390625,11362.2001953125,-330.13,1464.33,0.6894,-1794.46,0.48412698412698413,-0.6115525650971143,0.3373015873015873,0.30136096993703165,-0.09706096688527385,0.07539682539682539
2022-06-13,15774.400390625,22.3700008392334,33405.46484375,27914.599609375,12191.849609375,11165.650390625,-4164.01,2814.5,0.6272,-6978.51,0.07936507936507936,-1.0080197778895128,0.19444444444444445,0.32502756132919874,-0.10132755293686477,0.051587301587301584
2022-06-14,15732.099609375,21.889999389648438,33310.96484375,27953.349609375,12218.5,11104.150390625,-4502.25,3807.6,0.6418,-8309.85,0.047619047619047616,-0.8717615319088161,0.25793650793650796,0.3247583841706834,-0.10585839027419905,0.03968253968253968
2022-06-15,15692.150390625,22.149999618530273,33338.61328125,27812.44921875,12261.349609375,11206.75,-3531.15,2588.0,0.6816,-6119.15,0.1111111111111111,-0.6088058031968918,0.3373015873015873,0.31515627511169886,-0.09365627892639614,0.0873015873015873
2022-06-16,15360.599609375,22.8700008392334,32616.720703125,27136.44921875,12066.650390625,10956.599609375,-3257.65,1929.14,0.6355,-5186.79,0.14682539682539683,-0.9796640575794646,0.1984126984126984,0.3214188587781006,-0.09271885038576663,0.0992063492063492
2022-06-17,15293.5,22.760000228881836,32742.669921875,26732.44921875,11803.9501953125,10830.900390625,-7818.61,6086.92,0.6748,-13905.529999999999,0.007936507936507936,-0.6953991573125984,0.3055555555555556,0.25805070927427565,-0.030450706985457293,0.20238095238095238
2022-06-20,15350.150390625,22.40999984741211,32684.419921875,26966.19921875,11847.900390625,10754.7001953125,-1217.12,2093.39,0.7061,-3310.5099999999998,0.3134920634920635,-0.44156613965567576,0.40476190476190477,0.2580215225429436,-0.033921524068822484,0.19444444444444445
2022-06-21,15638.7998046875,21.139999389648438,33191.36328125,27810.650390625,12098.349609375,10974.2001953125,-2701.21,3066.41,0.8986,-5767.62,0.13095238095238096,0.9223201354043651,0.8214285714285714,0.24876016943868792,-0.037360175542203555,0.19047619047619047
2022-06-22,15413.2998046875,21.299999237060547,32844.91796875,27488.400390625,11939.0498046875,10881.400390625,-2920.61,1859.07,0.7454,-4779.68,0.1746031746031746,-0.21542368594449682,0.5,0.25269330798348305,-0.03969331561287759,0.1865079365079365
2022-06-23,15556.650390625,20.8799991607666,33134.61328125,28027.80078125,12127.2001953125,11359.5,-2319.06,2438.31,0.7917,-4757.37,0.17857142857142858,0.1258431591124642,0.6071428571428571,0.2388280569426759,-0.030028065335009874,0.21428571428571427
2022-06-24,15699.25,20.549999237060547,33627.05859375,27777.80078125,12178.400390625,11583.25,-2353.77,2213.44,0.8614,-4567.21,0.1984126984126984,0.6079380047260416,0.7420634920634921,0.21615233519997232,-0.010652342829366862,0.3412698412698413
2022-06-27,15832.0498046875,21.010000228881836,33810.85546875,28345.94921875,12221.5498046875,11686.0498046875,-1278.42,1184.47,0.8531,-2462.8900000000003,0.43253968253968256,0.6253938128245324,0.7420634920634921,0.21905718700652432,-0.008957184717705957,0.3531746031746032
2022-06-28,15850.2001953125,21.450000762939453,33642.05859375,28509.099609375,12214.5498046875,11832.5498046875,-1244.44,1205.63,0.8334,-2450.07,0.44047619047619047,0.45737143147746734,0.6904761904761905,0.218583542125142,-0.004083534495747471,0.3888888888888889
2022-06-29,15799.099609375,21.899999618530273,33269.51171875,28140.099609375,12210.9501953125,11850.5,-851.06,847.46,0.8509,-1698.52,0.5238095238095238,0.542654050700373,0.7182539682539683,0.21788072353824328,0.001119272647059466,0.42063492063492064
2022-06-30,15780.25,21.84000015258789,33424.71484375,27843.349609375,12159.349609375,11701.150390625,-1138.05,1378.2,0.9878,-2516.25,0.42063492063492064,1.5139857589330663,0.9047619047619048,0.2148580441020723,0.003541957423806613,0.44841269841269843
2022-07-01,15752.0498046875,21.25,33539.05859375,28064.25,12260.900390625,11711.9501953125,496.27,-115.66,1.0134,611.93,0.8333333333333334,1.6012393475052504,0.9285714285714286,0.20977748292878567,0.00272251707121432,0.43253968253968256
2022-07-04,15835.349609375,20.969999313354492,33940.50390625,27890.650390625,12218.2001953125,11692.099609375,-5009.62,1774.7,1.0233,-6784.32,0.0992063492063492,1.55510224346158,0.9166666666666666,0.19733818954526824,0.012361803588276682,0.5238095238095238
2022-07-06,15989.7998046875,20.270000457763672,34323.8515625,28007.599609375,12331.150390625,11952.2001953125,-2293.98,1311.14,1.1817,-3605.12,0.30158730158730157,2.4241296131985277,0.9722222222222222,0.20183823798511402,0.0008617665925226836,0.4087301587301587
2022-07-07,16132.900390625,19.200000762939453,34919.89453125,28196.349609375,12389.7001953125,12114.099609375,-925.22,980.59,1.0314,-1905.81,0.5238095238095238,1.2955976073870847,0.873015873015873,0.20521469759088057,-0.013214689961486031,0.2896825396825397
2022-07-13,15966.650390625,18.520000457763672,34827.39453125,26949.75,12622.2998046875,12099.349609375,-2839.52,1799.22,0.7287,-4638.74,0.1984126984126984,-0.7608590878828452,0.28174603174603174,0.2071162347376849,-0.021916230160048178,0.23015873015873015
2022-07-14,15938.650390625,18.34000015258789,34650.796875,26523.30078125,12721.0,12115.2998046875,309.06,-556.4,0.8462,865.46,0.8690476190476191,0.04376804706771474,0.5833333333333334,0.20524692956086818,-0.021846928034989277,0.23412698412698413
2022-07-15,16049.2001953125,17.600000381469727,34682.24609375,26484.75,12732.0,12361.650390625,-1649.36,1059.46,0.9152,-2708.8199999999997,0.4166666666666667,0.49120664722946056,0.6865079365079365,0.1484474584271402,0.02755254538755708,0.6825396825396826
2022-07-18,16278.5,17.15999984741211,35358.2890625,27322.94921875,12713.4501953125,12408.7001953125,156.08,844.33,1.0834,-688.25,0.7023809523809523,1.5060771468450518,0.8888888888888888,0.1550321850271739,0.016567813446947216,0.5555555555555556
2022-07-19,16340.5498046875,17.200000762939453,35719.9375,27346.150390625,12682.2001953125,12538.900390625,976.4,-100.73,1.1563,1077.1299999999999,0.8849206349206349,1.8036910609292378,0.9444444444444444,0.15436022857088524,0.017639779058509275,0.5753968253968254
2022-07-20,16520.849609375,16.81999969482422,35971.68359375,28146.349609375,12711.5,12511.2998046875,1780.94,-230.22,1.1179,2011.16,0.9484126984126984,1.4894395599371655,0.8809523809523809,0.13017926885676112,0.038020728091481076,0.7579365079365079
2022-07-21,16605.25,16.860000610351562,36200.578125,28342.900390625,12651.75,12581.349609375,1799.32,-312.29,1.0505,2111.61,0.9563492063492064,1.0750836890879323,0.8333333333333334,0.12673742363452292,0.041862582468992715,0.7777777777777778
2022-07-22,16719.44921875,16.649999618530273,36738.5234375,28168.150390625,12617.5498046875,12634.2001953125,-675.45,739.38,1.1037,-1414.83,0.5555555555555556,1.3676646157511292,0.8809523809523809,0.12709435880813777,0.03940563737716496,0.7579365079365079
2022-07-25,16631.0,17.68000030517578,36725.97265625,28216.0,12488.7998046875,12423.7001953125,-844.78,-72.26,0.9887,-772.52,0.6825396825396826,0.6591232644872853,0.746031746031746,0.1193963912225491,0.05740361182920871,0.9047619047619048
2022-07-26,16483.849609375,18.170000076293945,36408.078125,27418.849609375,12341.900390625,12276.5,-1548.29,999.36,0.8635,-2547.65,0.42063492063492064,-0.0913962322845513,0.5436507936507936,0.10965496937908198,0.07204503138385748,0.9682539682539683
2022-07-27,16641.80078125,18.1299991607666,36783.32421875,27878.80078125,12628.9501953125,12326.349609375,-436.81,712.03,1.0872,-1148.84,0.6031746031746031,1.1550177068728311,0.8531746031746031,0.10985842348595479,0.07144156812171124,0.9603174603174603
2022-07-28,16929.599609375,17.010000228881836,37377.71484375,28663.05078125,12660.650390625,12383.7001953125,1637.69,600.29,1.1385,1037.4,0.873015873015873,1.3543379947051428,0.8809523809523809,0.11875891733802883,0.051341084950789526,0.8412698412698413
2022-07-29,17158.25,16.549999237060547,37490.9609375,29152.30078125,12776.5498046875,12543.2001953125,1046.32,-0.91,1.0715,1047.23,0.873015873015873,0.9112685624022981,0.7896825396825397,0.12261148851394568,0.04288850385665979,0.7777777777777778
2022-08-02,17345.44921875,18.530000686645508,38023.55859375,29024.650390625,12780.400390625,13023.650390625,-1967.89,1115.0,1.1621,-3082.8900000000003,0.35714285714285715,1.3708751877102991,0.8888888888888888,0.12441824201932353,0.060881764847131564,0.9087301587301587
2022-08-03,17388.150390625,18.450000762939453,37988.80859375,29416.94921875,12682.0,12919.400390625,-8142.6,6489.59,1.0459,-14632.19,0.003968253968253968,0.615031252876556,0.7182539682539683,0.12132701657985502,0.06317299104953951,0.9166666666666666
2022-08-04,17382.0,19.260000228881836,37755.11328125,29782.900390625,12982.349609375,12945.7001953125,-575.04,-16.51,0.9012,-558.53,0.7103174603174603,-0.37849261424718134,0.4087301587301587,0.12081291823503866,0.07178708405377969,0.9603174603174603
2022-08-08,17525.099609375,19.299999237060547,38236.953125,29967.69921875,12940.25,12927.9501953125,1449.7,-140.73,1.0822,1590.43,0.9087301587301587,0.8000104524853776,0.7777777777777778,0.11873551149984854,0.07426448087075693,0.9722222222222222
2022-08-16,17825.25,17.68000030517578,39239.19140625,29909.0,12933.849609375,13250.0,1376.84,-136.24,1.0168,1513.08,0.8968253968253969,0.27437275475037765,0.623015873015873,0.12572542722977154,0.05107457582198627,0.8174603174603174
2022-08-17,17944.25,17.68000030517578,39461.2421875,30256.900390625,12979.25,13194.25,2347.22,-510.23,1.1112,2857.45,0.9722222222222222,0.936369118519281,0.8095238095238095,0.12497036258767517,0.05182964046408263,0.8333333333333334
2022-08-18,17956.5,17.350000381469727,39655.6875,30018.900390625,12935.75,13131.900390625,-1706.0,470.79,1.0168,-2176.79,0.4722222222222222,0.15917038237319886,0.5952380952380952,0.12563585610669378,0.047864147708003485,0.7857142857142857
2022-08-19,17758.44921875,18.290000915527344,38985.49609375,30036.099609375,12799.9501953125,12946.4501953125,1110.9,-1633.21,0.7342,2744.11,0.9682539682539683,-2.056958198126055,0.003968253968253968,0.12687134006547326,0.05602866908980017,0.8650793650793651
2022-08-22,17490.69921875,19.040000915527344,38297.3046875,29478.900390625,12588.25,12695.75,-453.77,-85.06,0.6779,-368.71,0.7301587301587301,-2.2625180740720903,0.003968253968253968,0.14454201450401144,0.045857994651262,0.7698412698412699
2022-08-23,17577.5,19.049999237060547,38697.19921875,28957.849609375,12683.5498046875,12925.75,563.0,-215.2,0.8423,778.2,0.8373015873015873,-1.0619202931164928,0.1746031746031746,0.14430167412381098,0.04619831824679449,0.7698412698412699
2022-08-24,17604.94921875,18.43000030517578,39038.046875,28859.849609375,12644.0,12913.349609375,23.19,-322.34,0.9075,345.53,0.7936507936507936,-0.6171847458666083,0.3333333333333333,0.14001276144549732,0.04428724160626049,0.7420634920634921
2022-08-25,17522.44921875,19.56999969482422,38950.296875,28608.650390625,12593.25,12877.900390625,369.06,-334.31,0.8715,703.37,0.8174603174603174,-0.8919966250963298,0.25396825396825395,0.14331643131182922,0.05238356563641297,0.8333333333333334
2022-08-26,17558.900390625,18.219999313354492,38986.6953125,28691.599609375,12580.4501953125,12929.150390625,-51.12,453.59,0.8186,-504.71,0.7142857142857143,-1.2091802110212932,0.14285714285714285,0.14061006593759703,0.041589927195947896,0.7063492063492064
2022-08-29,17312.900390625,19.81999969482422,38276.25390625,27678.94921875,12545.75,12886.400390625,-561.22,144.08,0.8295,-705.3000000000001,0.6706349206349206,-1.064918473673502,0.17857142857142858,0.15288762412919085,0.045312372819051344,0.753968253968254
2022-08-30,17759.30078125,18.700000762939453,39536.2890625,28407.900390625,12699.400390625,13217.349609375,4165.86,-656.72,1.2298,4822.58,0.9920634920634921,1.6344453922568962,0.9404761904761905,0.17345882385287967,0.013541183776514865,0.47619047619047616
2022-09-02,17539.44921875,19.549999237060547,39420.54296875,27745.80078125,12506.150390625,13220.650390625,-892.64,1793.35,0.8813,-2685.99,0.40476190476190477,-0.6602375615699382,0.3134920634920635,0.17975351722426278,0.015746475146342698,0.49206349206349204
2022-09-05,17665.80078125,19.65999984741211,39805.2890625,27836.599609375,12565.5498046875,13246.099609375,-3361.8,3077.24,1.0201,-6439.04,0.11507936507936507,0.29971719525118545,0.6190476190476191,0.17505062009118155,0.02154937838293955,0.5317460317460317
2022-09-06,17655.599609375,19.520000457763672,39666.0390625,27742.80078125,12598.0,13225.2998046875,-1512.64,1624.9,0.8897,-3137.54,0.3531746031746032,-0.6680717164549838,0.3055555555555556,0.17407478155195685,0.021125223025679873,0.5277777777777778
2022-10-03,16887.349609375,21.3700008392334,38029.20703125,26729.099609375,13118.9501953125,12441.0498046875,-1981.15,945.71,0.7615,-2926.86,0.376984126984127,-1.5342421032905231,0.05952380952380952,0.23445309069103842,-0.02075308229870443,0.23809523809523808
2022-10-06,17331.80078125,19.31999969482422,39282.39453125,27928.75,13188.0,12784.5498046875,-3973.95,2831.07,0.8776,-6805.02,0.0992063492063492,-0.7035437714438301,0.29365079365079366,0.24792949219875318,-0.05472949525051099,0.14682539682539683
2022-11-01,18145.400390625,16.1299991607666,41289.0703125,29270.650390625,13492.0498046875,13416.900390625,111.91,378.74,0.9864,-266.83000000000004,0.75,0.08260518695057142,0.5714285714285714,0.2941731716168775,-0.1328731800092115,0.007936507936507936
2022-11-02,18082.849609375,16.65999984741211,41146.171875,29138.650390625,13556.900390625,13318.25,108.53,-696.9,0.8973,805.43,0.8412698412698413,-0.4997446186979992,0.36904761904761907,0.29486637174838715,-0.12826637327426604,0.015873015873015872
2022-11-03,18052.69921875,15.9399995803833,41297.87109375,28795.75,13559.9501953125,13262.650390625,-2263.9,1686.85,1.0041,-3950.75,0.2619047619047619,0.3098893121490984,0.6190476190476191,0.29504004437524445,-0.13564004857141143,0.007936507936507936
2022-11-04,18117.150390625,15.65999984741211,41257.96875,28693.05078125,13422.150390625,13271.7001953125,-1145.2,-486.5,0.9285,-658.7,0.6904761904761905,-0.22197952280723457,0.46825396825396826,0.29418361610577376,-0.13758361763165267,0.007936507936507936
2022-11-07,18202.80078125,15.59000015258789,41686.21484375,28741.30078125,13230.0,13443.900390625,-170.51,-296.99,0.9508,126.48000000000002,0.7817460317460317,-0.017846989153558403,0.5277777777777778,0.28888559147574394,-0.13298558994986504,0.015873015873015872
2022-12-01,18812.5,13.359999656677246,43260.14453125,31120.5,13120.650390625,13191.75,-1001.57,1332.01,0.9824,-2333.58,0.4801587301587302,0.22485769702000077,0.5912698412698413,0.30995931249408193,-0.17635931592730947,0.003968253968253968
2022-12-05,18701.05078125,13.729999542236328,43332.4453125,30891.5,13052.900390625,13007.5498046875,-5255.75,4815.64,0.8863,-10071.39,0.027777777777777776,-0.5160447296237551,0.35714285714285715,0.31132443988241654,-0.17402444446005325,0.007936507936507936
2022-12-07,18560.5,14.079999923706055,43098.19921875,30187.05078125,12869.7998046875,12870.650390625,-1565.68,140.71,0.725,-1706.39,0.5396825396825397,-1.6104736656708705,0.047619047619047616,0.3095914415998368,-0.16879144236277627,0.011904761904761904
