date,Close,High,Low,Open,Volume
2015-01-01,11215.7001953125,11235.75,11166.349609375,11214.7998046875,4400
2015-01-02,11372.099609375,11399.099609375,11214.650390625,11214.650390625,0
2015-01-05,11248.5498046875,11433.75,11186.9501953125,11369.349609375,0
2015-01-06,10959.900390625,11186.099609375,10909.0,11186.099609375,0
2015-01-07,10916.0,11042.349609375,10889.5498046875,11013.2001953125,0
2015-01-08,11018.150390625,11058.150390625,10915.0498046875,11031.150390625,0
2015-01-09,11399.650390625,11484.900390625,10932.2001953125,11058.0498046875,24600
2015-01-12,11543.650390625,11565.849609375,11378.7998046875,11456.0,0
2015-01-13,11502.7998046875,11546.599609375,11437.9501953125,11545.25,0
2015-01-14,11614.2998046875,11631.5498046875,11521.0,11561.9501953125,0
2015-01-15,11669.849609375,11774.5,11575.099609375,11672.2998046875,0
2015-01-16,11659.599609375,11708.849609375,11582.849609375,11708.849609375,0
2015-01-19,11642.75,11797.599609375,11629.0498046875,11732.5,0
2015-01-20,11695.0,11721.900390625,11635.7001953125,11681.7998046875,0
2015-01-21,11813.7001953125,11838.2998046875,11659.7001953125,11732.4501953125,0
2015-01-22,11850.849609375,11884.5,11782.9501953125,11832.5498046875,0
2015-01-23,11885.150390625,11921.0,11767.400390625,11877.900390625,31000
2015-01-27,11693.4501953125,11917.25,11679.5498046875,11915.599609375,0
2015-01-28,11809.5498046875,11821.7998046875,11693.7998046875,11712.5498046875,0
2015-01-29,11824.150390625,11861.5,11728.75,11812.349609375,0
2015-01-30,11824.75,12003.349609375,11799.349609375,11998.349609375,19000
2015-02-02,11943.9501953125,11972.599609375,11847.7998046875,11871.349609375,0
2015-02-03,11963.900390625,12000.650390625,11849.0,11963.75,0
2015-02-04,11938.900390625,12027.099609375,11902.349609375,12027.099609375,0
2015-02-05,12165.150390625,12295.349609375,11963.7998046875,11967.75,0
2015-02-06,12267.9501953125,12380.4501953125,12186.9501953125,12190.7001953125,11100
2015-02-09,12249.2998046875,12285.4501953125,12160.900390625,12160.900390625,0
2015-02-10,12162.849609375,12297.75,12129.650390625,12215.2001953125,0
2015-02-11,12243.400390625,12265.7001953125,12149.349609375,12198.4501953125,0
2015-02-12,12372.0,12397.0,12253.0498046875,12277.2001953125,0
2015-02-13,12464.9501953125,12506.7001953125,12353.25,12369.599609375,0
2015-02-16,12487.2001953125,12541.0498046875,12457.650390625,12461.75,11100
2015-02-18,12632.75,12647.7001953125,12442.7001953125,12511.0498046875,0
2015-02-19,12723.7998046875,12737.099609375,12628.75,12629.0498046875,0
2015-02-20,12571.9501953125,12750.0,12550.75,12750.0,11100
2015-02-23,12531.2998046875,12709.900390625,12475.900390625,12607.349609375,0
2015-02-24,12566.2001953125,12644.099609375,12514.650390625,12572.25,0
2015-02-25,12633.349609375,12719.900390625,12600.0498046875,12621.5498046875,0
2015-02-26,12458.5,12633.150390625,12429.5,12623.7998046875,0
2015-02-27,12554.9501953125,12578.099609375,12434.650390625,12511.25,0
2015-03-02,12663.7001953125,12719.0498046875,12586.150390625,12700.599609375,0
2015-03-03,12855.900390625,12871.150390625,12635.5,12687.25,0
2015-03-04,12730.599609375,12908.099609375,12630.5498046875,12885.75,0
2015-03-05,12665.5,12832.2998046875,12615.4501953125,12719.099609375,11000
2015-03-09,12422.25,12599.7998046875,12372.4501953125,12599.7998046875,0
2015-03-10,12405.0498046875,12462.7998046875,12307.099609375,12404.349609375,0
2015-03-11,12352.349609375,12585.5498046875,12298.5,12414.7001953125,0
2015-03-12,12423.650390625,12442.400390625,12329.25,12377.2001953125,0
2015-03-13,12312.150390625,12478.5498046875,12248.4501953125,12478.5498046875,17800
2015-03-16,12419.0498046875,12477.4501953125,12297.2001953125,12308.9501953125,0
2015-03-17,12383.150390625,12498.849609375,12300.849609375,12459.599609375,0
2015-03-18,12276.099609375,12448.4501953125,12256.5498046875,12434.25,0
2015-03-19,12275.2001953125,12356.650390625,12253.099609375,12298.25,0
2015-03-20,12363.5,12392.849609375,12274.349609375,12306.599609375,0
2015-03-23,12244.4501953125,12443.25,12217.75,12364.2998046875,0
2015-03-24,12180.0,12345.0498046875,12154.4501953125,12266.2001953125,0
2015-03-25,12225.599609375,12256.400390625,12135.5,12214.5498046875,0
2015-03-26,11902.099609375,12204.4501953125,11865.849609375,12168.2998046875,0
2015-03-27,11968.5,12146.900390625,11926.9501953125,11978.0498046875,24000
2015-03-30,12100.849609375,12127.599609375,11971.400390625,12010.650390625,0
2015-03-31,12083.0,12206.7998046875,12005.2001953125,12159.0498046875,0
2015-04-01,11952.2001953125,12008.5498046875,11880.150390625,11997.4501953125,21300
2015-04-06,11969.25,11997.2998046875,11872.650390625,11970.2001953125,0
2015-04-07,11989.349609375,12062.25,11881.5,11999.25,0
2015-04-08,12214.2998046875,12249.099609375,12060.25,12072.2001953125,0
2015-04-09,12279.400390625,12323.7001953125,12171.150390625,12296.75,0
2015-04-10,12294.75,12335.75,12244.2001953125,12249.0498046875,16100
2015-04-13,12333.7998046875,12349.4501953125,12222.900390625,12329.099609375,12300
2015-04-15,12154.5498046875,12369.400390625,12121.5498046875,12335.150390625,0
2015-04-16,12059.0,12198.0498046875,11947.0498046875,12187.5498046875,0
2015-04-17,11803.0498046875,11972.349609375,11758.75,11972.349609375,24500
2015-04-20,11562.2001953125,11815.7001953125,11538.849609375,11805.5,0
2015-04-21,11558.400390625,11602.7998046875,11415.0,11472.599609375,0
2015-04-22,11492.0,11552.5,11345.099609375,11552.5,0
2015-04-23,11451.5498046875,11572.0498046875,11410.400390625,11571.0498046875,0
2015-04-24,11132.25,11523.0,11077.2998046875,11474.400390625,32100
2015-04-27,11097.900390625,11170.5,10941.75,11166.400390625,0
2015-04-28,11052.9501953125,11097.2001953125,10979.2001953125,11097.2001953125,0
2015-04-29,11094.400390625,11150.5498046875,10954.0,11039.0,0
2015-04-30,11001.0498046875,11056.5,10916.650390625,11056.5,43600
2015-05-04,11191.4501953125,11217.2001953125,11044.25,11087.5,0
2015-05-05,11170.25,11264.349609375,11115.5,11252.2998046875,0
2015-05-06,10938.849609375,11191.7001953125,10921.75,11186.349609375,0
2015-05-07,11127.75,11172.150390625,10900.900390625,10934.7998046875,0
2015-05-08,11172.0498046875,11268.599609375,11134.2001953125,11209.150390625,13900
2015-05-11,11324.5498046875,11351.0498046875,11184.650390625,11225.150390625,0
2015-05-12,11118.4501953125,11337.7001953125,11101.25,11337.7001953125,0
2015-05-13,11170.5,11225.5498046875,11040.5498046875,11168.7001953125,0
2015-05-14,11093.599609375,11185.599609375,11021.849609375,11185.599609375,0
2015-05-15,11171.900390625,11208.2001953125,11099.2001953125,11109.7001953125,13500
2015-05-18,11279.4501953125,11294.4501953125,11147.150390625,11200.400390625,0
2015-05-19,11372.2001953125,11425.150390625,11260.2001953125,11264.7998046875,0
2015-05-20,11571.7001953125,11583.0498046875,11438.7001953125,11438.7001953125,0
2015-05-21,11618.599609375,11638.099609375,11572.599609375,11589.0,0
2015-05-22,11728.400390625,11745.75,11562.5,11584.7001953125,14300
2015-05-25,11623.349609375,11784.349609375,11602.099609375,11740.75,0
2015-05-26,11581.900390625,11649.7001953125,11562.0498046875,11608.75,0
2015-05-27,11367.5,11481.4501953125,11338.0498046875,11481.4501953125,0
2015-05-28,11450.849609375,11483.75,11321.650390625,11368.0,0
2015-05-29,11575.0498046875,11647.0498046875,11411.150390625,11443.099609375,0
2015-06-01,11525.650390625,11629.5498046875,11496.0498046875,11561.900390625,0
2015-06-02,11347.900390625,11563.9501953125,11326.7001953125,11523.849609375,0
2015-06-03,11361.099609375,11421.5498046875,11299.75,11383.099609375,0
2015-06-04,11379.2001953125,11455.900390625,11331.849609375,11375.849609375,0
2015-06-05,11291.5498046875,11444.0,11282.2998046875,11376.4501953125,0
2015-06-08,11238.599609375,11303.599609375,11196.5,11302.75,0
2015-06-09,11142.9501953125,11254.4501953125,11114.2998046875,11235.2998046875,0
2015-06-10,11401.7001953125,11423.75,11136.400390625,11145.400390625,0
2015-06-11,11227.150390625,11444.75,11213.400390625,11420.0,0
2015-06-12,11049.349609375,11267.0,10930.4501953125,11222.7998046875,0
2015-06-15,11093.849609375,11170.0498046875,10933.400390625,11022.7001953125,0
2015-06-16,11119.2001953125,11135.25,11046.0,11111.7998046875,0
2015-06-17,11143.5,11221.150390625,11114.349609375,11181.900390625,0
2015-06-18,11215.349609375,11259.150390625,11164.099609375,11191.75,0
2015-06-19,11243.650390625,11353.25,11222.25,11260.900390625,13900
2015-06-22,11429.7998046875,11446.7998046875,11260.9501953125,11266.900390625,0
2015-06-23,11341.150390625,11479.599609375,11327.2001953125,11473.0,0
2015-06-24,11353.75,11409.75,11324.349609375,11400.349609375,0
2015-06-25,11210.400390625,11332.7001953125,11188.5498046875,11332.4501953125,0
2015-06-26,11362.5498046875,11388.4501953125,11238.7998046875,11238.7998046875,0
2015-06-29,11133.650390625,11230.2001953125,10998.2001953125,11181.25,0
2015-06-30,11037.400390625,11144.2001953125,11016.75,11101.599609375,0
2015-07-01,11213.599609375,11239.75,11053.650390625,11053.650390625,0
2015-07-02,11187.25,11247.5,11161.2998046875,11246.5,0
2015-07-03,11198.650390625,11214.650390625,11135.0,11162.900390625,6800
2015-07-06,11209.599609375,11239.0,11072.5498046875,11079.2001953125,0
2015-07-07,11143.849609375,11264.5498046875,11126.2001953125,11216.5498046875,0
2015-07-08,11021.7998046875,11143.900390625,10980.0498046875,11079.9501953125,0
2015-07-09,10828.7001953125,11065.400390625,10808.349609375,11043.650390625,0
2015-07-10,10798.25,10950.25,10759.849609375,10950.25,0
2015-07-13,10998.849609375,11011.650390625,10840.650390625,10840.650390625,0
2015-07-14,11043.849609375,11067.5498046875,10945.0498046875,11024.400390625,0
2015-07-15,11150.25,11165.5,11050.5,11050.5,0
2015-07-16,11191.599609375,11218.75,11123.150390625,11191.150390625,0
2015-07-17,11269.2001953125,11306.400390625,11227.400390625,11239.7001953125,0
2015-07-20,11266.9501953125,11307.900390625,11197.849609375,11270.400390625,0
2015-07-21,11655.4501953125,11798.2001953125,11366.599609375,11366.599609375,0
2015-07-22,11643.75,11687.2001953125,11509.150390625,11647.5,0
2015-07-23,11558.7001953125,11719.0498046875,11537.7001953125,11640.650390625,0
2015-07-24,11464.150390625,11588.900390625,11452.25,11568.849609375,0
2015-07-27,11362.4501953125,11438.0,11342.5,11437.5498046875,0
2015-07-28,11306.25,11432.4501953125,11283.7001953125,11378.7998046875,0
2015-07-29,11470.7001953125,11494.849609375,11330.650390625,11369.4501953125,0
2015-07-30,11394.5498046875,11539.4501953125,11365.0498046875,11530.2998046875,0
2015-07-31,11594.150390625,11622.2001953125,11434.900390625,11434.900390625,0
2015-08-03,11466.400390625,11572.599609375,11441.5,11490.599609375,0
2015-08-04,11415.5498046875,11489.150390625,11379.150390625,11480.7001953125,0
2015-08-05,11618.0,11632.2001953125,11460.0,11470.2001953125,0
2015-08-06,11616.5,11739.099609375,11576.25,11698.900390625,0
2015-08-07,11597.0498046875,11663.599609375,11580.349609375,11604.4501953125,0
2015-08-10,11573.900390625,11696.849609375,11500.400390625,11623.099609375,0
2015-08-11,11711.150390625,11740.849609375,11605.900390625,11637.25,0
2015-08-12,12006.7998046875,12026.0498046875,11731.7001953125,11731.7001953125,0
2015-08-13,11956.099609375,12092.0498046875,11916.2998046875,12029.5,0
2015-08-14,12048.4501953125,12129.0,11961.099609375,11968.2998046875,0
2015-08-17,12001.75,12058.0498046875,11920.25,12057.650390625,0
2015-08-18,12159.400390625,12250.099609375,12060.150390625,12068.349609375,0
2015-08-19,12249.099609375,12314.400390625,12165.400390625,12215.5498046875,0
2015-08-20,11985.25,12269.5,11969.2998046875,12269.5,0
2015-08-21,12032.2998046875,12102.7998046875,11825.0498046875,12009.7998046875,0
2015-08-24,11455.150390625,11797.9501953125,11393.0,11750.4501953125,0
2015-08-25,11376.75,11615.5,11140.7998046875,11524.849609375,0
2015-08-26,11284.099609375,11548.849609375,11172.2001953125,11395.5,0
2015-08-27,11396.900390625,11476.7998046875,11351.0498046875,11438.7001953125,0
2015-08-28,11588.25,11645.0498046875,11534.849609375,11545.2998046875,0
2015-08-31,11605.7001953125,11691.650390625,11537.650390625,11691.650390625,0
2015-09-01,11476.4501953125,11712.5,11391.7001953125,11563.5498046875,0
2015-09-02,11604.7001953125,11752.099609375,11510.900390625,11563.9501953125,0
2015-09-03,11672.849609375,11722.7998046875,11565.099609375,11679.5,0
2015-09-04,11413.599609375,11695.7998046875,11392.9501953125,11689.7998046875,9800
2015-09-07,11318.2998046875,11451.099609375,11264.7001953125,11445.349609375,0
2015-09-08,11390.099609375,11452.9501953125,11279.2001953125,11331.650390625,0
2015-09-09,11504.900390625,11604.150390625,11446.349609375,11554.4501953125,0
2015-09-10,11396.9501953125,11468.9501953125,11292.2001953125,11439.4501953125,0
2015-09-11,11432.25,11519.75,11381.349609375,11445.650390625,0
2015-09-14,11520.2998046875,11527.75,11405.349609375,11482.400390625,0
2015-09-15,11536.349609375,11545.2998046875,11475.25,11524.400390625,0
2015-09-16,11606.650390625,11659.0,11563.75,11614.7001953125,9300
2015-09-18,11726.7001953125,11801.900390625,11666.849609375,11694.9501953125,0
2015-09-21,11724.0498046875,11752.849609375,11643.25,11659.849609375,0
2015-09-22,11705.5498046875,11941.7998046875,11615.7001953125,11790.5,0
2015-09-23,11694.0,11753.599609375,11586.900390625,11659.900390625,0
2015-09-24,11954.099609375,11971.650390625,11677.7001953125,11710.75,14400
2015-09-28,11841.0498046875,12008.0,11819.2001953125,11989.2998046875,0
2015-09-29,11863.9501953125,11963.2001953125,11749.25,11768.650390625,0
2015-09-30,12032.099609375,12055.7998046875,11904.0498046875,12010.75,0
2015-10-01,11867.849609375,11998.7001953125,11769.5,11877.849609375,26300
2015-10-05,12002.099609375,12057.099609375,11867.4501953125,11867.4501953125,0
2015-10-06,11889.900390625,12077.9501953125,11865.25,12057.4501953125,0
2015-10-07,11683.4501953125,11904.5,11660.7001953125,11878.349609375,0
2015-10-08,11669.7001953125,11802.150390625,11625.650390625,11753.849609375,0
2015-10-09,11807.5498046875,11827.5,11676.150390625,11734.2998046875,0
2015-10-12,11630.650390625,12019.0498046875,11571.75,11972.099609375,0
2015-10-13,11522.599609375,11603.900390625,11452.2998046875,11595.849609375,0
2015-10-14,11362.900390625,11479.400390625,11347.650390625,11435.2998046875,0
2015-10-15,11338.349609375,11411.400390625,11310.4501953125,11407.5498046875,0
2015-10-16,11337.7998046875,11402.5,11301.099609375,11392.5498046875,0
2015-10-19,11432.150390625,11469.2001953125,11305.849609375,11360.400390625,0
2015-10-20,11529.599609375,11539.25,11436.650390625,11465.0498046875,0
2015-10-21,11549.0498046875,11583.4501953125,11501.0498046875,11552.599609375,0
2015-10-23,11552.0,11588.2001953125,11494.150390625,11588.0,0
2015-10-26,11576.349609375,11612.7001953125,11537.099609375,11597.900390625,0
2015-10-27,11583.5498046875,11601.25,11533.0498046875,11570.2998046875,0
2015-10-28,11643.2998046875,11664.9501953125,11537.2998046875,11546.0498046875,0
2015-10-29,11548.150390625,11644.0498046875,11523.9501953125,11644.0498046875,0
2015-10-30,11486.900390625,11559.349609375,11467.900390625,11549.75,0
2015-11-02,11546.25,11560.599609375,11428.099609375,11497.9501953125,0
2015-11-03,11618.400390625,11627.849609375,11565.0,11576.0,0
2015-11-04,11551.599609375,11688.650390625,11535.9501953125,11680.150390625,0
2015-11-05,11414.4501953125,11573.099609375,11397.5,11573.099609375,0
2015-11-06,11485.4501953125,11515.650390625,11422.9501953125,11424.2001953125,6500
2015-11-09,11412.150390625,11427.9501953125,11320.9501953125,11364.5498046875,10100
2015-11-10,11214.2001953125,11387.849609375,11191.900390625,11385.7001953125,7000
2015-11-13,11102.4501953125,11176.75,11027.099609375,11110.75,6900
2015-11-16,11003.7998046875,11061.599609375,10911.099609375,11011.5,8900
2015-11-17,11035.099609375,11052.400390625,10974.5498046875,11032.4501953125,10900
2015-11-18,10836.7001953125,10969.5,10799.0,10967.75,10200
2015-11-19,11032.900390625,11059.849609375,10893.75,10910.5,9900
2015-11-20,11118.849609375,11195.75,11036.900390625,11045.650390625,10800
2015-11-23,11121.2001953125,11189.5,11084.349609375,11126.25,8700
2015-11-24,11057.349609375,11122.0498046875,11036.0498046875,11096.400390625,7800
2015-11-26,11042.9501953125,11129.25,11013.900390625,11048.400390625,15000
2015-11-27,11122.900390625,11136.400390625,11031.4501953125,11064.599609375,7400
2015-11-30,11206.0,11279.650390625,11083.599609375,11147.849609375,21100
2015-12-01,11256.2998046875,11293.2001953125,11216.9501953125,11216.9501953125,9100
2015-12-02,11149.599609375,11298.900390625,11134.900390625,11298.900390625,7500
2015-12-03,11081.900390625,11153.7001953125,11067.5498046875,11149.2998046875,9400
2015-12-04,10969.0498046875,11037.9501953125,10940.2998046875,11034.650390625,10100
2015-12-07,10998.650390625,11054.0,10943.849609375,11009.5,8500
2015-12-08,10981.849609375,11109.2998046875,10946.0,10989.2001953125,8500
2015-12-09,10930.0498046875,11027.2998046875,10916.25,10978.25,11000
2015-12-10,11055.5,11073.150390625,10931.150390625,10971.5498046875,7900
2015-12-11,11043.0498046875,11086.5498046875,11015.599609375,11086.5498046875,8500
2015-12-14,11099.7001953125,11124.900390625,10940.75,10940.75,7000
2015-12-15,11058.25,11139.5498046875,11044.349609375,11139.5498046875,9100
2015-12-16,11144.900390625,11187.849609375,11081.75,11081.75,8800
2015-12-17,11275.150390625,11293.0498046875,11122.4501953125,11182.9501953125,9600
2015-12-18,11122.5,11227.150390625,11094.7998046875,11227.150390625,11800
2015-12-21,11224.75,11232.5,11067.2001953125,11096.400390625,6000
2015-12-22,11095.4501953125,11201.7998046875,11081.150390625,11201.7998046875,6000
2015-12-23,11195.650390625,11206.400390625,11130.650390625,11163.7998046875,4600
2015-12-24,11184.900390625,11197.5,11152.849609375,11193.25,2900
2015-12-28,11271.7998046875,11303.0498046875,11146.849609375,11152.7001953125,8100
2015-12-29,11253.4501953125,11287.5,11206.599609375,11257.0498046875,6000
2015-12-30,11117.599609375,11263.599609375,11100.099609375,11247.349609375,6600
2015-12-31,11212.5498046875,11233.849609375,11113.0,11113.0,8200
2016-01-01,11174.849609375,11221.599609375,11137.849609375,11210.25,3100
2016-01-04,11029.25,11160.9501953125,11004.650390625,11144.0,7900
2016-01-05,10997.150390625,11084.599609375,10945.2001953125,11082.599609375,7900
2016-01-06,11018.150390625,11037.400390625,10979.4501953125,11027.5498046875,8600
2016-01-07,10863.2001953125,10964.650390625,10822.7001953125,10947.75,10500
2016-01-08,10989.5498046875,11007.5,10896.4501953125,10933.2998046875,7300
2016-01-11,10823.900390625,10917.4501953125,10797.7001953125,10898.7998046875,9700
2016-01-12,10790.349609375,10850.25,10659.25,10850.25,10000
2016-01-13,10839.849609375,10860.400390625,10646.5498046875,10807.849609375,11100
2016-01-14,10980.4501953125,11068.900390625,10685.349609375,10730.650390625,23500
2016-01-15,10994.9501953125,11057.7001953125,10949.9501953125,11050.650390625,14000
2016-01-18,10984.0,11084.400390625,10954.2001953125,10954.2001953125,11700
2016-01-19,10963.099609375,11064.7998046875,10873.599609375,11052.400390625,12200
2016-01-20,10910.5,10945.400390625,10855.2001953125,10897.7998046875,10400
2016-01-21,10934.7001953125,10994.900390625,10893.349609375,10957.9501953125,10600
2016-01-22,11006.7001953125,11030.650390625,10961.349609375,11020.599609375,7400
2016-01-25,11025.349609375,11113.7998046875,11000.25,11047.0,6600
2016-01-27,11029.099609375,11061.7998046875,10992.4501953125,11052.5498046875,10800
2016-01-28,11002.7001953125,11073.75,10984.25,11010.099609375,13900
2016-01-29,11236.150390625,11266.75,11024.9501953125,11061.849609375,17400
2016-02-01,11305.25,11409.099609375,11234.7998046875,11271.150390625,16800
2016-02-02,11242.099609375,11377.9501953125,11182.5,11325.75,19300
2016-02-03,11122.25,11218.4501953125,11065.7998046875,11179.75,12200
2016-02-04,11213.650390625,11289.7998046875,11148.150390625,11178.25,10400
2016-02-05,11227.5498046875,11285.099609375,11188.4501953125,11222.2001953125,8200
2016-02-08,11001.4501953125,11190.349609375,10962.7998046875,11160.849609375,7300
2016-02-09,10614.25,10866.2001953125,10590.099609375,10866.2001953125,15000
2016-02-10,10600.4501953125,10693.900390625,10570.650390625,10614.2998046875,13100
2016-02-11,10312.9501953125,10615.349609375,10279.7001953125,10615.349609375,12500
2016-02-12,10324.4501953125,10462.900390625,10157.099609375,10404.599609375,17600
2016-02-15,10493.75,10544.4501953125,10437.0,10446.25,12500
2016-02-16,10418.650390625,10511.400390625,10393.599609375,10487.400390625,9000
2016-02-17,10502.4501953125,10518.25,10325.25,10429.349609375,17400
2016-02-18,10702.25,10723.400390625,10554.4501953125,10554.5498046875,16200
2016-02-19,10768.900390625,10791.0498046875,10649.75,10670.75,10400
2016-02-22,10720.599609375,10778.7998046875,10691.349609375,10778.7998046875,9200
2016-02-23,10601.4501953125,10729.599609375,10575.150390625,10721.400390625,8300
2016-02-24,10468.0498046875,10586.0498046875,10446.400390625,10581.0,8500
2016-02-25,10403.5,10484.9501953125,10329.2001953125,10469.849609375,10700
2016-02-26,10463.349609375,10567.9501953125,10419.0,10488.4501953125,9400
2016-02-29,10278.400390625,10504.400390625,10075.75,10504.400390625,12200
2016-03-01,10637.349609375,10657.099609375,10313.5,10337.9501953125,10400
2016-03-02,10897.099609375,10920.900390625,10642.0498046875,10740.4501953125,12300
2016-03-03,11054.9501953125,11089.4501953125,10950.849609375,10982.0,20100
2016-03-04,10980.849609375,11088.099609375,10930.9501953125,11086.099609375,23100
2016-03-08,10914.2001953125,10977.2998046875,10832.25,10928.400390625,22900
2016-03-09,10925.7998046875,10947.7001953125,10733.2001953125,10815.0498046875,34100
2016-03-10,10826.900390625,10924.7998046875,10783.0498046875,10923.75,30000
2016-03-11,10835.4501953125,10898.7001953125,10805.75,10825.900390625,14700
2016-03-14,10866.849609375,10935.650390625,10836.9501953125,10854.2001953125,14200
2016-03-15,10730.4501953125,10900.25,10709.0,10867.650390625,11100
2016-03-16,10803.2001953125,10819.349609375,10698.7001953125,10733.7001953125,10700
2016-03-17,10923.5,10961.650390625,10854.0,10854.0,14000
2016-03-18,11159.7001953125,11177.25,10938.0498046875,10938.0498046875,17100
2016-03-21,11193.849609375,11221.7998046875,11093.599609375,11158.9501953125,10900
2016-03-22,11206.599609375,11229.25,11118.5,11171.900390625,19500
2016-03-23,11228.150390625,11246.0,11125.099609375,11219.7001953125,17600
2016-03-28,11168.7001953125,11384.900390625,11112.849609375,11328.150390625,20400
2016-03-29,11114.7001953125,11188.650390625,11089.0,11172.7998046875,14600
2016-03-30,11254.5498046875,11271.7001953125,11127.5,11127.5,14600
2016-03-31,11309.2998046875,11387.900390625,11216.4501953125,11240.599609375,28700
2016-04-01,11194.650390625,11352.0498046875,11128.0498046875,11306.349609375,13600
2016-04-04,11387.7001953125,11407.4501953125,11224.900390625,11224.900390625,10700
2016-04-05,11274.9501953125,11399.0498046875,11245.5,11386.5498046875,9800
2016-04-06,11224.9501953125,11325.099609375,11165.25,11325.099609375,9600
2016-04-07,11102.599609375,11264.599609375,11087.2001953125,11264.599609375,8700
2016-04-08,11061.150390625,11085.650390625,11028.150390625,11082.25,9300
2016-04-11,11291.349609375,11304.650390625,10975.150390625,11066.25,13300
2016-04-12,11304.4501953125,11332.849609375,11243.75,11284.0,11800
2016-04-13,11351.849609375,11430.9501953125,11330.5,11412.099609375,14300
2016-04-18,11597.25,11638.099609375,11485.150390625,11493.5,27100
2016-04-20,11552.75,11697.400390625,11506.150390625,11697.400390625,17900
2016-04-21,11355.400390625,11514.5,11329.900390625,11500.4501953125,13900
2016-04-22,11304.0498046875,11376.0498046875,11292.400390625,11326.5498046875,10300
2016-04-25,11315.4501953125,11380.5498046875,11267.099609375,11288.7001953125,8900
2016-04-26,11417.349609375,11444.349609375,11251.349609375,11292.349609375,10000
2016-04-27,11453.0,11507.75,11398.900390625,11398.900390625,8800
2016-04-28,11287.150390625,11428.650390625,11265.7001953125,11350.150390625,26600
2016-04-29,11196.25,11279.25,11140.5498046875,11269.099609375,17900
2016-05-02,11117.7001953125,11181.150390625,11075.9501953125,11181.150390625,8200
2016-05-03,10925.7001953125,11167.900390625,10909.9501953125,11129.900390625,12700
2016-05-04,10948.599609375,10969.599609375,10858.7998046875,10913.75,13600
2016-05-05,10973.849609375,11024.150390625,10909.599609375,10966.75,11600
2016-05-06,10887.0,10960.099609375,10846.650390625,10960.099609375,9000
2016-05-09,10991.5,11006.5,10884.0498046875,10900.099609375,10700
2016-05-10,11034.400390625,11065.7001953125,10948.75,11010.25,11000
2016-05-11,10960.400390625,11030.2998046875,10900.400390625,10926.849609375,11900
2016-05-12,11081.099609375,11089.7998046875,10955.599609375,10967.349609375,8100
2016-05-13,11030.7001953125,11081.2998046875,10986.2001953125,11081.2998046875,10900
2016-05-16,11087.75,11134.2998046875,11030.0498046875,11063.099609375,8500
2016-05-17,11125.099609375,11197.349609375,11101.25,11126.75,9800
2016-05-18,11120.0498046875,11141.5,11038.25,11073.5498046875,9000
2016-05-19,11094.599609375,11136.7001953125,11067.2001953125,11124.7998046875,7800
2016-05-20,11036.150390625,11149.150390625,11025.7001953125,11067.0,10300
2016-05-23,10939.900390625,11080.400390625,10917.150390625,11080.400390625,14000
2016-05-24,10924.7998046875,10946.5,10868.150390625,10946.5,14200
2016-05-25,11215.5,11223.400390625,11019.0498046875,11019.0498046875,20900
2016-05-26,11337.150390625,11366.0498046875,11178.25,11231.849609375,15800
2016-05-27,11420.849609375,11462.0498046875,11325.7001953125,11325.7001953125,11300
2016-05-30,11547.5,11579.25,11433.9501953125,11433.9501953125,10200
2016-05-31,11395.849609375,11559.4501953125,11374.849609375,11554.650390625,32100
2016-06-01,11494.900390625,11516.0,11405.5,11405.5,10800
2016-06-02,11458.2001953125,11586.2001953125,11399.4501953125,11447.0498046875,13900
2016-06-03,11462.0,11527.0,11450.25,11482.0498046875,8700
2016-06-06,11395.7998046875,11469.150390625,11382.75,11443.5,10300
2016-06-07,11413.349609375,11461.25,11384.4501953125,11434.599609375,11900
2016-06-08,11404.5,11427.150390625,11380.900390625,11427.150390625,10400
2016-06-09,11264.849609375,11413.2998046875,11215.9501953125,11413.2998046875,14900
2016-06-10,11229.0498046875,11320.400390625,11210.599609375,11226.4501953125,12800
2016-06-13,11191.5498046875,11214.2001953125,11111.7001953125,11164.150390625,8300
2016-06-14,11169.4501953125,11222.349609375,11110.75,11210.650390625,6900
2016-06-15,11282.0498046875,11293.150390625,11172.599609375,11195.9501953125,7000
2016-06-16,11244.25,11263.5,11128.9501953125,11249.7001953125,7400
2016-06-17,11290.7998046875,11304.7998046875,11242.5498046875,11258.650390625,12500
2016-06-20,11506.599609375,11518.7001953125,11256.650390625,11272.9501953125,12600
2016-06-21,11488.4501953125,11519.900390625,11453.2001953125,11515.25,8200
2016-06-22,11490.7998046875,11524.2998046875,11421.5498046875,11509.0498046875,7600
2016-06-23,11487.0498046875,11526.400390625,11396.75,11469.349609375,6500
2016-06-24,11203.150390625,11218.2998046875,11043.099609375,11193.25,14900
2016-06-27,11008.0498046875,11094.7998046875,10976.7998046875,11069.900390625,9700
2016-06-28,10884.650390625,11031.5,10874.599609375,10978.599609375,13400
2016-06-29,11057.400390625,11072.2998046875,10900.9501953125,10943.2998046875,10800
2016-06-30,11120.150390625,11156.400390625,11052.25,11109.7001953125,15200
2016-07-01,11098.400390625,11178.0498046875,11078.4501953125,11172.650390625,6500
2016-07-04,11184.849609375,11242.2998046875,11142.25,11142.25,8300
2016-07-05,11141.0,11176.2001953125,11110.599609375,11176.2001953125,6900
2016-07-07,10942.0,11138.4501953125,10929.400390625,11136.2998046875,11500
2016-07-08,10946.7001953125,10982.9501953125,10896.900390625,10947.9501953125,7500
2016-07-11,11045.9501953125,11073.400390625,10992.5498046875,10993.849609375,9200
2016-07-12,11056.7998046875,11072.2998046875,10997.2998046875,11064.400390625,8400
2016-07-13,11128.2001953125,11139.0,11042.9501953125,11094.2001953125,10600
2016-07-14,11157.849609375,11174.599609375,11090.7998046875,11117.349609375,8700
2016-07-15,10716.4501953125,11219.0498046875,10691.7001953125,11197.849609375,45100
2016-07-18,10735.099609375,10767.849609375,10659.7998046875,10734.5,15700
2016-07-19,10766.2998046875,10777.599609375,10694.0,10694.9501953125,17800
2016-07-20,10764.7001953125,10775.7998046875,10600.75,10600.75,21100
2016-07-21,10772.25,10789.25,10719.7998046875,10749.75,10400
2016-07-22,10756.0,10775.2001953125,10711.5,10745.5498046875,10300
2016-07-25,10870.900390625,10880.400390625,10731.2001953125,10734.099609375,10200
2016-07-26,10877.650390625,10901.099609375,10836.7998046875,10839.5,12800
2016-07-27,10928.4501953125,10952.650390625,10849.2998046875,10875.4501953125,9700
2016-07-28,10935.650390625,10952.7001953125,10881.2998046875,10923.099609375,16400
2016-07-29,10913.2998046875,10952.75,10871.9501953125,10916.900390625,10400
2016-08-01,11139.0498046875,11149.5498046875,10913.5,10917.7001953125,17000
2016-08-02,11179.0,11231.9501953125,11112.4501953125,11129.4501953125,17600
2016-08-03,11181.400390625,11307.0498046875,11143.099609375,11307.0498046875,20000
2016-08-04,11148.4501953125,11229.0498046875,11128.650390625,11226.4501953125,8100
2016-08-05,11137.0498046875,11226.5,11091.7998046875,11177.349609375,10300
2016-08-08,11197.2001953125,11205.0,11122.150390625,11136.099609375,11900
2016-08-09,11198.0,11214.9501953125,11128.9501953125,11207.7001953125,11100
2016-08-10,11175.900390625,11202.2001953125,11152.099609375,11184.25,11200
2016-08-11,11222.2001953125,11254.2001953125,11170.599609375,11173.2998046875,9700
2016-08-12,11173.400390625,11302.400390625,11153.4501953125,11218.7001953125,12700
2016-08-16,10993.5498046875,11136.0498046875,10955.650390625,11121.9501953125,20600
2016-08-17,10808.75,10993.9501953125,10790.599609375,10992.9501953125,18000
2016-08-18,10783.5,10887.75,10765.9501953125,10855.5498046875,12100
2016-08-19,10727.599609375,10873.150390625,10721.900390625,10807.2998046875,12500
2016-08-22,10593.2001953125,10728.7998046875,10568.4501953125,10704.650390625,11900
2016-08-23,10767.099609375,10790.849609375,10599.5498046875,10610.400390625,11000
2016-08-24,10786.349609375,10845.7001953125,10753.25,10792.9501953125,9200
2016-08-25,10665.650390625,10826.150390625,10649.7001953125,10824.75,18200
2016-08-26,10523.0498046875,10717.650390625,10495.2001953125,10680.2998046875,13600
2016-08-29,10385.349609375,10548.9501953125,10329.4501953125,10548.9501953125,13800
2016-08-30,10572.2998046875,10585.099609375,10411.75,10422.650390625,12600
2016-08-31,10546.099609375,10654.2001953125,10496.2998046875,10593.75,16200
2016-09-01,10533.25,10583.2998046875,10499.599609375,10570.099609375,9000
2016-09-02,10528.349609375,10555.7001953125,10482.7001953125,10549.349609375,8200
2016-09-06,10545.2998046875,10558.349609375,10505.599609375,10524.0498046875,16000
2016-09-07,10499.900390625,10643.5,10468.75,10605.849609375,15600
2016-09-08,10240.5,10349.75,10159.7001953125,10349.75,19900
2016-09-09,10291.900390625,10356.0498046875,10217.099609375,10253.75,11700
2016-09-12,10374.9501953125,10413.2998046875,10182.25,10194.650390625,12400
2016-09-14,10302.849609375,10440.150390625,10291.349609375,10400.2998046875,11000
2016-09-15,10289.5,10341.2001953125,10255.5498046875,10340.25,9600
2016-09-16,10399.25,10439.099609375,10285.7998046875,10347.5,16500
2016-09-19,10463.400390625,10531.599609375,10353.650390625,10386.2001953125,12400
2016-09-20,10426.7001953125,10469.2001953125,10387.25,10469.2001953125,9100
2016-09-21,10456.5,10485.849609375,10425.900390625,10450.4501953125,10100
2016-09-22,10397.150390625,10511.650390625,10376.0498046875,10508.2001953125,9900
2016-09-23,10391.0498046875,10446.900390625,10376.7998046875,10426.099609375,12200
2016-09-26,10330.0,10390.150390625,10314.599609375,10382.0,10800
2016-09-27,10397.0,10425.5,10322.5,10324.7001953125,12300
2016-09-28,10360.5,10418.75,10335.650390625,10402.2001953125,9900
2016-09-29,10257.7998046875,10412.599609375,10228.0498046875,10410.650390625,21700
2016-09-30,10292.2998046875,10336.7998046875,10279.849609375,10300.349609375,14400
2016-10-03,10309.849609375,10340.2998046875,10239.9501953125,10331.150390625,9500
2016-10-04,10394.2998046875,10403.25,10328.5498046875,10347.099609375,11600
2016-10-05,10333.400390625,10418.7001953125,10287.400390625,10405.650390625,8500
2016-10-06,10242.5,10354.599609375,10229.900390625,10353.900390625,10300
2016-10-07,10184.25,10254.0498046875,10146.0,10253.0498046875,9600
2016-10-10,10270.9501953125,10285.150390625,10160.4501953125,10193.0498046875,7700
2016-10-13,10243.75,10296.7998046875,10196.9501953125,10218.5,18100
2016-10-14,10228.650390625,10442.0,10116.7001953125,10239.2001953125,33000
2016-10-17,10158.75,10270.25,10140.5498046875,10268.650390625,13300
2016-10-18,10377.150390625,10397.150390625,10191.650390625,10202.5498046875,18400
2016-10-19,10411.099609375,10433.75,10338.150390625,10397.2998046875,17000
2016-10-20,10372.9501953125,10464.2001953125,10357.5,10431.5,14200
2016-10-21,10477.099609375,10483.4501953125,10376.9501953125,10408.650390625,17800
2016-10-24,10327.7001953125,10448.0,10317.400390625,10445.349609375,14600
2016-10-25,10261.400390625,10331.849609375,10254.0498046875,10322.7001953125,15000
2016-10-26,10157.349609375,10254.5498046875,10128.599609375,10253.400390625,11300
2016-10-27,10052.900390625,10130.7998046875,10027.25,10130.7998046875,18700
2016-10-28,10048.400390625,10119.25,10032.5,10088.0498046875,24700
2016-11-01,9990.599609375,10109.2001953125,9969.7998046875,10109.2001953125,13400
2016-11-02,9871.25,9933.5498046875,9861.150390625,9903.7998046875,12200
2016-11-03,9809.75,9886.650390625,9793.849609375,9868.349609375,11000
2016-11-04,9924.0498046875,9940.099609375,9736.75,9813.4501953125,18400
2016-11-07,9970.0,10034.150390625,9920.9501953125,9997.099609375,16800
2016-11-08,10008.400390625,10045.5,9891.0,9996.2001953125,14200
2016-11-09,9683.25,9826.349609375,9320.9501953125,9467.650390625,21500
2016-11-10,9654.75,9813.150390625,9636.150390625,9803.2001953125,13300
2016-11-11,9434.599609375,9633.2998046875,9391.5498046875,9615.849609375,13300
2016-11-15,9487.0,9565.849609375,9295.25,9478.5,27200
2016-11-16,9641.0,9724.7001953125,9543.2001953125,9559.150390625,23600
2016-11-17,9496.2001953125,9678.75,9476.099609375,9608.9501953125,12900
2016-11-18,9476.4501953125,9560.900390625,9419.599609375,9497.7998046875,10600
2016-11-21,9453.75,9553.7001953125,9430.400390625,9500.0,12200
2016-11-22,9509.4501953125,9566.7001953125,9471.2001953125,9492.349609375,10300
2016-11-23,9549.849609375,9571.5498046875,9484.4501953125,9559.099609375,11200
2016-11-24,9656.25,9726.5,9518.900390625,9561.400390625,19000
2016-11-25,10114.900390625,10140.650390625,9696.650390625,9709.150390625,21800
2016-11-28,10106.2001953125,10171.7998046875,10001.5,10126.7001953125,12500
2016-11-29,10059.599609375,10149.7998046875,10043.2001953125,10099.650390625,9400
2016-11-30,10087.7001953125,10139.9501953125,10011.4501953125,10086.5498046875,14200
2016-12-01,10049.75,10108.7998046875,10002.400390625,10090.0,9500
2016-12-02,9922.7998046875,10061.2001953125,9898.900390625,10018.150390625,9500
2016-12-05,9836.0,9946.900390625,9778.9501953125,9908.2998046875,8200
2016-12-06,9834.9501953125,9946.75,9808.349609375,9850.900390625,7000
2016-12-07,9777.900390625,9871.7001953125,9764.2001953125,9865.650390625,8000
2016-12-08,9935.900390625,9947.400390625,9819.650390625,9819.900390625,9600
2016-12-09,9997.5,10059.9501953125,9925.849609375,9961.9501953125,12000
2016-12-12,9953.900390625,9971.25,9846.2001953125,9960.2998046875,8300
2016-12-13,10058.650390625,10082.150390625,9929.849609375,9983.7001953125,0
2016-12-14,10128.9501953125,10150.9501953125,10044.150390625,10091.5498046875,0
2016-12-15,10195.75,10299.7998046875,10091.599609375,10099.0498046875,0
2016-12-16,10222.9501953125,10268.7001953125,10188.25,10265.650390625,0
2016-12-19,10223.650390625,10234.0498046875,10153.7998046875,10213.4501953125,0
2016-12-20,10322.849609375,10352.650390625,10224.4501953125,10239.849609375,0
2016-12-21,10228.25,10357.2998046875,10207.25,10357.2998046875,0
2016-12-22,10163.0,10251.2001953125,10084.25,10210.25,0
2016-12-23,10071.0498046875,10187.25,10048.849609375,10162.400390625,0
2016-12-26,10023.2998046875,10065.75,9979.599609375,10028.900390625,5500
2016-12-27,10170.7001953125,10188.650390625,9994.9501953125,9997.0,0
2016-12-28,10198.599609375,10301.099609375,10177.400390625,10203.849609375,0
2016-12-29,10291.849609375,10314.349609375,10183.400390625,10194.150390625,0
2016-12-30,10399.25,10416.599609375,10304.650390625,10325.349609375,0
2017-01-02,10367.0498046875,10434.099609375,10353.650390625,10403.0,5400
2017-01-03,10362.25,10390.900390625,10291.25,10386.599609375,0
2017-01-04,10496.900390625,10517.5498046875,10364.0,10368.150390625,0
2017-01-05,10400.0498046875,10590.0498046875,10379.2998046875,10539.75,0
2017-01-06,10110.4501953125,10372.900390625,10063.349609375,10352.7998046875,0
2017-01-09,10198.4501953125,10214.2001953125,10023.650390625,10070.650390625,0
2017-01-10,10221.5,10255.849609375,10184.349609375,10232.5498046875,0
2017-01-11,10220.5498046875,10282.2001953125,10154.5,10238.0498046875,0
2017-01-12,10398.7998046875,10410.7998046875,10236.0,10237.4501953125,0
2017-01-13,10263.5498046875,10551.400390625,10217.4501953125,10504.0498046875,0
2017-01-16,10173.099609375,10223.0498046875,10137.0,10223.0498046875,0
2017-01-17,10206.7998046875,10275.0,10166.400390625,10166.849609375,0
2017-01-18,10231.599609375,10270.5,10208.849609375,10217.5,0
2017-01-19,10222.150390625,10251.7998046875,10174.5,10223.0498046875,0
2017-01-20,10132.650390625,10192.7001953125,10113.2001953125,10165.5,0
2017-01-23,10219.400390625,10234.650390625,10029.2998046875,10060.650390625,0
2017-01-24,10201.599609375,10213.7001953125,10133.150390625,10186.5,0
2017-01-25,10164.4501953125,10239.5,10154.75,10221.650390625,0
2017-01-27,10181.849609375,10212.5498046875,10100.849609375,10144.2001953125,0
2017-01-30,10170.650390625,10195.7001953125,10065.0498046875,10114.349609375,0
2017-01-31,9848.5,10158.2001953125,9620.4501953125,10158.2001953125,0
2017-02-01,9750.0,9831.0498046875,9592.25,9811.099609375,0
2017-02-02,9926.0,9989.2001953125,9681.75,9753.5498046875,0
2017-02-03,10025.7998046875,10058.7998046875,9863.650390625,9927.349609375,0
2017-02-06,10029.0498046875,10093.150390625,9954.5498046875,10076.5498046875,0
2017-02-07,9997.9501953125,10042.150390625,9967.849609375,10034.9501953125,0
2017-02-08,10007.0498046875,10071.650390625,9973.599609375,9988.599609375,0
2017-02-09,10167.900390625,10186.099609375,10005.0,10026.400390625,0
2017-02-10,10387.849609375,10432.9501953125,10180.4501953125,10185.4501953125,0
2017-02-13,10452.900390625,10469.2001953125,10340.400390625,10402.150390625,0
2017-02-14,10474.099609375,10489.4501953125,10423.75,10462.349609375,0
2017-02-15,10427.650390625,10550.5,10318.9501953125,10464.0498046875,0
2017-02-16,10628.0498046875,10640.5,10488.9501953125,10488.9501953125,0
2017-02-17,10527.2001953125,10676.0,10483.900390625,10674.2001953125,0
2017-02-20,10671.25,10740.2998046875,10516.9501953125,10544.4501953125,0
2017-02-21,10680.75,10801.599609375,10643.900390625,10716.7001953125,0
2017-02-22,10514.7998046875,10692.9501953125,10497.0,10685.5498046875,0
2017-02-23,10689.650390625,10737.349609375,10531.7001953125,10545.4501953125,0
2017-02-27,10706.7001953125,10776.650390625,10658.2998046875,10663.25,0
2017-02-28,10680.9501953125,10759.400390625,10645.2998046875,10732.7998046875,0
2017-03-01,10748.0498046875,10777.599609375,10658.400390625,10674.849609375,0
2017-03-02,10741.599609375,10806.9501953125,10717.0,10779.650390625,0
2017-03-03,10806.25,10819.2998046875,10657.7001953125,10701.349609375,0
2017-03-06,10779.0498046875,10812.650390625,10706.75,10736.7998046875,0
2017-03-07,10799.099609375,10820.099609375,10750.900390625,10794.2998046875,0
2017-03-08,10739.4501953125,10793.5,10687.4501953125,10791.4501953125,0
2017-03-09,10724.75,10757.7001953125,10694.4501953125,10753.7001953125,0
2017-03-10,10749.849609375,10821.849609375,10718.349609375,10758.2001953125,0
2017-03-14,10879.25,10927.2998046875,10821.400390625,10850.0,0
2017-03-15,10696.5498046875,10905.9501953125,10677.75,10899.9501953125,0
2017-03-16,10822.099609375,10838.150390625,10752.2001953125,10765.650390625,0
2017-03-17,10900.75,10920.349609375,10787.2001953125,10893.849609375,0
2017-03-20,10776.75,10879.4501953125,10750.599609375,10877.150390625,0
2017-03-21,10787.2001953125,10823.7001953125,10751.2998046875,10769.099609375,0
2017-03-22,10783.2998046875,10831.75,10710.7998046875,10717.099609375,0
2017-03-23,10850.7998046875,10863.849609375,10785.7001953125,10794.25,0
2017-03-24,10768.9501953125,10851.4501953125,10753.4501953125,10843.25,0
2017-03-27,10648.5,10787.2001953125,10630.849609375,10735.5,0
2017-03-28,10681.0498046875,10749.099609375,10658.5498046875,10675.0498046875,0
2017-03-29,10741.25,10761.0498046875,10661.0498046875,10712.0,0
2017-03-30,10730.75,10767.7998046875,10692.900390625,10734.9501953125,0
2017-03-31,10703.25,10752.349609375,10634.900390625,10735.599609375,0
2017-04-03,10592.0,10732.849609375,10571.5,10728.650390625,0
2017-04-05,10510.2998046875,10597.2001953125,10493.0,10596.25,0
2017-04-06,10538.150390625,10545.599609375,10475.849609375,10499.75,0
2017-04-07,10485.75,10568.7998046875,10470.5498046875,10532.4501953125,0
2017-04-10,10338.150390625,10542.7001953125,10304.9501953125,10511.599609375,0
2017-04-11,10398.849609375,10422.2998046875,10332.4501953125,10341.5498046875,0
2017-04-12,10323.4501953125,10420.349609375,10290.5,10408.150390625,0
2017-04-13,10064.2001953125,10407.150390625,10034.599609375,10339.849609375,0
2017-04-17,10000.900390625,10056.5498046875,9975.4501953125,10045.400390625,0
2017-04-18,9981.5498046875,10075.7998046875,9964.650390625,10021.150390625,0
2017-04-19,9944.7998046875,10059.4501953125,9901.650390625,9925.25,0
2017-04-20,10039.0498046875,10056.25,9948.9501953125,9965.7998046875,0
2017-04-21,10008.150390625,10103.7998046875,9978.5,10083.5,0
2017-04-24,10058.349609375,10070.9501953125,9938.599609375,9979.7998046875,0
2017-04-25,10091.25,10113.0,10038.150390625,10081.5498046875,0
2017-04-26,9966.75,10162.650390625,9944.400390625,10157.599609375,0
2017-04-27,10012.349609375,10045.5,9965.0498046875,9965.0498046875,0
2017-04-28,9943.7001953125,10023.7001953125,9920.7001953125,10020.4501953125,0
2017-05-02,10006.349609375,10042.849609375,9960.2001953125,10000.7998046875,0
2017-05-03,10131.0498046875,10151.349609375,9995.25,10043.0,0
2017-05-04,10106.5,10170.0,10055.0,10155.0498046875,0
2017-05-05,10086.349609375,10101.9501953125,10031.099609375,10084.5,0
2017-05-08,10209.150390625,10222.150390625,10085.599609375,10113.7998046875,0
2017-05-09,10279.599609375,10294.25,10211.400390625,10246.0,0
2017-05-10,10219.5498046875,10296.4501953125,10183.7998046875,10283.349609375,0
2017-05-11,10256.099609375,10300.5,10216.2998046875,10293.2998046875,0
2017-05-12,10367.2998046875,10378.7998046875,10264.400390625,10275.599609375,0
2017-05-15,10339.75,10400.4501953125,10293.400390625,10399.7001953125,0
2017-05-16,10461.2998046875,10474.4501953125,10356.5498046875,10364.400390625,0
2017-05-17,10437.2998046875,10485.7001953125,10371.5498046875,10461.0,0
2017-05-18,10545.599609375,10705.900390625,10371.7001953125,10382.400390625,0
2017-05-19,10456.349609375,10574.599609375,10410.2998046875,10565.75,0
2017-05-22,10504.849609375,10538.650390625,10454.9501953125,10486.7998046875,0
2017-05-23,10510.2001953125,10583.2001953125,10480.75,10535.900390625,0
2017-05-24,10509.2001953125,10536.150390625,10444.2001953125,10510.9501953125,0
2017-05-25,10738.349609375,10761.0498046875,10546.900390625,10568.150390625,0
2017-05-26,10735.400390625,10792.75,10683.75,10741.75,0
2017-05-29,10568.349609375,10633.2998046875,10467.349609375,10611.4501953125,0
2017-05-30,10609.0,10627.25,10496.2998046875,10535.349609375,0
2017-05-31,10549.099609375,10617.4501953125,10522.650390625,10589.7998046875,0
2017-06-01,10574.7001953125,10625.349609375,10478.400390625,10508.7001953125,0
2017-06-02,10608.9501953125,10647.0,10564.099609375,10598.5,0
2017-06-05,10660.099609375,10677.650390625,10585.7001953125,10608.849609375,0
2017-06-06,10907.25,11016.099609375,10733.650390625,10749.400390625,0
2017-06-07,10701.25,10941.150390625,10533.150390625,10930.400390625,0
2017-06-08,10550.0,10696.849609375,10520.9501953125,10684.7998046875,0
2017-06-09,10442.650390625,10500.099609375,10373.099609375,10484.2998046875,0
2017-06-12,10470.75,10512.25,10314.400390625,10412.5,0
2017-06-13,10339.0,10458.5498046875,10318.9501953125,10389.2998046875,0
2017-06-14,10366.099609375,10375.599609375,10291.5,10370.25,0
2017-06-15,10278.0498046875,10385.099609375,10262.0498046875,10383.900390625,0
2017-06-16,10189.5,10326.9501953125,10161.5,10262.7001953125,0
2017-06-19,10197.900390625,10247.4501953125,10162.0,10214.150390625,0
2017-06-20,10289.9501953125,10300.7001953125,10177.2998046875,10220.099609375,0
2017-06-21,10223.400390625,10289.2001953125,10191.7001953125,10289.2001953125,0
2017-06-22,10199.5498046875,10354.650390625,10167.099609375,10255.75,0
2017-06-23,10170.599609375,10253.400390625,10155.849609375,10226.25,0
2017-06-27,10068.849609375,10203.0,10045.099609375,10160.0,0
2017-06-28,10133.5498046875,10148.9501953125,10060.650390625,10100.650390625,0
2017-06-29,10124.400390625,10238.9501953125,10105.900390625,10183.2998046875,0
2017-06-30,10155.0498046875,10173.849609375,10071.5498046875,10098.5498046875,0
2017-07-03,10189.849609375,10209.9501953125,10075.7998046875,10174.2998046875,0
2017-07-04,10213.400390625,10256.5498046875,10150.0,10215.25,0
2017-07-05,10160.650390625,10196.0498046875,10137.0,10196.0498046875,0
2017-07-06,10148.900390625,10198.2001953125,10127.0498046875,10151.5498046875,0
2017-07-07,10087.7998046875,10151.5,10073.9501953125,10125.650390625,0
2017-07-10,10360.099609375,10377.099609375,9946.349609375,10214.2998046875,0
2017-07-11,10430.0,10611.9501953125,10333.2998046875,10333.2998046875,0
2017-07-12,10401.5,10467.900390625,10385.650390625,10440.7001953125,0
2017-07-13,10440.5498046875,10495.5,10394.9501953125,10428.099609375,0
2017-07-14,10330.650390625,10463.2998046875,10306.7998046875,10442.5498046875,0
2017-07-17,10445.849609375,10512.7998046875,10356.9501953125,10371.7001953125,0
2017-07-18,10493.2001953125,10608.900390625,10454.9501953125,10455.150390625,0
2017-07-19,10583.7998046875,10606.5498046875,10494.0498046875,10506.75,0
2017-07-20,10491.150390625,10593.9501953125,10474.849609375,10587.4501953125,0
2017-07-21,10711.5498046875,10726.099609375,10561.9501953125,10573.0,0
2017-07-24,10823.5498046875,10846.5498046875,10734.0498046875,10734.150390625,0
2017-07-25,10810.349609375,10827.4501953125,10738.5,10813.599609375,0
2017-07-26,10782.9501953125,10839.349609375,10752.2998046875,10810.7001953125,0
2017-07-27,10612.2998046875,10905.2001953125,10577.9501953125,10795.099609375,0
2017-07-28,10699.4501953125,10722.7001953125,10511.099609375,10627.5,0
2017-07-31,10755.75,10802.400390625,10637.7998046875,10665.2998046875,0
2017-08-01,10801.849609375,10887.7998046875,10767.400390625,10808.099609375,0
2017-08-02,10727.349609375,10836.650390625,10702.2998046875,10806.7998046875,0
2017-08-03,10682.5,10762.5,10672.75,10736.5,0
2017-08-04,10757.9501953125,10771.849609375,10681.650390625,10695.150390625,0
2017-08-07,10678.7998046875,10757.900390625,10659.4501953125,10749.7001953125,0
2017-08-08,10623.7001953125,10708.2998046875,10581.849609375,10700.7998046875,0
2017-08-09,10613.5498046875,10655.349609375,10594.4501953125,10607.400390625,0
2017-08-10,10662.349609375,10700.900390625,10586.150390625,10590.349609375,0
2017-08-11,10647.0498046875,10718.150390625,10587.7001953125,10623.650390625,0
2017-08-14,10587.2998046875,10692.4501953125,10569.099609375,10669.150390625,0
2017-08-16,10659.7001953125,10683.7998046875,10575.0498046875,10621.099609375,0
2017-08-17,10797.7998046875,10839.9501953125,10688.849609375,10784.599609375,0
2017-08-18,10570.0,10768.0,10474.7001953125,10768.0,0
2017-08-21,10440.0498046875,10618.0498046875,10408.4501953125,10574.2998046875,0
2017-08-22,10446.25,10541.849609375,10422.0,10533.400390625,0
2017-08-23,10478.25,10509.599609375,10401.0498046875,10479.650390625,0
2017-08-24,10503.900390625,10566.849609375,10486.0498046875,10550.2001953125,0
2017-08-28,10592.2998046875,10638.400390625,10574.5,10603.4501953125,0
2017-08-29,10506.0,10596.150390625,10475.5,10593.0,0
2017-08-30,10493.25,10580.0,10474.150390625,10565.2001953125,0
2017-08-31,10558.25,10578.7001953125,10453.099609375,10528.0498046875,0
2017-09-01,10514.400390625,10563.7998046875,10455.650390625,10537.599609375,0
2017-09-04,10441.75,10540.099609375,10388.25,10540.0,17400
2017-09-05,10498.0,10506.5,10427.5,10455.5498046875,0
2017-09-06,10421.650390625,10484.650390625,10407.900390625,10472.099609375,0
2017-09-07,10460.9501953125,10477.2998046875,10423.25,10466.0498046875,0
2017-09-08,10456.650390625,10499.2998046875,10444.2998046875,10488.9501953125,0
2017-09-11,10459.5,10520.75,10447.25,10496.7001953125,0
2017-09-12,10501.099609375,10517.5,10443.2001953125,10514.150390625,0
2017-09-13,10505.2998046875,10593.0,10475.900390625,10520.75,0
2017-09-14,10496.0498046875,10505.25,10428.4501953125,10438.2001953125,0
2017-09-15,10599.75,10621.650390625,10479.9501953125,10519.650390625,0
2017-09-18,10649.5,10675.0498046875,10601.349609375,10601.400390625,0
2017-09-19,10654.849609375,10668.650390625,10611.900390625,10658.349609375,0
2017-09-20,10651.349609375,10694.0,10588.150390625,10694.0,0
2017-09-21,10653.849609375,10670.75,10599.9501953125,10652.5498046875,0
2017-09-22,10632.099609375,10672.9501953125,10593.25,10628.5,0
2017-09-25,10569.150390625,10653.5498046875,10513.2998046875,10604.2998046875,0
2017-09-26,10548.5,10604.150390625,10481.9501953125,10575.2001953125,0
2017-09-27,10544.2001953125,10587.0498046875,10516.400390625,10576.25,0
2017-09-28,10521.900390625,10613.25,10470.5498046875,10544.150390625,0
2017-09-29,10475.349609375,10576.9501953125,10454.0498046875,10543.400390625,0
2017-10-03,10546.099609375,10568.5,10507.5498046875,10534.4501953125,0
2017-10-04,10539.849609375,10578.349609375,10502.150390625,10551.75,0
2017-10-05,10524.650390625,10581.2998046875,10514.25,10546.4501953125,0
2017-10-06,10655.349609375,10665.599609375,10527.5498046875,10532.2001953125,0
2017-10-09,10680.2001953125,10694.25,10622.7998046875,10637.349609375,0
2017-10-10,10726.2001953125,10771.9501953125,10712.0498046875,10734.5498046875,0
2017-10-11,10785.25,10811.0498046875,10720.4501953125,10722.099609375,0
2017-10-12,10881.2998046875,10891.25,10782.7001953125,10801.2998046875,0
2017-10-13,10924.2001953125,10997.099609375,10880.0,10915.0498046875,0
2017-10-16,10961.599609375,10978.0,10921.900390625,10936.849609375,0
2017-10-17,10942.7001953125,11006.650390625,10910.400390625,10946.849609375,0
2017-10-18,10910.150390625,11014.0498046875,10898.650390625,10943.2998046875,0
2017-10-19,10890.7998046875,10934.849609375,10872.7998046875,10911.5,0
2017-10-23,10997.849609375,11013.400390625,10863.150390625,10901.25,0
2017-10-24,10884.7998046875,11057.2998046875,10860.349609375,11056.349609375,0
2017-10-25,10925.4501953125,10986.5,10799.349609375,10829.7998046875,0
2017-10-26,10883.0498046875,10945.4501953125,10836.0,10915.650390625,0
2017-10-27,10862.0498046875,10911.650390625,10831.25,10901.2998046875,0
2017-10-30,10854.2998046875,10913.900390625,10842.9501953125,10892.5498046875,0
2017-10-31,10837.900390625,10870.5498046875,10781.0,10793.099609375,0
2017-11-01,10817.2998046875,10887.7998046875,10772.25,10877.849609375,0
2017-11-02,10845.849609375,10884.5,10788.0,10802.5,0
2017-11-03,10839.0498046875,10873.9501953125,10824.9501953125,10840.2998046875,0
2017-11-06,10929.900390625,10952.349609375,10820.0498046875,10834.0,0
2017-11-07,11172.099609375,11243.2001953125,10934.5,10942.400390625,0
2017-11-08,11245.900390625,11306.4501953125,11197.599609375,11227.7001953125,0
2017-11-09,11248.4501953125,11301.25,11201.650390625,11275.4501953125,0
2017-11-10,11222.5498046875,11272.0,11151.099609375,11270.0,0
2017-11-13,11236.2001953125,11341.5,11188.5,11188.5,0
2017-11-14,11168.75,11275.650390625,11139.7998046875,11240.5498046875,0
2017-11-15,11122.900390625,11211.7001953125,11110.7998046875,11158.0,0
2017-11-16,11317.25,11343.599609375,11059.0,11145.5498046875,0
2017-11-17,11150.0,11311.9501953125,11127.0,11311.9501953125,0
2017-11-20,11100.099609375,11173.650390625,11072.9501953125,11161.7001953125,0
2017-11-21,11119.4501953125,11166.349609375,11087.150390625,11120.7998046875,0
2017-11-22,11117.5,11167.650390625,11098.650390625,11133.7998046875,0
2017-11-23,11230.599609375,11255.0498046875,11132.75,11149.7998046875,16400
2017-11-24,11306.400390625,11352.5498046875,11235.75,11240.400390625,0
2017-11-27,11314.25,11326.0,11239.400390625,11290.849609375,0
2017-11-28,11270.599609375,11324.900390625,11242.849609375,11303.349609375,0
2017-11-29,11232.9501953125,11299.349609375,11211.150390625,11266.9501953125,0
2017-11-30,11115.349609375,11241.7998046875,11060.099609375,11233.5,0
2017-12-01,10948.5,11180.400390625,10930.9501953125,11123.599609375,0
2017-12-04,11081.650390625,11138.099609375,10901.099609375,11007.9501953125,0
2017-12-05,11025.400390625,11121.849609375,11005.900390625,11079.349609375,0
2017-12-06,11074.900390625,11099.0498046875,11006.2001953125,11024.5498046875,0
2017-12-07,11163.5,11178.7998046875,11057.4501953125,11075.5498046875,0
2017-12-08,11173.400390625,11249.2998046875,11159.75,11189.7998046875,0
2017-12-11,11324.0,11343.150390625,11170.4501953125,11178.900390625,0
2017-12-12,11272.4501953125,11341.75,11251.7001953125,11327.7001953125,0
2017-12-13,11251.7001953125,11328.75,11210.7001953125,11257.0498046875,0
2017-12-14,11275.400390625,11307.900390625,11174.650390625,11257.9501953125,0
2017-12-15,11288.2998046875,11337.0,11245.5498046875,11299.599609375,0
2017-12-18,11315.2001953125,11345.400390625,11096.599609375,11211.7998046875,0
2017-12-19,11240.650390625,11334.0498046875,11214.599609375,11324.5498046875,0
2017-12-20,11304.2001953125,11322.2001953125,11198.599609375,11267.400390625,0
2017-12-21,11374.2998046875,11406.400390625,11288.75,11317.5,0
2017-12-22,11501.900390625,11532.75,11345.25,11368.2001953125,0
2017-12-26,11507.400390625,11531.25,11454.900390625,11503.0,0
2017-12-27,11509.25,11538.7001953125,11465.599609375,11490.2998046875,0
2017-12-28,11496.400390625,11549.7998046875,11460.7998046875,11481.7998046875,0
2017-12-29,11665.75,11689.75,11430.650390625,11479.5,0
2018-01-01,11565.75,11655.849609375,11549.0,11612.7001953125,14400
2018-01-02,11602.349609375,11655.5,11558.4501953125,11587.849609375,0
2018-01-03,11586.7001953125,11693.349609375,11573.25,11617.349609375,0
2018-01-04,11590.7998046875,11607.75,11510.400390625,11599.0498046875,0
2018-01-05,11633.5498046875,11691.4501953125,11541.7998046875,11575.4501953125,0
2018-01-08,11776.849609375,11793.849609375,11661.5,11674.349609375,0
2018-01-09,11790.849609375,11819.349609375,11685.75,11805.349609375,0
2018-01-10,12054.7001953125,12076.25,11762.5,11803.849609375,0
2018-01-11,12103.099609375,12178.7998046875,12045.4501953125,12060.7998046875,0
2018-01-12,12099.2001953125,12146.75,12004.400390625,12144.7998046875,0
2018-01-15,11992.7998046875,12214.650390625,11971.9501953125,12103.5,0
2018-01-16,12430.9501953125,12487.25,12027.2998046875,12036.5498046875,0
2018-01-17,12531.400390625,12653.25,12432.75,12473.0498046875,0
2018-01-18,12570.7001953125,12605.150390625,12431.7998046875,12565.849609375,0
2018-01-19,12633.849609375,12668.5498046875,12485.2998046875,12577.25,0
2018-01-22,12894.9501953125,12924.599609375,12521.150390625,12544.599609375,0
2018-01-23,13048.900390625,13084.2001953125,12898.25,12919.2998046875,0
2018-01-24,13249.5498046875,13553.9501953125,13005.9501953125,13020.2998046875,0
2018-01-25,13117.849609375,13259.150390625,12996.75,13257.900390625,0
2018-01-29,13242.5,13328.0498046875,13096.4501953125,13113.2001953125,0
2018-01-30,13107.9501953125,13238.5,13071.849609375,13193.0,0
2018-01-31,12986.400390625,13142.849609375,12943.349609375,13050.849609375,0
2018-02-01,12964.599609375,13141.75,12812.9501953125,12965.599609375,0
2018-02-02,12983.599609375,13130.25,12846.2001953125,12872.5,0
2018-02-05,12936.900390625,13104.7998046875,12845.0,12878.7001953125,0
2018-02-06,12562.349609375,12750.7001953125,12490.75,12516.2001953125,0
2018-02-07,12450.0498046875,12680.2998046875,12419.400390625,12667.599609375,0
2018-02-08,12588.349609375,12764.75,12468.5,12556.7998046875,0
2018-02-09,12492.7001953125,12556.2001953125,12350.400390625,12449.7001953125,0
2018-02-12,12422.650390625,12591.9501953125,12390.900390625,12544.7001953125,0
2018-02-14,12420.0,12546.0,12346.0,12438.2001953125,0
2018-02-15,12456.5,12584.25,12439.0498046875,12497.5,0
2018-02-16,12437.9501953125,12687.4501953125,12412.099609375,12512.75,0
2018-02-19,12331.400390625,12479.400390625,12228.7998046875,12474.150390625,0
2018-02-20,12372.0,12491.599609375,12268.5498046875,12272.9501953125,0
2018-02-21,12660.0498046875,12703.849609375,12452.349609375,12490.5,0
2018-02-22,12730.25,12794.0,12631.849609375,12663.650390625,0
2018-02-23,12871.150390625,12888.0,12701.099609375,12784.099609375,0
2018-02-26,12713.150390625,12903.900390625,12692.349609375,12864.599609375,0
2018-02-27,12746.7998046875,12797.349609375,12688.0,12777.25,0
2018-02-28,12809.0,12904.2001953125,12696.349609375,12744.400390625,0
2018-03-01,12769.4501953125,12842.650390625,12736.400390625,12823.900390625,0
2018-03-05,12857.650390625,12890.9501953125,12684.2998046875,12768.5498046875,0
2018-03-06,12706.099609375,12930.5498046875,12667.4501953125,12924.4501953125,0
2018-03-07,12677.150390625,12856.5498046875,12650.25,12767.4501953125,0
2018-03-08,12682.400390625,12802.150390625,12645.75,12757.0,0
2018-03-09,12747.25,12805.349609375,12656.650390625,12710.349609375,0
2018-03-12,12923.400390625,13012.349609375,12813.25,12825.25,0
2018-03-13,12734.2001953125,12842.2001953125,12663.2998046875,12778.349609375,0
2018-03-14,12786.9501953125,12840.4501953125,12711.25,12725.2001953125,0
2018-03-15,12762.2998046875,12860.0,12727.7998046875,12815.599609375,0
2018-03-16,12698.400390625,12778.599609375,12606.599609375,12776.25,0
2018-03-19,12421.2998046875,12725.349609375,12392.7001953125,12660.900390625,0
2018-03-20,12609.099609375,12644.599609375,12375.400390625,12385.0,0
2018-03-21,12608.849609375,12698.349609375,12554.150390625,12665.75,0
2018-03-22,12489.599609375,12638.9501953125,12454.5,12607.650390625,0
2018-03-23,12541.099609375,12564.75,12281.2001953125,12292.650390625,0
2018-03-26,12462.400390625,12542.5498046875,12392.25,12536.599609375,0
2018-03-27,12518.2001953125,12566.5,12444.7001953125,12539.5,0
2018-03-28,12511.5498046875,12573.099609375,12424.5498046875,12468.7001953125,0
2018-04-02,12707.099609375,12723.400390625,12541.349609375,12542.2998046875,0
2018-04-03,12615.4501953125,12708.150390625,12557.0498046875,12637.7998046875,0
2018-04-04,12490.849609375,12689.900390625,12442.150390625,12689.900390625,0
2018-04-05,12682.5498046875,12695.7998046875,12578.9501953125,12617.4501953125,0
2018-04-06,12603.349609375,12687.400390625,12569.25,12685.2998046875,0
2018-04-09,12531.2001953125,12640.2998046875,12506.400390625,12605.349609375,0
2018-04-10,12576.5498046875,12618.7998046875,12519.4501953125,12532.25,0
2018-04-11,12759.099609375,12785.2998046875,12608.849609375,12629.400390625,0
2018-04-12,13168.2001953125,13219.5498046875,12766.650390625,12782.0498046875,0
2018-04-13,13260.4501953125,13380.400390625,13085.0498046875,13240.650390625,0
2018-04-16,13203.099609375,13242.0498046875,12935.25,12936.2998046875,0
2018-04-17,13162.2998046875,13194.400390625,13094.0,13177.099609375,0
2018-04-18,13124.0,13218.4501953125,13106.2998046875,13185.2001953125,0
2018-04-19,13273.4501953125,13295.7001953125,13157.849609375,13192.9501953125,0
2018-04-20,13910.349609375,13964.2998046875,13371.849609375,13379.349609375,0
2018-04-23,14013.9501953125,14294.150390625,13836.5,13897.650390625,0
2018-04-24,13734.7998046875,14071.5498046875,13704.849609375,13976.7001953125,0
2018-04-25,13892.400390625,13972.650390625,13665.7001953125,13737.5,0
2018-04-26,14026.650390625,14056.150390625,13827.099609375,13836.9501953125,0
2018-04-27,13794.900390625,14070.349609375,13766.75,14015.7001953125,0
2018-04-30,13986.25,14094.099609375,13810.5498046875,13818.849609375,0
2018-05-02,13754.2998046875,13985.5498046875,13723.650390625,13985.5498046875,0
2018-05-03,13473.9501953125,13759.4501953125,13430.75,13759.4501953125,0
2018-05-04,13453.2998046875,13488.7998046875,13302.900390625,13488.75,0
2018-05-07,13424.900390625,13563.849609375,13395.849609375,13533.5498046875,0
2018-05-08,13379.650390625,13474.25,13297.2001953125,13453.9501953125,0
2018-05-09,13453.400390625,13538.400390625,13390.900390625,13397.849609375,0
2018-05-10,13427.2998046875,13566.0498046875,13403.2998046875,13505.25,0
2018-05-11,13478.599609375,13519.150390625,13393.2998046875,13457.900390625,0
2018-05-14,13446.150390625,13495.5,13358.2001953125,13480.099609375,0
2018-05-15,13504.9501953125,13614.650390625,13419.7001953125,13441.5498046875,0
2018-05-16,13525.599609375,13585.150390625,13466.599609375,13474.0498046875,0
2018-05-17,13504.75,13625.5,13461.0498046875,13606.650390625,0
2018-05-18,13459.150390625,13526.9501953125,13412.849609375,13487.349609375,0
2018-05-21,13483.849609375,13572.150390625,13434.099609375,13485.4501953125,0
2018-05-22,13484.5498046875,13530.5498046875,13420.099609375,13453.7998046875,0
2018-05-23,13464.349609375,13615.400390625,13435.5,13517.2998046875,0
2018-05-24,13775.7001953125,13797.9501953125,13543.650390625,13563.650390625,0
2018-05-25,13762.349609375,13963.7001953125,13715.5,13854.099609375,0
2018-05-28,13497.7001953125,13832.9501953125,13457.599609375,13832.9501953125,0
2018-05-29,13561.0498046875,13631.2998046875,13482.0498046875,13535.4501953125,0
2018-05-30,13557.7001953125,13627.0498046875,13480.5498046875,13548.849609375,0
2018-05-31,13666.0,13695.2998046875,13460.7001953125,13515.349609375,0
2018-06-01,13558.5498046875,13785.349609375,13528.650390625,13694.25,0
2018-06-04,13595.099609375,13646.5498046875,13525.2001953125,13592.400390625,0
2018-06-05,13408.900390625,13638.75,13363.400390625,13625.650390625,0
2018-06-06,13528.7998046875,13554.25,13355.2001953125,13460.599609375,0
2018-06-07,13683.75,13714.2001953125,13525.349609375,13530.5498046875,0
2018-06-08,13769.7998046875,13841.650390625,13674.349609375,13677.7998046875,0
2018-06-11,13775.099609375,13869.5498046875,13755.5,13807.5,0
2018-06-12,13859.849609375,13889.4501953125,13771.349609375,13817.7001953125,0
2018-06-13,14034.150390625,14074.900390625,13950.150390625,14001.2001953125,0
2018-06-14,13825.400390625,13984.75,13784.349609375,13980.5498046875,0
2018-06-15,14121.5,14151.75,13841.599609375,13868.5,0
2018-06-18,14024.2001953125,14223.349609375,13995.900390625,14223.349609375,0
2018-06-19,13849.4501953125,14028.7001953125,13835.7001953125,13987.599609375,0
2018-06-20,13810.900390625,13914.9501953125,13782.150390625,13900.849609375,0
2018-06-21,13771.7001953125,13882.400390625,13751.599609375,13856.099609375,0
2018-06-22,13777.099609375,13844.0,13724.150390625,13792.849609375,0
2018-06-25,13865.2001953125,13918.0498046875,13791.0,13814.0,0
2018-06-26,13943.5,13981.150390625,13848.7998046875,13862.7001953125,0
2018-06-27,14018.400390625,14143.2998046875,13966.349609375,14005.650390625,0
2018-06-28,13873.7998046875,14139.650390625,13853.099609375,14070.900390625,0
2018-06-29,13989.5,14020.75,13858.7001953125,13959.150390625,0
2018-07-02,14072.2998046875,14086.7998046875,13977.900390625,14024.599609375,0
2018-07-03,14222.5498046875,14238.900390625,14074.849609375,14100.7998046875,0
2018-07-04,14126.150390625,14243.9501953125,14099.25,14243.7998046875,0
2018-07-05,13970.5,14184.4501953125,13898.900390625,14180.2998046875,0
2018-07-06,14015.9501953125,14063.25,13925.5498046875,14008.150390625,0
2018-07-09,14108.849609375,14141.150390625,13993.599609375,14111.849609375,0
2018-07-10,14222.75,14299.5,14174.599609375,14275.099609375,0
2018-07-11,14536.4501953125,14629.5,14337.5498046875,14352.150390625,0
2018-07-12,14515.650390625,14627.7998046875,14437.650390625,14611.4501953125,0
2018-07-13,14534.900390625,14654.5498046875,14462.9501953125,14559.150390625,0
2018-07-16,14617.0498046875,14776.0,14443.0,14554.25,0
2018-07-17,14618.25,14709.599609375,14539.599609375,14609.5498046875,0
2018-07-18,14631.7001953125,14762.2998046875,14568.5498046875,14695.650390625,0
2018-07-19,14489.849609375,14693.4501953125,14420.0,14638.099609375,0
2018-07-20,14701.400390625,14771.0498046875,14518.5,14541.349609375,0
2018-07-23,14683.2001953125,14726.7001953125,14571.599609375,14726.7001953125,0
2018-07-24,14663.900390625,14768.900390625,14620.9501953125,14768.849609375,0
2018-07-25,14575.349609375,14697.849609375,14539.25,14697.849609375,0
2018-07-26,14468.099609375,14559.5,14423.75,14510.599609375,0
2018-07-27,14517.900390625,14553.7998046875,14450.150390625,14476.4501953125,0
2018-07-30,14420.5498046875,14561.0498046875,14391.150390625,14538.900390625,0
2018-07-31,14587.7998046875,14617.75,14386.7998046875,14432.599609375,0
2018-08-01,14679.349609375,14690.599609375,14586.5498046875,14618.650390625,0
2018-08-02,14552.599609375,14739.7998046875,14541.349609375,14689.099609375,0
2018-08-03,14649.099609375,14663.599609375,14588.9501953125,14632.349609375,0
2018-08-06,14605.5498046875,14731.099609375,14572.900390625,14694.7001953125,0
2018-08-07,14613.75,14688.099609375,14588.5498046875,14660.099609375,0
2018-08-08,14608.2001953125,14663.0498046875,14534.599609375,14650.599609375,0
2018-08-09,14603.349609375,14662.4501953125,14588.9501953125,14660.5498046875,0
2018-08-10,14679.2998046875,14702.150390625,14568.2998046875,14661.900390625,0
2018-08-13,14880.25,14902.400390625,14683.0,14697.7001953125,0
2018-08-14,15009.25,15090.900390625,14872.9501953125,14927.400390625,0
2018-08-16,15044.349609375,15122.650390625,15017.25,15021.9501953125,0
2018-08-17,15126.400390625,15143.349609375,14982.349609375,15059.9501953125,0
2018-08-20,14996.099609375,15054.099609375,14946.5498046875,15033.650390625,0
2018-08-21,15134.650390625,15183.25,15041.849609375,15072.4501953125,0
2018-08-23,15321.9501953125,15361.400390625,15185.25,15195.0,0
2018-08-24,15260.0498046875,15410.2001953125,15239.349609375,15337.900390625,0
2018-08-27,15514.9501953125,15539.650390625,15274.349609375,15285.099609375,0
2018-08-28,15583.0498046875,15641.400390625,15528.400390625,15546.5,0
2018-08-29,15524.9501953125,15621.900390625,15439.4501953125,15617.0,0
2018-08-30,15529.849609375,15576.650390625,15428.099609375,15519.599609375,0
2018-08-31,15811.400390625,15833.650390625,15567.5,15575.9501953125,0
2018-09-03,15724.7001953125,16048.25,15703.0,16013.0498046875,0
2018-09-04,16048.7001953125,16094.0498046875,15783.5498046875,15799.349609375,0
2018-09-05,16039.900390625,16124.599609375,15976.4501953125,16088.7001953125,0
2018-09-06,16081.650390625,16121.5,15932.650390625,16047.9501953125,0
2018-09-07,16104.7998046875,16130.599609375,15975.0,16126.25,0
2018-09-10,16105.2998046875,16229.849609375,16085.5,16150.650390625,0
2018-09-11,15993.2001953125,16217.75,15970.099609375,16182.0,0
2018-09-12,16054.0498046875,16124.5498046875,15977.849609375,16092.099609375,0
2018-09-14,16072.5,16104.0498046875,15843.599609375,16046.400390625,0
2018-09-17,16119.7998046875,16207.5,16080.75,16096.400390625,0
2018-09-18,16031.0,16152.849609375,16003.2001953125,16152.849609375,0
2018-09-19,16063.9501953125,16115.150390625,15982.0498046875,16092.650390625,0
2018-09-21,15833.5,16047.2001953125,15579.9501953125,16023.650390625,0
2018-09-24,16175.2998046875,16235.0498046875,15820.650390625,15862.400390625,0
2018-09-25,16234.900390625,16360.599609375,16081.900390625,16207.0,0
2018-09-26,15932.4501953125,16292.2998046875,15877.900390625,16285.75,0
2018-09-27,16018.0,16094.0498046875,15943.900390625,15979.5,0
2018-09-28,15838.0498046875,15972.0,15734.9501953125,15932.099609375,0
2018-10-01,16213.599609375,16282.0498046875,15861.5,15897.099609375,0
2018-10-03,15909.7998046875,16278.0,15874.25,16208.75,0
2018-10-04,15441.099609375,15835.2001953125,15403.900390625,15835.2001953125,0
2018-10-05,15591.650390625,15710.0,15265.650390625,15416.900390625,0
2018-10-08,15305.2001953125,15644.2001953125,15198.25,15538.2001953125,0
2018-10-09,15369.7998046875,15429.9501953125,15137.75,15305.150390625,0
2018-10-10,15143.2001953125,15380.849609375,15053.2998046875,15356.2998046875,0
2018-10-11,14683.0,14890.650390625,14554.25,14721.099609375,0
2018-10-12,14539.2001953125,14721.9501953125,14408.4501953125,14701.849609375,0
2018-10-15,14797.2001953125,14846.9501953125,14564.2998046875,14639.5,0
2018-10-16,14887.349609375,14975.5498046875,14743.900390625,14876.0498046875,0
2018-10-17,14949.599609375,15190.650390625,14903.5,15031.0498046875,0
2018-10-19,14476.849609375,14776.4501953125,14421.650390625,14776.4501953125,0
2018-10-22,14421.4501953125,14527.5498046875,14299.150390625,14527.5498046875,0
2018-10-23,14014.7001953125,14406.75,13977.650390625,14318.9501953125,0
2018-10-24,14049.150390625,14183.5498046875,13826.2998046875,14125.5,0
2018-10-25,14070.7998046875,14179.7001953125,13863.900390625,13894.7998046875,0
2018-10-26,13798.599609375,14070.0498046875,13769.849609375,14057.0498046875,0
2018-10-29,14132.650390625,14188.0,13696.5,13837.650390625,0
2018-10-30,14355.849609375,14437.599609375,14028.7998046875,14088.25,0
2018-10-31,14940.099609375,14994.849609375,14376.75,14428.7001953125,0
2018-11-01,14622.0,14991.599609375,14541.2001953125,14991.599609375,0
2018-11-02,14396.7001953125,14780.099609375,14356.099609375,14639.0498046875,0
2018-11-05,14471.75,14534.0498046875,14345.25,14377.5,0
2018-11-06,14577.2998046875,14660.150390625,14468.25,14499.7998046875,0
2018-11-07,14683.099609375,14698.9501953125,14645.0498046875,14654.25,1800
2018-11-09,14553.25,14796.900390625,14483.349609375,14793.75,0
2018-11-12,14650.5,14821.5498046875,14565.0498046875,14604.9501953125,0
2018-11-13,14698.2001953125,14780.0,14561.5498046875,14637.25,0
2018-11-14,14338.5,14662.7998046875,14236.7001953125,14662.2998046875,0
2018-11-15,14354.150390625,14573.099609375,14264.599609375,14315.4501953125,0
2018-11-16,14473.150390625,14504.5,14356.650390625,14426.7001953125,0
2018-11-19,14599.7998046875,14618.25,14433.2001953125,14544.7998046875,0
2018-11-20,14285.099609375,14575.25,14262.2998046875,14575.25,0
2018-11-21,13879.150390625,14245.0498046875,13827.150390625,14244.75,0
2018-11-22,13835.7001953125,14109.4501953125,13819.7001953125,13955.0,0
2018-11-26,14025.400390625,14083.7001953125,13581.349609375,13836.9501953125,0
2018-11-27,14225.349609375,14265.25,14000.400390625,14057.900390625,0
2018-11-28,14632.900390625,14658.900390625,14250.900390625,14266.75,0
2018-11-29,14465.2998046875,14732.650390625,14433.0498046875,14726.75,0
2018-11-30,14638.0498046875,14710.7998046875,14494.599609375,14494.7001953125,0
2018-12-03,14740.400390625,14790.7998046875,14630.75,14728.4501953125,0
2018-12-04,14999.900390625,15015.099609375,14728.2001953125,14757.4501953125,0
2018-12-05,15012.9501953125,15062.400390625,14788.75,14932.4501953125,0
2018-12-06,14693.75,15064.25,14664.2998046875,14936.599609375,0
2018-12-07,14662.900390625,14700.0498046875,14461.9501953125,14686.7998046875,0
2018-12-10,14419.2001953125,14723.7001953125,14369.5,14486.0,0
2018-12-11,14579.599609375,14684.4501953125,14307.2998046875,14385.349609375,0
2018-12-12,14738.5498046875,14756.5,14521.2001953125,14640.150390625,0
2018-12-13,14841.0,14908.900390625,14652.0,14782.349609375,0
2018-12-14,14851.400390625,14913.7998046875,14741.7001953125,14810.400390625,0
2018-12-17,14873.0498046875,14931.0498046875,14801.150390625,14931.0498046875,0
2018-12-18,14730.900390625,14809.5498046875,14662.099609375,14776.4501953125,0
2018-12-19,14591.7998046875,14698.900390625,14463.75,14686.0498046875,0
2018-12-20,14542.150390625,14621.7998046875,14461.2998046875,14468.400390625,0
2018-12-21,14207.849609375,14505.5,14171.9501953125,14493.75,0
2018-12-24,14247.75,14371.75,14197.099609375,14296.7998046875,0
2018-12-26,14158.900390625,14229.2001953125,14018.400390625,14229.2001953125,0
2018-12-27,14354.5,14460.7001953125,14273.849609375,14300.9501953125,0
2018-12-28,14385.7998046875,14451.7001953125,14368.7001953125,14409.599609375,0
2018-12-31,14440.2998046875,14481.400390625,14394.5498046875,14458.5,0
2019-01-01,14450.900390625,14480.5498046875,14357.0498046875,14426.4501953125,14000
2019-01-02,14447.099609375,14593.849609375,14371.0,14467.400390625,0
2019-01-03,14322.150390625,14542.2998046875,14276.5,14479.75,0
2019-01-04,14146.150390625,14359.2001953125,13958.849609375,14332.650390625,0
2019-01-07,14291.5,14316.0,14204.650390625,14238.0498046875,0
2019-01-08,14285.7001953125,14357.75,14238.2001953125,14344.599609375,0
2019-01-09,14326.099609375,14495.7001953125,14162.2001953125,14417.2001953125,0
2019-01-10,14323.25,14393.4501953125,14272.25,14388.849609375,0
2019-01-11,14307.099609375,14326.900390625,14134.25,14288.9501953125,0
2019-01-14,14223.599609375,14495.7001953125,14196.0,14474.5,0
2019-01-15,14658.5,14685.5,14262.400390625,14265.7001953125,0
2019-01-16,14707.7998046875,14732.75,14610.099609375,14688.849609375,0
2019-01-17,14800.25,14813.900390625,14660.0498046875,14714.25,0
2019-01-18,14893.0,14923.75,14709.4501953125,14744.0498046875,0
2019-01-21,14966.400390625,15100.2001953125,14850.0,14920.349609375,0
2019-01-22,14962.599609375,15019.599609375,14814.9501953125,14927.150390625,0
2019-01-23,14888.75,15003.849609375,14856.849609375,14975.2001953125,0
2019-01-24,14971.900390625,15003.5498046875,14793.25,14897.4501953125,0
2019-01-25,15039.2998046875,15161.2001953125,14927.25,14952.75,0
2019-01-28,15120.150390625,15161.7001953125,15026.75,15085.0498046875,0
2019-01-29,15231.2998046875,15293.0,14986.7001953125,15126.150390625,0
2019-01-30,15255.2001953125,15381.4501953125,15192.400390625,15304.0,0
2019-01-31,15499.2998046875,15513.4501953125,15276.0498046875,15299.4501953125,0
2019-02-01,15724.2998046875,15751.75,15485.7001953125,15522.5498046875,0
2019-02-04,15754.7998046875,15819.7001953125,15635.900390625,15727.2001953125,0
2019-02-05,15738.7001953125,15812.150390625,15634.9501953125,15709.0,0
2019-02-06,16055.599609375,16090.7001953125,15835.7001953125,15857.7001953125,0
2019-02-07,16085.849609375,16167.849609375,16031.150390625,16045.5498046875,0
2019-02-08,16019.7998046875,16145.7001953125,15979.7998046875,16001.150390625,0
2019-02-11,16099.0498046875,16159.0498046875,16002.5,16050.2001953125,0
2019-02-12,15938.650390625,16094.599609375,15788.099609375,16093.4501953125,0
2019-02-14,15861.650390625,16002.2001953125,15828.849609375,15992.4501953125,0
2019-02-15,15815.599609375,15912.4501953125,15620.4501953125,15898.400390625,0
2019-02-18,15659.0,15948.099609375,15618.0498046875,15895.5,0
2019-02-19,15333.5,15651.900390625,15287.5,15644.0498046875,0
2019-02-20,15609.4501953125,15651.7001953125,15330.7998046875,15382.4501953125,0
2019-02-21,15588.900390625,15691.400390625,15492.2001953125,15609.150390625,0
2019-02-22,15684.7001953125,15717.2998046875,15543.5,15582.7998046875,0
2019-02-25,16003.7001953125,16029.9501953125,15729.25,15738.9501953125,0
2019-02-26,15989.599609375,16069.400390625,15874.9501953125,15933.7998046875,0
2019-02-27,15902.099609375,16007.650390625,15803.7001953125,15983.7998046875,0
2019-02-28,15732.0,15974.099609375,15694.849609375,15974.099609375,0
2019-03-01,15848.2998046875,15871.099609375,15752.2001953125,15778.150390625,0
2019-03-05,15664.099609375,15839.2001953125,15634.5498046875,15839.2001953125,0
2019-03-06,15735.0498046875,15814.7001953125,15681.099609375,15732.349609375,0
2019-03-07,15582.099609375,15788.150390625,15558.9501953125,15788.150390625,0
2019-03-08,15408.7001953125,15545.650390625,15388.2001953125,15544.349609375,0
2019-03-11,15388.5,15500.75,15349.599609375,15432.900390625,0
2019-03-12,15384.5498046875,15497.2001953125,15349.7998046875,15408.849609375,0
2019-03-13,15342.900390625,15550.849609375,15300.25,15442.25,0
2019-03-14,15260.4501953125,15437.0498046875,15202.0498046875,15422.599609375,0
2019-03-15,15546.599609375,15649.25,15324.849609375,15346.0,0
2019-03-18,15359.4501953125,15661.2998046875,15304.75,15614.7998046875,0
2019-03-19,15495.5498046875,15545.4501953125,15296.0,15432.5,0
2019-03-20,15599.25,15735.25,15554.4501953125,15563.9501953125,0
2019-03-22,15551.099609375,15652.2998046875,15462.2001953125,15652.2998046875,0
2019-03-25,15416.849609375,15579.0498046875,15388.400390625,15579.0498046875,0
2019-03-26,15356.599609375,15426.25,15218.25,15415.5,0
2019-03-27,15339.400390625,15421.849609375,15307.099609375,15352.599609375,0
2019-03-28,15566.75,15636.5,15399.4501953125,15410.349609375,0
2019-04-01,15840.650390625,15922.0498046875,15662.5498046875,15668.7998046875,0
2019-04-02,15988.400390625,16013.25,15874.650390625,15902.900390625,0
2019-04-03,15962.9501953125,16009.849609375,15862.5,15996.5,0
2019-04-04,15744.7998046875,15954.150390625,15691.0,15947.7998046875,0
2019-04-05,15923.0498046875,15952.5,15759.7998046875,15800.4501953125,0
2019-04-08,16028.25,16061.2998046875,15857.150390625,15982.849609375,0
2019-04-09,16121.599609375,16203.25,15999.650390625,16048.25,0
2019-04-10,15999.150390625,16172.7998046875,15978.2001953125,16138.849609375,0
2019-04-11,15874.75,16030.849609375,15852.2998046875,16018.0,0
2019-04-12,15911.099609375,15989.7001953125,15832.0,15918.099609375,0
2019-04-15,16113.7001953125,16136.599609375,15862.0,15917.7001953125,0
2019-04-16,16084.900390625,16176.599609375,16064.349609375,16166.150390625,0
2019-04-18,16079.2998046875,16177.849609375,16021.0,16177.849609375,0
2019-04-22,16150.599609375,16204.2998046875,16057.900390625,16077.5498046875,0
2019-04-23,16166.2998046875,16193.599609375,16082.4501953125,16179.4501953125,0
2019-04-24,16370.349609375,16405.80078125,16161.349609375,16182.900390625,0
2019-04-25,16352.7998046875,16388.55078125,16299.2001953125,16361.0,0
2019-04-26,16504.44921875,16523.75,16381.4501953125,16393.80078125,0
2019-04-30,16705.400390625,16720.400390625,16502.44921875,16510.94921875,0
2019-05-02,16403.69921875,16673.599609375,16387.30078125,16656.900390625,0
2019-05-03,16092.9501953125,16265.2998046875,16065.4501953125,16259.5,0
2019-05-06,16111.349609375,16146.400390625,15925.400390625,15949.2998046875,0
2019-05-07,16135.75,16225.849609375,16100.650390625,16145.650390625,0
2019-05-08,16061.599609375,16129.400390625,15998.599609375,16106.0498046875,0
2019-05-09,16132.849609375,16164.900390625,16002.4501953125,16031.599609375,0
2019-05-10,15949.599609375,16146.349609375,15911.9501953125,16117.599609375,0
2019-05-13,15955.2998046875,16095.7001953125,15915.150390625,15949.0,0
2019-05-14,15762.75,15966.650390625,15642.9501953125,15942.9501953125,0
2019-05-15,15776.7998046875,15896.2998046875,15743.7001953125,15793.349609375,0
2019-05-16,15934.0,15994.25,15779.75,15816.650390625,0
2019-05-17,15843.400390625,16000.349609375,15803.2001953125,15962.400390625,0
2019-05-20,15968.2001953125,16009.650390625,15642.7001953125,15933.2998046875,0
2019-05-21,15766.9501953125,15989.0498046875,15737.150390625,15982.2998046875,0
2019-05-22,15666.150390625,15812.25,15640.599609375,15750.0498046875,0
2019-05-23,15538.849609375,15819.0498046875,15506.2001953125,15772.0498046875,0
2019-05-24,15569.849609375,15626.349609375,15461.849609375,15622.25,0
2019-05-27,15556.650390625,15629.599609375,15526.400390625,15587.400390625,0
2019-05-28,15762.0498046875,15806.2001953125,15554.900390625,15614.099609375,0
2019-05-29,15865.599609375,15973.0,15754.349609375,15773.2998046875,0
2019-05-30,15997.349609375,16034.75,15879.2001953125,15908.9501953125,0
2019-05-31,16160.650390625,16197.349609375,16042.599609375,16070.599609375,0
2019-06-03,16360.5498046875,16391.0,16082.7998046875,16159.5,0
2019-06-04,16105.2001953125,16285.849609375,16072.900390625,16276.7998046875,0
2019-06-06,16012.099609375,16159.75,15991.400390625,16155.7998046875,0
2019-06-07,16109.849609375,16155.0498046875,15972.75,16042.2998046875,0
2019-06-10,16362.400390625,16381.650390625,16152.2001953125,16176.849609375,0
2019-06-11,16448.099609375,16488.650390625,16380.5,16406.25,0
2019-06-12,16425.94921875,16446.94921875,16283.650390625,16441.75,0
2019-06-13,16316.599609375,16421.80078125,16282.650390625,16340.0498046875,0
2019-06-14,16268.2001953125,16336.099609375,16239.2001953125,16326.7001953125,0
2019-06-17,16228.2001953125,16313.5498046875,16190.900390625,16285.0,0
2019-06-18,16322.5,16352.400390625,16212.2998046875,16215.7001953125,0
2019-06-19,16282.7001953125,16391.5,16215.9501953125,16358.75,0
2019-06-20,16316.9501953125,16338.75,15994.9501953125,16039.0,0
2019-06-21,16189.400390625,16358.9501953125,16154.849609375,16343.349609375,0
2019-06-24,16187.400390625,16231.599609375,16142.400390625,16202.400390625,0
2019-06-25,16214.4501953125,16252.9501953125,16050.599609375,16158.7998046875,0
2019-06-26,16101.75,16255.2001953125,16079.2001953125,16152.7001953125,0
2019-06-27,15991.7998046875,16129.400390625,15946.650390625,16096.2001953125,0
2019-06-28,15936.4501953125,16085.400390625,15904.7998046875,16069.900390625,0
2019-07-01,15916.7001953125,16023.5498046875,15893.5498046875,15982.7001953125,16700
2019-07-02,16074.099609375,16096.9501953125,15886.4501953125,15952.900390625,0
2019-07-03,15927.650390625,16097.150390625,15906.400390625,16091.099609375,16800
2019-07-04,15942.400390625,15992.599609375,15896.900390625,15901.4501953125,12800
2019-07-05,15550.0498046875,15979.4501953125,15520.0,15960.849609375,0
2019-07-08,15376.0,15480.150390625,15317.400390625,15410.849609375,27000
2019-07-09,15254.5,15434.0,15123.599609375,15381.349609375,23600
2019-07-10,15168.599609375,15322.75,15045.099609375,15077.0,23900
2019-07-11,15214.2998046875,15258.349609375,15060.900390625,15256.5498046875,20400
2019-07-12,15227.400390625,15293.349609375,15186.099609375,15227.599609375,24400
2019-07-15,15662.0498046875,15697.4501953125,15406.25,15516.25,44800
2019-07-16,15580.4501953125,15630.599609375,15532.2998046875,15608.75,25100
2019-07-17,15676.0,15708.7998046875,15508.9501953125,15602.7001953125,31100
2019-07-18,15498.5,15636.849609375,15455.0498046875,15554.900390625,51300
2019-07-19,15383.650390625,15611.599609375,15363.0498046875,15520.7001953125,24100
2019-07-22,15448.25,15494.0498046875,15334.599609375,15387.4501953125,21200
2019-07-23,15493.400390625,15645.7001953125,15467.7001953125,15497.5498046875,26600
2019-07-24,15380.75,15531.849609375,15332.849609375,15465.7998046875,20100
2019-07-25,15474.650390625,15510.599609375,15343.0498046875,15383.150390625,0
2019-07-26,15348.0498046875,15461.650390625,15265.349609375,15442.5,18000
2019-07-29,15400.849609375,15528.099609375,15297.0,15365.099609375,17700
2019-07-30,15501.650390625,15527.5,15361.4501953125,15409.4501953125,24400
2019-07-31,15620.2001953125,15649.150390625,15303.7001953125,15437.599609375,30800
2019-08-01,15332.099609375,15593.5498046875,15277.75,15576.9501953125,0
2019-08-02,15422.099609375,15461.0498046875,15208.7998046875,15277.650390625,25300
2019-08-05,15518.5498046875,15544.900390625,15312.5498046875,15349.7001953125,0
2019-08-06,15514.7998046875,15636.5,15434.25,15479.2001953125,29700
2019-08-07,15583.349609375,15730.7001953125,15522.849609375,15591.150390625,0
2019-08-08,15867.9501953125,15919.2001953125,15654.4501953125,15677.4501953125,26600
2019-08-09,15821.349609375,15945.400390625,15785.75,15898.0,32500
2019-08-13,15424.400390625,15822.400390625,15379.599609375,15809.25,0
2019-08-14,15466.25,15518.4501953125,15298.5,15467.349609375,20400
2019-08-16,15365.349609375,15552.7001953125,15238.5498046875,15547.400390625,0
2019-08-19,15415.150390625,15514.900390625,15396.0,15420.0498046875,0
2019-08-20,15597.75,15691.650390625,15467.349609375,15503.7998046875,27200
2019-08-21,15578.150390625,15680.0498046875,15562.0,15598.5,0
2019-08-22,15632.0,15703.150390625,15478.7998046875,15581.5,0
2019-08-23,15816.599609375,15872.849609375,15639.400390625,15647.650390625,0
2019-08-26,15890.2001953125,15922.5498046875,15628.099609375,15825.25,0
2019-08-27,15675.2998046875,15833.5498046875,15631.5,15817.2998046875,0
2019-08-28,15879.900390625,15898.0,15703.099609375,15704.099609375,0
2019-08-29,15884.5498046875,15943.2998046875,15754.900390625,15774.650390625,0
2019-08-30,16010.400390625,16039.25,15734.2001953125,15893.900390625,0
2019-09-03,15984.900390625,16189.4501953125,15935.900390625,16027.099609375,0
2019-09-04,16032.5,16090.849609375,15944.400390625,15985.75,0
2019-09-05,16030.9501953125,16142.650390625,15972.2001953125,16109.2001953125,0
2019-09-06,16034.5498046875,16218.7998046875,15991.0498046875,16139.900390625,0
2019-09-09,15919.400390625,16030.4501953125,15883.599609375,16023.9501953125,0
2019-09-11,15701.7998046875,15955.2001953125,15669.2998046875,15901.150390625,0
2019-09-12,15583.25,15725.75,15525.150390625,15674.2998046875,0
2019-09-13,15722.900390625,15739.7001953125,15586.7001953125,15608.099609375,0
2019-09-16,15743.150390625,15854.150390625,15602.599609375,15774.4501953125,0
2019-09-17,15625.650390625,15769.849609375,15563.599609375,15769.849609375,0
2019-09-18,15702.2998046875,15731.0498046875,15584.099609375,15649.0498046875,0
2019-09-19,15522.4501953125,15675.150390625,15469.099609375,15667.0,0
2019-09-20,15491.099609375,15742.5498046875,15434.150390625,15541.5498046875,0
2019-09-23,15040.650390625,15611.7998046875,14735.5498046875,15611.7998046875,0
2019-09-24,15338.650390625,15380.349609375,15055.0498046875,15055.0498046875,0
2019-09-25,15379.900390625,15471.0,15268.900390625,15351.849609375,0
2019-09-26,15312.900390625,15456.849609375,15208.400390625,15374.5,0
2019-09-27,15236.400390625,15412.900390625,15214.2001953125,15297.7001953125,0
2019-09-30,15540.150390625,15568.4501953125,15259.7998046875,15277.150390625,0
2019-10-01,15300.25,15561.5,15240.9501953125,15559.650390625,20800
2019-10-03,15277.9501953125,15417.25,15228.900390625,15318.7998046875,0
2019-10-04,15340.2998046875,15418.7998046875,15285.150390625,15328.400390625,0
2019-10-07,15246.75,15472.349609375,15226.7001953125,15368.150390625,0
2019-10-09,15128.75,15317.150390625,15051.349609375,15305.099609375,0
2019-10-10,15093.7998046875,15235.599609375,15034.599609375,15124.849609375,0
2019-10-11,15321.900390625,15388.9501953125,14865.099609375,14871.4501953125,0
2019-10-14,15277.75,15338.599609375,15147.7001953125,15202.2001953125,0
2019-10-15,15208.400390625,15281.4501953125,15191.0498046875,15254.400390625,0
2019-10-16,15344.9501953125,15373.349609375,15213.2001953125,15223.5,0
2019-10-17,15281.900390625,15313.900390625,15160.2001953125,15257.9501953125,0
2019-10-18,15410.099609375,15434.5498046875,15241.0,15271.9501953125,0
2019-10-22,14688.650390625,15085.4501953125,14659.4501953125,15033.2998046875,0
2019-10-23,14833.349609375,14911.2001953125,14566.5498046875,14640.849609375,0
2019-10-24,14781.5,14970.349609375,14756.5498046875,14956.650390625,0
2019-10-25,14898.849609375,14943.75,14720.849609375,14883.400390625,0
2019-10-29,15181.400390625,15199.900390625,14970.5,14980.150390625,0
2019-10-30,15395.650390625,15419.650390625,15212.75,15343.7001953125,0
2019-10-31,15559.400390625,15657.75,15417.0,15436.2998046875,0
2019-11-01,15471.2001953125,15636.2998046875,15411.7998046875,15575.349609375,0
2019-11-04,15591.2998046875,15803.349609375,15428.5,15474.0,0
2019-11-05,15533.4501953125,15613.099609375,15422.7998046875,15613.099609375,0
2019-11-06,15561.2998046875,15647.0498046875,15440.400390625,15554.0498046875,0
2019-11-07,15624.400390625,15639.7001953125,15532.150390625,15635.5,24300
2019-11-08,15383.2998046875,15658.150390625,15355.7001953125,15646.400390625,0
2019-11-11,15308.5498046875,15354.0498046875,15228.7998046875,15343.25,0
2019-11-13,15240.9501953125,15374.0498046875,15192.2998046875,15307.900390625,0
2019-11-14,15388.75,15410.2998046875,15217.2998046875,15292.900390625,0
2019-11-15,15310.650390625,15471.150390625,15287.099609375,15425.0498046875,0
2019-11-18,15295.25,15373.849609375,15251.0,15326.7998046875,0
2019-11-19,15304.849609375,15371.7998046875,15256.849609375,15318.650390625,0
2019-11-20,15318.5,15349.0498046875,15235.0,15349.0498046875,0
2019-11-21,15293.9501953125,15435.400390625,15279.400390625,15353.7001953125,0
2019-11-22,14995.900390625,15220.0498046875,14931.349609375,15216.5498046875,0
2019-11-25,15100.599609375,15112.900390625,14950.9501953125,15002.2001953125,0
2019-11-26,14922.150390625,15212.650390625,14867.4501953125,15174.650390625,0
2019-11-27,15022.150390625,15049.0,14946.5498046875,14957.5,0
2019-11-28,15121.7998046875,15136.2001953125,15042.650390625,15069.150390625,14700
2019-11-29,14998.0498046875,15147.25,14964.25,15132.9501953125,0
2019-12-02,14852.0,15070.650390625,14819.400390625,15056.849609375,0
2019-12-03,14920.75,14956.4501953125,14808.400390625,14870.900390625,0
2019-12-04,15175.150390625,15188.5498046875,14896.599609375,14918.5,27200
2019-12-05,15367.5,15385.4501953125,15101.7998046875,15164.150390625,28800
2019-12-06,15289.599609375,15390.0498046875,15269.25,15383.4501953125,16900
2019-12-09,15157.150390625,15322.5498046875,15136.25,15309.7001953125,18200
2019-12-10,14946.5498046875,15123.349609375,14903.25,15120.0498046875,20100
2019-12-11,15130.2998046875,15147.349609375,14963.650390625,14972.0,23000
2019-12-12,14972.650390625,15184.150390625,14890.599609375,15151.099609375,27100
2019-12-13,15200.5498046875,15221.4501953125,14965.150390625,14987.900390625,30100
2019-12-16,15348.75,15446.25,15223.099609375,15263.75,28600
2019-12-17,15637.150390625,15670.349609375,15387.2001953125,15417.5498046875,35700
2019-12-18,15710.650390625,15835.7998046875,15649.150390625,15680.5,46700
2019-12-19,15812.9501953125,15835.5,15654.7001953125,15741.2001953125,25100
2019-12-20,15844.5498046875,15890.9501953125,15781.25,15811.9501953125,30000
2019-12-23,15865.5,15936.0,15809.0498046875,15811.400390625,15900
2019-12-24,15778.2001953125,15880.150390625,15739.4501953125,15877.400390625,16000
2019-12-26,15706.4501953125,15806.849609375,15690.9501953125,15784.4501953125,17800
2019-12-27,15780.7001953125,15824.150390625,15657.5,15740.400390625,16700
2019-12-30,15775.0,15868.9501953125,15715.099609375,15801.5,0
2019-12-31,15652.400390625,15775.25,15634.5,15754.0498046875,19600
2020-01-01,15722.150390625,15746.25,15676.7001953125,15705.900390625,9400
2020-01-02,15709.650390625,15762.099609375,15679.650390625,15754.900390625,15200
2020-01-03,15936.599609375,16004.4501953125,15722.650390625,15727.599609375,26000
2020-01-06,15879.7998046875,16067.650390625,15831.849609375,15934.599609375,24000
2020-01-07,15895.2001953125,15988.7001953125,15799.7998046875,15893.349609375,24200
2020-01-08,15953.4501953125,15974.849609375,15816.7998046875,15840.900390625,27400
2020-01-09,15925.150390625,16017.25,15857.25,15970.650390625,27900
2020-01-10,15959.900390625,16059.349609375,15930.650390625,16040.650390625,20200
2020-01-13,16225.900390625,16275.2001953125,16075.75,16135.5,61100
2020-01-14,16362.349609375,16385.94921875,16226.900390625,16238.150390625,34500
2020-01-15,16346.849609375,16366.75,16217.099609375,16354.2001953125,35200
2020-01-16,16381.650390625,16423.849609375,16277.25,16372.150390625,26200
2020-01-17,16356.599609375,16447.349609375,16310.75,16396.5,20000
2020-01-20,16207.150390625,16465.05078125,16162.5,16389.599609375,27100
2020-01-21,16175.2001953125,16221.5,16133.599609375,16190.7998046875,17500
2020-01-22,16334.5498046875,16404.599609375,16211.7998046875,16245.9501953125,26800
2020-01-23,16474.400390625,16501.19921875,16367.75,16380.599609375,30000
2020-01-24,16472.75,16498.75,16356.9501953125,16410.5,21200
2020-01-27,16393.55078125,16483.900390625,16385.650390625,16456.19921875,13600
2020-01-28,16429.75,16448.05078125,16320.599609375,16442.849609375,19700
2020-01-29,16479.30078125,16577.94921875,16452.0,16513.19921875,22200
2020-01-30,16327.900390625,16514.099609375,16287.75,16509.0,18900
2020-01-31,16144.150390625,16365.7998046875,16098.4501953125,16333.150390625,26300
2020-02-03,16059.900390625,16418.900390625,16034.2998046875,16282.0,29000
2020-02-04,16350.849609375,16377.4501953125,16155.7998046875,16174.7998046875,25200
2020-02-05,16448.55078125,16463.599609375,16283.25,16354.4501953125,21900
2020-02-06,16371.150390625,16621.349609375,16330.650390625,16480.75,24000
2020-02-07,16470.150390625,16493.25,16382.400390625,16453.0,15700
2020-02-10,16431.94921875,16522.400390625,16306.25,16481.5,18000
2020-02-11,16452.30078125,16512.099609375,16409.150390625,16482.400390625,17000
2020-02-12,16538.099609375,16599.05078125,16419.44921875,16462.25,18600
2020-02-13,16673.05078125,16696.849609375,16513.75,16578.75,18900
2020-02-14,16642.75,16828.19921875,16624.25,16682.30078125,19600
2020-02-17,16647.69921875,16737.650390625,16596.19921875,16707.650390625,0
2020-02-18,16748.75,16773.19921875,16526.400390625,16586.900390625,20800
2020-02-19,16772.5,16882.44921875,16754.25,16796.400390625,16900
2020-02-20,16649.400390625,16843.650390625,16623.900390625,16826.30078125,20300
2020-02-24,16461.80078125,16749.25,16416.849609375,16642.75,23400
2020-02-25,16562.5,16642.400390625,16443.25,16490.400390625,25300
2020-02-26,16332.25,16539.25,16297.25,16497.150390625,26800
2020-02-27,16123.7998046875,16258.650390625,16053.7001953125,16244.9501953125,24500
2020-02-28,15212.9501953125,15788.4501953125,15156.7998046875,15726.150390625,42900
2020-03-02,15427.650390625,15722.0,15298.0,15355.0498046875,36500
2020-03-03,15723.2001953125,15793.099609375,15495.7001953125,15615.0498046875,29600
2020-03-04,15864.2998046875,15919.9501953125,15612.75,15824.900390625,32100
2020-03-05,15871.349609375,16150.599609375,15841.099609375,15912.0498046875,26900
2020-03-06,15663.5,15699.9501953125,15443.0,15607.349609375,26000
2020-03-09,14854.900390625,15371.0,14705.400390625,15333.5498046875,36800
2020-03-11,14681.400390625,14823.7998046875,14356.099609375,14524.150390625,43300
2020-03-12,13384.849609375,14231.9501953125,13317.650390625,14177.400390625,42900
2020-03-13,13539.099609375,13835.349609375,11624.849609375,12561.9501953125,47400
2020-03-16,12451.349609375,13078.650390625,12355.150390625,12963.7001953125,49500
2020-03-17,12099.25,12677.2001953125,11999.5498046875,12517.5,44100
2020-03-18,11753.0,12451.099609375,11643.900390625,12287.7998046875,45500
2020-03-19,11340.0,11698.2998046875,10991.25,11183.9501953125,52500
2020-03-20,12363.4501953125,12710.5498046875,11363.5,11382.400390625,66400
2020-03-23,11179.599609375,11602.4501953125,11108.650390625,11328.25,44700
2020-03-24,11865.0498046875,12053.7998046875,11159.2998046875,11159.75,51300
2020-03-25,12233.349609375,12514.25,11657.25,11856.900390625,47600
2020-03-26,12535.599609375,12751.5498046875,12306.349609375,12496.9501953125,47100
2020-03-27,12569.099609375,12949.599609375,12403.849609375,12778.150390625,43300
2020-03-30,12318.7998046875,12774.599609375,12152.9501953125,12152.9501953125,40800
2020-03-31,12763.650390625,12930.7998046875,12466.599609375,12681.75,38800
2020-04-01,12045.849609375,12690.599609375,11989.599609375,12680.5,40900
2020-04-03,11680.0498046875,12146.9501953125,11621.2001953125,12129.849609375,40600
2020-04-07,12588.9501953125,12647.400390625,12132.2998046875,12147.0,39400
2020-04-08,12491.5498046875,12897.5,12437.75,12468.599609375,40400
2020-04-09,12728.5498046875,12867.349609375,12648.7998046875,12810.7998046875,36100
2020-04-13,12603.099609375,12795.7001953125,12527.150390625,12698.849609375,28500
2020-04-15,12702.599609375,12951.400390625,12661.0,12792.4501953125,47900
2020-04-16,12463.599609375,12605.400390625,12205.900390625,12430.2998046875,69400
2020-04-17,12649.25,12992.0498046875,12596.650390625,12878.349609375,46500
2020-04-20,12847.650390625,12937.9501953125,12742.5498046875,12812.599609375,39200
2020-04-21,12408.849609375,12632.5,12375.7998046875,12513.650390625,37300
2020-04-22,12571.2998046875,12619.4501953125,12322.9501953125,12393.900390625,27600
2020-04-23,13128.2001953125,13199.75,12596.599609375,12639.7998046875,39800
2020-04-24,12816.2001953125,13101.400390625,12792.900390625,13001.900390625,32500
2020-04-27,13121.150390625,13248.9501953125,12928.0498046875,12957.349609375,40200
2020-04-28,13133.650390625,13317.2001953125,13067.75,13301.9501953125,38800
2020-04-29,13424.9501953125,13470.7998046875,13144.7998046875,13250.599609375,37600
2020-04-30,14108.400390625,14212.099609375,13750.25,13841.599609375,61200
2020-05-04,13454.25,13700.25,13424.349609375,13646.099609375,48700
2020-05-05,13388.0498046875,13667.849609375,13351.4501953125,13637.7998046875,35400
2020-05-06,13394.7001953125,13580.0498046875,13262.25,13437.2998046875,39800
2020-05-07,13292.7001953125,13489.5498046875,13268.400390625,13408.0,48600
2020-05-08,13403.599609375,13530.849609375,13324.0,13509.4501953125,0
2020-05-11,13593.5498046875,13763.7998046875,13489.25,13521.599609375,29800
2020-05-12,13687.75,13733.5,13480.75,13537.150390625,32000
2020-05-13,13776.9501953125,13960.349609375,13612.7998046875,13960.349609375,26700
2020-05-14,13293.75,13483.7001953125,13246.7998046875,13396.0498046875,40100
2020-05-15,13196.349609375,13375.7998046875,13108.400390625,13375.4501953125,30500
2020-05-18,13314.400390625,13408.7998046875,13109.9501953125,13278.25,35400
2020-05-19,13446.599609375,13524.2001953125,13197.599609375,13272.349609375,28300
2020-05-20,13517.400390625,13556.900390625,13362.5498046875,13443.5,27900
2020-05-21,13647.900390625,13732.0,13468.5,13495.400390625,28500
2020-05-22,13842.650390625,13902.7998046875,13571.650390625,13622.25,37800
2020-05-26,13574.9501953125,13930.849609375,13522.9501953125,13860.849609375,28700
2020-05-27,13952.900390625,14017.0498046875,13488.099609375,13667.150390625,40500
2020-05-28,14028.599609375,14068.2998046875,13759.150390625,13964.900390625,41100
2020-05-29,14010.5,14080.5498046875,13762.9501953125,13893.400390625,86600
2020-06-01,14307.099609375,14431.349609375,14140.849609375,14155.650390625,45100
2020-06-02,14422.400390625,14492.2998046875,14269.7001953125,14358.0,34100
2020-06-03,14361.7001953125,14549.0,14317.2001953125,14507.25,40000
2020-06-04,14627.4501953125,14695.099609375,14380.849609375,14380.849609375,44600
2020-06-05,14627.4501953125,14732.849609375,14599.75,14715.900390625,38700
2020-06-08,14894.599609375,14990.25,14713.4501953125,14824.75,48700
2020-06-09,14737.849609375,14983.2001953125,14712.2998046875,14869.400390625,39000
2020-06-10,14842.0498046875,14882.599609375,14690.900390625,14774.7998046875,39400
2020-06-11,14619.4501953125,14840.650390625,14585.4501953125,14823.9501953125,34700
2020-06-12,14402.75,14442.650390625,14123.5498046875,14125.7998046875,35500
2020-06-15,14396.7001953125,14571.9501953125,14238.0498046875,14444.25,0
2020-06-16,14450.7998046875,14667.400390625,14375.5,14634.0,0
2020-06-17,14478.4501953125,14559.5498046875,14382.9501953125,14418.7998046875,0
2020-06-18,14551.25,14623.9501953125,14443.0,14478.650390625,0
2020-06-19,14499.7998046875,14625.7998046875,14422.4501953125,14532.7001953125,0
2020-06-22,14463.7001953125,14550.349609375,14432.4501953125,14537.7998046875,27900
2020-06-23,14680.400390625,14725.400390625,14320.7001953125,14398.4501953125,45700
2020-06-24,14581.4501953125,14761.2001953125,14547.2001953125,14675.7001953125,36300
2020-06-25,14411.2001953125,14590.5,14383.599609375,14486.400390625,36300
2020-06-26,14994.650390625,15086.0,14476.4501953125,14496.7001953125,77800
2020-06-29,14768.0,14979.2001953125,14737.4501953125,14874.2001953125,28100
2020-06-30,14754.2998046875,14854.400390625,14692.4501953125,14812.7001953125,25900
2020-07-01,14732.150390625,14842.849609375,14704.5,14767.349609375,19800
2020-07-02,15122.5498046875,15195.2001953125,14782.4501953125,14803.5,41200
2020-07-03,15285.900390625,15336.849609375,15148.5,15164.25,27200
2020-07-06,15464.9501953125,15580.5,15351.7001953125,15351.7001953125,31900
2020-07-07,15784.9501953125,15806.849609375,15440.099609375,15528.0498046875,51600
2020-07-08,15513.650390625,15765.0498046875,15473.5,15765.0,28400
2020-07-09,15535.9501953125,15663.4501953125,15468.400390625,15572.349609375,26600
2020-07-10,15565.2001953125,15656.0498046875,15417.5,15471.7001953125,27600
2020-07-13,15819.2001953125,15885.5498046875,15624.7998046875,15643.099609375,44800
2020-07-14,15640.5498046875,15941.650390625,15611.849609375,15779.5,42000
2020-07-15,16459.849609375,16624.650390625,15830.5,15853.7998046875,193800
2020-07-16,16926.05078125,17491.150390625,16715.75,16971.25,190500
2020-07-17,16821.349609375,16975.19921875,16693.349609375,16936.94921875,88200
2020-07-20,17258.30078125,17376.150390625,16849.150390625,16880.349609375,61200
2020-07-21,17273.19921875,17514.05078125,17219.69921875,17453.349609375,63700
2020-07-22,17076.05078125,17321.69921875,16978.400390625,17317.30078125,38300
2020-07-23,17045.19921875,17082.55078125,16949.150390625,17071.80078125,35700
2020-07-24,17286.0,17322.69921875,16944.55078125,16944.55078125,75700
2020-07-27,17626.75,17735.650390625,17290.55078125,17323.0,65300
2020-07-28,18042.75,18103.650390625,17634.400390625,17647.900390625,74600
2020-07-29,17880.5,18108.69921875,17783.30078125,17959.80078125,45700
2020-07-30,18003.55078125,18252.69921875,17967.19921875,17995.25,63700
2020-07-31,18071.849609375,18353.5,17909.30078125,18166.30078125,47100
2020-08-03,17965.80078125,18140.849609375,17840.30078125,18099.400390625,33100
2020-08-04,17808.0,18092.0,17716.400390625,18029.400390625,0
2020-08-05,17869.80078125,18139.25,17818.150390625,17889.55078125,35500
2020-08-06,18188.75,18222.80078125,17943.849609375,18009.69921875,43900
2020-08-07,18004.150390625,18182.30078125,17977.69921875,18182.30078125,32100
2020-08-10,18159.55078125,18205.25,18016.80078125,18090.25,26000
2020-08-11,18057.099609375,18331.650390625,18036.5,18202.5,30800
2020-08-12,18066.0,18109.80078125,17900.0,18077.150390625,38900
2020-08-13,18107.19921875,18344.05078125,18032.900390625,18141.349609375,35300
2020-08-14,18022.650390625,18230.099609375,17994.650390625,18137.30078125,25700
2020-08-17,18223.599609375,18306.94921875,18103.30078125,18136.650390625,39300
2020-08-18,18270.349609375,18375.150390625,18209.55078125,18318.599609375,0
2020-08-19,18210.849609375,18354.80078125,18187.55078125,18340.0,0
2020-08-20,18126.099609375,18252.30078125,18083.25,18181.400390625,0
2020-08-21,18065.30078125,18282.55078125,18047.94921875,18266.900390625,0
2020-08-24,18010.94921875,18112.900390625,17915.599609375,18092.55078125,0
2020-08-25,17973.69921875,18047.5,17914.5,18028.80078125,0
2020-08-26,18128.0,18156.150390625,17940.69921875,18022.69921875,0
2020-08-27,18102.650390625,18305.55078125,18075.75,18231.94921875,0
2020-08-28,18122.0,18253.599609375,18093.44921875,18216.30078125,0
2020-08-31,17928.849609375,18426.400390625,17791.849609375,18163.25,0
2020-09-01,17814.05078125,18154.400390625,17775.650390625,17954.599609375,0
2020-09-02,18077.0,18114.849609375,17858.30078125,17860.650390625,0
2020-09-03,18348.55078125,18497.94921875,18108.0,18148.25,0
2020-09-04,18073.94921875,18259.80078125,18012.80078125,18049.19921875,0
2020-09-07,18176.80078125,18208.94921875,17962.349609375,18093.05078125,28400
2020-09-08,18395.75,18671.75,18213.55078125,18304.25,0
2020-09-09,18261.5,18439.55078125,18193.44921875,18264.19921875,0
2020-09-10,18395.849609375,18416.75,18217.099609375,18385.94921875,0
2020-09-11,18633.25,18740.849609375,18338.099609375,18347.650390625,0
2020-09-14,19505.099609375,19592.30078125,18799.55078125,18804.849609375,0
2020-09-15,19627.30078125,19823.0,19392.349609375,19511.5,0
2020-09-16,19770.349609375,19802.400390625,19533.69921875,19642.30078125,0
2020-09-17,19817.69921875,20014.650390625,19605.05078125,19660.44921875,0
2020-09-18,19827.099609375,20067.69921875,19777.75,19889.94921875,0
2020-09-21,19729.0,20331.599609375,19683.849609375,19855.55078125,0
2020-09-22,19866.099609375,20113.400390625,19376.69921875,19813.349609375,0
2020-09-23,19805.650390625,20226.30078125,19615.150390625,20016.80078125,0
2020-09-24,18973.05078125,19658.0,18914.69921875,19630.30078125,0
2020-09-25,19629.349609375,19678.5,19077.849609375,19108.75,0
2020-09-28,19783.05078125,19836.94921875,19463.650390625,19774.75,0
2020-09-29,19831.80078125,20146.349609375,19782.349609375,19891.05078125,0
2020-09-30,19951.349609375,20048.55078125,19741.650390625,19880.599609375,0
2020-10-01,20110.400390625,20196.05078125,20009.30078125,20129.80078125,0
2020-10-05,20809.0,20940.900390625,20341.44921875,20375.900390625,0
2020-10-06,20896.75,20995.30078125,20573.900390625,20995.30078125,0
2020-10-07,21017.400390625,21121.599609375,20771.650390625,20897.55078125,0
2020-10-08,21697.25,22169.30078125,21501.94921875,21531.849609375,0
2020-10-09,21837.650390625,21922.75,21540.650390625,21703.44921875,0
2020-10-12,22202.099609375,22320.0,21845.05078125,21990.849609375,0
2020-10-13,22492.599609375,22619.0,22186.05078125,22230.19921875,0
2020-10-14,22204.05078125,22490.30078125,22129.94921875,22475.849609375,0
2020-10-15,21567.30078125,22570.5,21364.150390625,22473.650390625,0
2020-10-16,21538.150390625,21908.80078125,21247.55078125,21638.25,0
2020-10-19,21391.900390625,21683.80078125,21354.900390625,21683.80078125,0
2020-10-20,21694.349609375,21779.80078125,21346.05078125,21397.5,0
2020-10-21,21577.650390625,21892.30078125,21406.099609375,21757.05078125,0
2020-10-22,21413.5,21767.05078125,21290.44921875,21480.69921875,0
2020-10-23,21523.599609375,21621.599609375,21385.150390625,21546.650390625,0
2020-10-26,21265.69921875,21595.80078125,21148.650390625,21493.30078125,0
2020-10-27,21023.400390625,21371.599609375,20932.69921875,21287.099609375,0
2020-10-28,20810.30078125,21194.75,20701.0,21121.900390625,0
2020-10-29,20876.94921875,20961.05078125,20548.30078125,20667.69921875,0
2020-10-30,20916.849609375,21197.30078125,20797.5,20912.94921875,0
2020-11-02,20732.30078125,21012.44921875,20669.349609375,20964.150390625,0
2020-11-03,20736.0,21017.94921875,20679.650390625,20792.25,0
2020-11-04,21104.55078125,21468.44921875,20765.80078125,20769.900390625,0
2020-11-05,21385.650390625,21596.0,21284.599609375,21383.69921875,0
2020-11-06,21492.30078125,21582.19921875,21251.55078125,21435.150390625,0
2020-11-09,21820.150390625,21926.900390625,21620.55078125,21751.650390625,0
2020-11-10,20978.5,21633.099609375,20862.69921875,21633.099609375,0
2020-11-11,21330.5,21365.650390625,20967.80078125,21029.25,0
2020-11-12,21363.349609375,21610.05078125,21291.69921875,21380.19921875,0
2020-11-13,21436.849609375,21462.0,21219.80078125,21305.349609375,0
2020-11-17,21488.55078125,21706.19921875,21361.44921875,21704.05078125,0
2020-11-18,21314.849609375,21557.099609375,21153.849609375,21519.150390625,0
2020-11-19,21114.44921875,21451.80078125,21070.25,21285.75,0
2020-11-20,21409.25,21500.650390625,21121.75,21275.349609375,0
2020-11-23,22007.05078125,22047.05078125,21432.650390625,21551.849609375,0
2020-11-24,22064.30078125,22281.849609375,22016.94921875,22099.599609375,0
2020-11-25,21705.900390625,22132.900390625,21675.900390625,22087.900390625,0
2020-11-26,21859.900390625,21919.150390625,21544.05078125,21717.400390625,36600
2020-11-27,21764.900390625,21972.94921875,21701.30078125,21879.150390625,81500
2020-12-01,22170.900390625,22216.44921875,21814.400390625,21921.099609375,0
2020-12-02,22319.0,22371.55078125,21961.44921875,22149.349609375,0
2020-12-03,22202.19921875,22458.80078125,22147.30078125,22458.75,0
2020-12-04,22309.80078125,22347.849609375,22130.30078125,22222.25,0
2020-12-07,22440.900390625,22482.900390625,22271.0,22333.30078125,0
2020-12-08,22617.400390625,22737.94921875,22387.349609375,22484.349609375,0
2020-12-09,22803.44921875,22895.5,22720.5,22799.94921875,0
2020-12-10,22755.75,22809.55078125,22606.599609375,22693.94921875,0
2020-12-11,22664.0,22901.75,22541.099609375,22754.5,0
2020-12-14,22746.69921875,22792.44921875,22487.30078125,22786.0,30500
2020-12-15,22715.099609375,22779.69921875,22608.349609375,22656.349609375,29900
2020-12-16,22906.25,22933.80078125,22701.55078125,22830.400390625,0
2020-12-17,22892.25,22960.5,22835.400390625,22913.150390625,0
2020-12-18,23256.599609375,23416.5,23148.5,23173.150390625,0
2020-12-21,22844.599609375,23506.69921875,22458.150390625,23233.5,0
2020-12-22,23611.599609375,23680.900390625,22745.25,22921.849609375,0
2020-12-23,24167.75,24228.80078125,23758.400390625,23787.80078125,0
2020-12-24,24009.25,24163.19921875,23828.05078125,24163.19921875,0
2020-12-28,24100.30078125,24192.05078125,24037.80078125,24065.400390625,0
2020-12-29,24274.05078125,24424.19921875,24090.30078125,24093.05078125,0
2020-12-30,24330.05078125,24394.75,24176.25,24312.5,0
2020-12-31,24251.349609375,24295.19921875,24137.80078125,24255.94921875,0
2021-01-01,24456.099609375,24500.69921875,24288.94921875,24300.19921875,17800
2021-01-04,25110.05078125,25158.849609375,24508.94921875,24612.05078125,0
2021-01-05,25769.150390625,25824.150390625,25029.849609375,25057.650390625,0
2021-01-06,25419.150390625,26036.69921875,25240.5,25841.30078125,0
2021-01-07,25251.19921875,25702.30078125,25131.900390625,25692.05078125,0
2021-01-08,26162.400390625,26227.5,25523.75,25558.30078125,0
2021-01-11,27027.75,27095.75,26528.0,26703.19921875,0
2021-01-12,26982.099609375,27127.25,26805.0,27008.0,0
2021-01-13,27004.30078125,27103.900390625,26737.400390625,27077.69921875,0
2021-01-14,26965.55078125,27176.5,26245.099609375,26804.650390625,0
2021-01-15,26362.80078125,27037.650390625,26301.400390625,26939.69921875,0
2021-01-18,25916.25,26423.599609375,25830.400390625,26395.599609375,54400
2021-01-19,26043.5,26254.05078125,25987.30078125,26080.099609375,41600
2021-01-20,26619.69921875,26758.099609375,26142.94921875,26147.19921875,0
2021-01-21,26450.150390625,26872.94921875,26321.80078125,26808.5,0
2021-01-22,26489.75,26667.55078125,26292.80078125,26316.55078125,0
2021-01-25,26023.30078125,26685.80078125,25911.80078125,26607.650390625,0
2021-01-27,25865.30078125,26236.55078125,25628.69921875,26073.099609375,0
2021-01-28,25301.25,25807.650390625,25239.69921875,25639.900390625,0
2021-01-29,24645.75,25539.849609375,24559.650390625,25516.80078125,0
2021-02-01,24922.69921875,25139.150390625,24308.900390625,24709.25,0
2021-02-02,25447.80078125,25574.75,25107.19921875,25277.44921875,38500
2021-02-03,25680.900390625,25949.69921875,25341.400390625,25590.05078125,35500
2021-02-04,25570.05078125,25862.5,25505.25,25749.69921875,0
2021-02-05,25331.599609375,25733.5,25188.400390625,25689.69921875,0
2021-02-08,25915.599609375,26028.0,25415.94921875,25588.5,0
2021-02-09,25779.150390625,26301.19921875,25659.900390625,25933.80078125,0
2021-02-10,25885.30078125,25941.05078125,25570.19921875,25779.900390625,0
2021-02-11,26043.44921875,26080.150390625,25795.849609375,25860.849609375,0
2021-02-12,26093.80078125,26455.05078125,26012.25,26111.80078125,0
2021-02-15,26001.099609375,26279.30078125,25959.099609375,26243.099609375,0
2021-02-16,25613.94921875,26167.849609375,25519.94921875,26130.400390625,0
2021-02-17,25282.94921875,25672.25,25234.69921875,25610.400390625,0
2021-02-18,25618.55078125,25686.849609375,25262.650390625,25270.94921875,0
2021-02-19,25503.19921875,25676.0,25292.650390625,25634.94921875,0
2021-02-22,24766.44921875,25617.349609375,24646.44921875,25579.75,0
2021-02-23,24807.80078125,25199.599609375,24709.150390625,24933.69921875,0
2021-02-24,24779.400390625,24872.349609375,24518.69921875,24814.55078125,19700
2021-02-25,24872.44921875,25199.80078125,24830.69921875,24979.0,34500
2021-02-26,24301.44921875,24689.0,24212.80078125,24611.19921875,0
2021-03-01,24556.30078125,24846.099609375,24451.44921875,24494.650390625,0
2021-03-02,25301.849609375,25435.400390625,24770.349609375,24809.69921875,0
2021-03-03,25772.650390625,25814.900390625,25331.400390625,25582.599609375,0
2021-03-04,25631.849609375,25981.349609375,25450.44921875,25471.69921875,0
2021-03-05,25229.599609375,25697.75,25113.44921875,25504.69921875,0
2021-03-08,25347.94921875,25549.30078125,25259.599609375,25368.19921875,0
2021-03-09,25582.349609375,25685.80078125,25095.349609375,25388.80078125,0
2021-03-10,26010.099609375,26136.55078125,25782.30078125,25862.05078125,0
2021-03-12,25888.25,26298.0,25819.900390625,26060.44921875,0
2021-03-15,26032.05078125,26094.150390625,25651.80078125,25859.150390625,0
2021-03-16,26363.849609375,26602.650390625,26111.099609375,26132.44921875,0
2021-03-17,26183.5,26657.099609375,26113.75,26378.19921875,0
2021-03-18,25373.349609375,26395.94921875,25012.5,26365.900390625,0
2021-03-19,25562.75,25687.400390625,25028.30078125,25273.349609375,0
2021-03-22,26035.349609375,26102.80078125,25418.44921875,25649.05078125,0
2021-03-23,26105.69921875,26315.80078125,25928.0,26105.69921875,0
2021-03-24,25802.94921875,26114.599609375,25738.150390625,25863.55078125,0
2021-03-25,25237.099609375,25766.0,25131.400390625,25739.80078125,0
2021-03-26,25385.099609375,25687.05078125,25276.599609375,25475.30078125,0
2021-03-30,26121.099609375,26306.650390625,25429.19921875,25531.099609375,44200
2021-03-31,25855.0,26130.599609375,25788.0,26130.599609375,0
2021-04-01,25980.400390625,26289.099609375,25855.349609375,26039.849609375,0
2021-04-05,26491.400390625,26630.80078125,25978.94921875,26035.5,0
2021-04-06,26532.19921875,26715.19921875,26403.44921875,26715.19921875,0
2021-04-07,26831.0,26899.19921875,26401.69921875,26514.94921875,0
2021-04-08,27148.400390625,27413.55078125,26845.849609375,26899.5,0
2021-04-09,27367.05078125,27520.099609375,27109.94921875,27322.05078125,0
2021-04-12,26727.80078125,27524.599609375,26545.650390625,27504.400390625,0
2021-04-13,25851.30078125,26759.19921875,25513.400390625,26737.69921875,0
2021-04-15,26010.849609375,26084.150390625,25293.30078125,25577.0,0
2021-04-16,26324.900390625,26476.650390625,26131.19921875,26183.44921875,0
2021-04-19,26236.900390625,26524.650390625,25875.900390625,26012.400390625,0
2021-04-20,25877.599609375,26496.5,25736.44921875,26495.599609375,0
2021-04-22,25826.69921875,26055.0,25718.599609375,25902.599609375,64600
2021-04-23,25609.099609375,25926.05078125,25531.94921875,25746.44921875,0
2021-04-26,25680.30078125,25887.099609375,25521.19921875,25633.099609375,0
2021-04-27,25815.75,25871.44921875,25686.94921875,25737.19921875,0
2021-04-28,25962.099609375,25992.5,25781.150390625,25952.650390625,0
2021-04-29,25874.30078125,26162.19921875,25827.150390625,26162.19921875,0
2021-04-30,25664.44921875,26154.30078125,25593.900390625,25777.75,0
2021-05-03,25676.05078125,25785.599609375,25427.900390625,25544.849609375,26600
2021-05-04,25489.0,25801.25,25398.94921875,25783.19921875,27200
2021-05-05,25786.94921875,25857.650390625,25564.599609375,25670.55078125,0
2021-05-06,26258.69921875,26387.650390625,25639.599609375,25868.25,0
2021-05-07,26269.44921875,26454.099609375,26180.25,26378.80078125,0
2021-05-10,26273.44921875,26390.80078125,26106.349609375,26340.599609375,0
2021-05-11,26106.69921875,26146.5,25968.099609375,26098.900390625,0
2021-05-12,25855.44921875,26105.19921875,25728.44921875,26105.19921875,0
2021-05-14,25588.19921875,25901.19921875,25461.94921875,25896.19921875,0
2021-05-17,25703.55078125,25770.5,25499.44921875,25650.44921875,0
2021-05-18,25958.25,26094.099609375,25840.55078125,25898.900390625,0
2021-05-19,25982.80078125,26262.69921875,25869.650390625,25949.55078125,0
2021-05-20,25894.5,26118.25,25821.55078125,26075.400390625,0
2021-05-21,26105.30078125,26154.0,25936.599609375,26012.849609375,0
2021-05-24,26144.19921875,26298.55078125,26095.400390625,26150.599609375,0
2021-05-25,26393.900390625,26550.55078125,26241.150390625,26275.44921875,0
2021-05-26,26857.349609375,26905.75,26380.5,26450.69921875,0
2021-05-27,27164.80078125,27350.25,26916.849609375,26921.80078125,0
2021-05-28,27122.80078125,27278.69921875,27041.900390625,27238.099609375,0
2021-05-31,27115.05078125,27203.900390625,26886.80078125,27144.099609375,0
2021-06-01,27144.400390625,27254.150390625,26953.5,27216.75,0
2021-06-02,26939.650390625,27118.69921875,26737.150390625,27051.400390625,0
2021-06-03,26987.900390625,27159.94921875,26855.19921875,27088.44921875,0
2021-06-04,26996.75,27167.5,26914.599609375,27031.599609375,0
2021-06-07,27295.650390625,27330.400390625,26997.80078125,27078.400390625,0
2021-06-08,27623.80078125,27732.349609375,27376.94921875,27400.80078125,0
2021-06-09,27539.0,27793.80078125,27436.349609375,27691.30078125,0
2021-06-10,27798.0,27822.099609375,27649.94921875,27676.5,0
2021-06-11,28217.5,28347.5,27820.5,27866.25,0
2021-06-14,28314.099609375,28467.349609375,28134.650390625,28371.900390625,0
2021-06-15,28377.849609375,28544.599609375,28325.900390625,28384.69921875,0
2021-06-16,28448.849609375,28600.19921875,28241.25,28384.150390625,0
2021-06-17,28611.349609375,28714.599609375,28343.05078125,28355.150390625,0
2021-06-18,28445.599609375,28934.05078125,28227.55078125,28829.5,0
2021-06-21,28367.0,28393.05078125,28083.75,28224.099609375,0
2021-06-22,28523.55078125,28656.400390625,28396.5,28514.150390625,0
2021-06-23,28258.5,28719.650390625,28229.349609375,28719.650390625,0
2021-06-24,29048.0,29098.94921875,28357.30078125,28395.44921875,0
2021-06-25,29210.55078125,29284.0,28874.599609375,29176.75,0
2021-06-28,29068.55078125,29259.599609375,28977.75,29259.599609375,0
2021-06-29,28986.25,29183.849609375,28934.150390625,29049.650390625,0
2021-06-30,29168.0,29311.55078125,29036.94921875,29057.150390625,0
2021-07-01,29003.099609375,29193.05078125,28953.05078125,29193.05078125,15900
2021-07-02,29007.94921875,29028.349609375,28704.0,28983.5,16400
2021-07-05,28950.599609375,29185.599609375,28907.75,29117.44921875,0
2021-07-06,28649.400390625,28986.099609375,28607.599609375,28924.0,0
2021-07-07,28734.650390625,28790.30078125,28381.30078125,28708.599609375,0
2021-07-08,28749.0,28934.44921875,28541.94921875,28821.75,0
2021-07-09,28662.19921875,28898.849609375,28549.25,28669.19921875,0
2021-07-12,28532.349609375,28854.55078125,28421.55078125,28837.05078125,0
2021-07-13,28439.75,28681.19921875,28381.900390625,28674.69921875,0
2021-07-14,29339.849609375,29376.900390625,28534.849609375,28581.25,0
2021-07-15,29718.05078125,29835.900390625,29284.80078125,29303.349609375,0
2021-07-16,29400.25,29734.75,29287.25,29734.75,0
2021-07-19,29264.0,29592.349609375,29167.349609375,29248.30078125,0
2021-07-20,29252.5,29410.5,28992.0,29282.80078125,0
2021-07-22,29779.94921875,29808.44921875,29335.69921875,29335.69921875,0
2021-07-23,29894.30078125,30059.69921875,29848.05078125,29895.599609375,0
2021-07-26,29940.400390625,30139.19921875,29859.599609375,29886.19921875,0
2021-07-27,29892.55078125,30048.349609375,29698.94921875,29967.900390625,0
2021-07-28,29954.150390625,29993.55078125,29510.349609375,29934.05078125,0
2021-07-29,30371.400390625,30406.0,30037.099609375,30037.19921875,0
2021-07-30,30480.05078125,30818.55078125,30438.349609375,30546.849609375,0
2021-08-02,30803.05078125,30832.30078125,30547.0,30681.94921875,0
2021-08-03,31165.849609375,31196.44921875,30872.349609375,30974.75,0
2021-08-04,30977.150390625,31338.80078125,30895.44921875,31296.80078125,0
2021-08-05,31211.19921875,31560.19921875,30980.900390625,31025.150390625,0
2021-08-06,31303.30078125,31460.30078125,31057.599609375,31251.19921875,0
2021-08-09,31441.0,31685.400390625,31324.75,31523.5,0
2021-08-10,31713.400390625,31812.75,31431.150390625,31489.94921875,29900
2021-08-11,31670.0,31799.75,31522.400390625,31767.900390625,21200
2021-08-12,32245.099609375,32289.849609375,31667.349609375,31667.349609375,29100
2021-08-13,32678.80078125,32821.8984375,32264.150390625,32308.849609375,32200
2021-08-16,32577.94921875,32905.3515625,32438.25,32671.75,18000
2021-08-17,33414.75,33487.1015625,32449.650390625,32614.0,42300
2021-08-18,33448.8984375,33840.44921875,33268.6015625,33482.8515625,29400
2021-08-20,33351.3515625,33652.3984375,32949.8984375,32954.19921875,28500
2021-08-23,33919.80078125,34153.3984375,33567.3515625,33582.1484375,36600
2021-08-24,33838.3984375,34262.6015625,33634.75,34145.25,28600
2021-08-25,34083.94921875,34399.8515625,33764.1015625,33887.75,25300
2021-08-26,34041.1015625,34375.94921875,33929.69921875,34092.8984375,21000
2021-08-27,34309.80078125,34392.8515625,33799.05078125,34036.44921875,26200
2021-08-30,34109.25,34480.1484375,34027.5,34338.75,21200
2021-08-31,34570.25,34680.6484375,34043.6015625,34205.80078125,40000
2021-09-01,34110.5,34780.0,34037.1484375,34698.75,22300
2021-09-02,34680.30078125,34846.8984375,34051.8984375,34218.25,27500
2021-09-03,34891.19921875,34997.69921875,34490.6484375,34744.44921875,20900
2021-09-06,35415.1015625,35464.3984375,34855.94921875,34992.05078125,27600
2021-09-07,34951.30078125,35581.55078125,34906.8515625,35549.30078125,19400
2021-09-08,34678.19921875,34979.30078125,34515.44921875,34973.8984375,22700
2021-09-09,34802.30078125,34862.8515625,34530.0,34676.19921875,18000
2021-09-13,35129.6015625,35242.5,34573.69921875,34688.30078125,21100
2021-09-14,35431.5,35476.8984375,35020.69921875,35224.25,20200
2021-09-15,36075.19921875,36200.0,35375.3515625,35462.3515625,23100
2021-09-16,35852.44921875,36310.75,35694.8515625,36151.3515625,19500
2021-09-17,35646.5,36131.25,35527.0,35915.3984375,30300
2021-09-20,35400.05078125,36130.55078125,35346.19921875,35462.3984375,22500
2021-09-21,36086.05078125,36127.80078125,35332.8515625,35609.1015625,19600
2021-09-22,36422.44921875,36713.1484375,36145.94921875,36154.05078125,25700
2021-09-23,36816.8984375,36867.44921875,36532.44921875,36691.94921875,16700
2021-09-24,37103.25,37823.1484375,37055.0,37128.75,39400
2021-09-27,36034.3984375,37345.05078125,35968.75,37335.8984375,29900
2021-09-28,35239.94921875,36082.0,34924.55078125,36082.0,34200
2021-09-29,35282.6484375,35578.30078125,34733.94921875,34894.8984375,37000
2021-09-30,35028.0,35408.1015625,34975.6015625,35394.8984375,25400
2021-10-01,34780.6015625,35100.8984375,34719.80078125,34955.5,20000
2021-10-04,35126.1484375,35184.55078125,34778.25,34923.80078125,16800
2021-10-05,35544.30078125,35650.8515625,34781.6015625,34978.3984375,20600
2021-10-06,35075.80078125,35801.5,35003.05078125,35689.55078125,18500
2021-10-07,35703.8515625,35903.94921875,35233.30078125,35323.6015625,17800
2021-10-08,36402.0,36703.55078125,35786.30078125,35920.55078125,31000
2021-10-11,35179.94921875,35690.3984375,34768.94921875,35494.3984375,43100
2021-10-12,34869.75,35294.1484375,34512.80078125,35179.19921875,41100
2021-10-13,35285.6015625,35324.44921875,34872.3984375,35053.69921875,29400
2021-10-14,35744.8515625,36412.44921875,35571.3984375,35921.44921875,111700
2021-10-18,36306.3515625,36400.6015625,35863.3984375,36012.0,58800
2021-10-19,37106.3515625,37491.8515625,36720.0,36841.6015625,53800
2021-10-20,36846.80078125,37463.8984375,36534.5,37188.1484375,37500
2021-10-21,35913.6015625,36988.8984375,35624.5,36988.8984375,38300
2021-10-22,35394.6484375,36297.19921875,35098.19921875,35892.6484375,30400
2021-10-25,35005.3984375,35521.05078125,34529.8515625,35467.1015625,32100
2021-10-26,35162.3515625,35699.8515625,34957.75,35181.69921875,40800
2021-10-27,35503.8984375,35578.0,35163.05078125,35245.05078125,23600
2021-10-28,34913.6015625,35575.6484375,34787.1015625,35575.6484375,22600
2021-10-29,34408.75,35178.75,34288.55078125,34820.30078125,26900
2021-11-01,35290.0,35328.55078125,34654.94921875,34677.30078125,19700
2021-11-02,35177.3515625,35522.3515625,35076.1484375,35334.25,17700
2021-11-03,35177.1015625,35525.75,35093.05078125,35351.44921875,15000
2021-11-04,35334.25,35452.3515625,35302.44921875,35403.0,2200
2021-11-08,35782.3515625,35852.5,35177.94921875,35606.0,22100
2021-11-09,35815.1015625,36117.94921875,35763.8515625,35839.19921875,18300
2021-11-10,35722.94921875,35862.44921875,35576.19921875,35635.05078125,15500
2021-11-11,35583.6484375,35697.0,35141.30078125,35626.6484375,19600
2021-11-12,36332.30078125,36378.05078125,35732.75,35860.1015625,23500
2021-11-15,36465.30078125,36646.25,36302.94921875,36391.1015625,18700
2021-11-16,36643.8984375,36794.25,36429.8984375,36555.25,23800
2021-11-17,36660.8984375,36835.94921875,36431.25,36623.75,19700
2021-11-18,36007.0,36702.3984375,35867.30078125,36641.55078125,22000
2021-11-22,35478.94921875,36097.0,35224.55078125,36097.0,24300
2021-11-23,35504.3984375,35645.44921875,34707.8515625,35206.0,24100
2021-11-24,34966.25,35662.6015625,34828.30078125,35627.94921875,20200
2021-11-25,35300.25,35365.75,34934.55078125,34978.0,16900
2021-11-26,34606.1484375,35190.1015625,34512.6015625,35024.69921875,17400
2021-11-29,34870.75,35104.3515625,33953.8984375,34382.3984375,21000
2021-11-30,35043.75,35654.19921875,34918.6015625,35018.8984375,68200
2021-12-01,35429.0,35652.19921875,35123.94921875,35143.0,20200
2021-12-02,36157.8515625,36195.6484375,35418.25,35504.80078125,23600
2021-12-03,35848.05078125,36518.80078125,35784.1484375,36314.80078125,22500
2021-12-06,34879.3984375,35953.75,34828.1484375,35835.44921875,17500
2021-12-07,35272.30078125,35384.0,34756.6015625,35136.55078125,16200
2021-12-08,35959.05078125,36131.94921875,35576.8515625,35584.80078125,18600
2021-12-09,35946.3515625,36114.0,35573.3515625,35963.69921875,12400
2021-12-10,35939.6015625,35974.75,35652.19921875,35820.05078125,11800
2021-12-13,36050.55078125,36507.30078125,35984.55078125,36104.3515625,20400
2021-12-14,36102.55078125,36252.05078125,35637.8515625,35946.75,17400
2021-12-15,35737.19921875,36060.0,35536.1484375,36033.8984375,13100
2021-12-16,36160.30078125,36354.8515625,35979.1484375,36078.30078125,18900
2021-12-17,36647.8984375,37013.25,36497.94921875,36704.19921875,89100
2021-12-20,35916.44921875,36598.3515625,35559.30078125,36411.8515625,29300
2021-12-21,36627.1484375,36970.55078125,36147.6015625,36159.19921875,32300
2021-12-22,36989.1484375,37014.75,36669.0,36853.8515625,18900
2021-12-23,37362.8515625,37528.0,37086.8984375,37190.30078125,18500
2021-12-24,37727.80078125,37822.1484375,37417.6484375,37657.1484375,34400
2021-12-27,37988.5,38029.30078125,37431.0,37722.8984375,19000
2021-12-28,38357.80078125,38500.25,38164.44921875,38184.6015625,19000
2021-12-29,38274.6484375,38484.8984375,38181.8984375,38269.1015625,14200
2021-12-30,38658.80078125,38897.6015625,38153.3515625,38231.1484375,27100
2021-12-31,38701.05078125,38861.1015625,38468.3984375,38708.1484375,16300
2022-01-03,39123.80078125,39286.3515625,38752.55078125,38752.6015625,16700
2022-01-04,39370.69921875,39446.69921875,38828.6015625,39243.5,19900
2022-01-05,38609.1484375,39293.1484375,38409.25,39261.55078125,25200
2022-01-06,38009.0,38206.6015625,37757.19921875,38181.3515625,25900
2022-01-07,38139.8515625,38394.80078125,38003.1484375,38140.1484375,21600
2022-01-10,38212.19921875,38621.8984375,37991.30078125,38596.75,32800
2022-01-11,38605.44921875,38664.3984375,38138.0,38186.94921875,26600
2022-01-12,38604.75,38902.80078125,38424.75,38857.75,28100
2022-01-13,38607.0,38886.8515625,38151.05078125,38768.8515625,61200
2022-01-14,38826.8515625,38892.6484375,38049.6015625,38351.3515625,35700
2022-01-17,38804.94921875,38993.25,38486.3515625,38764.6484375,35400
2022-01-18,38091.75,38990.55078125,38004.25,38830.1484375,28100
2022-01-19,37281.69921875,38011.8984375,37236.1484375,38011.8984375,32700
2022-01-20,36662.19921875,37249.05078125,36512.5,37175.0,32000
2022-01-21,36054.6015625,36579.6484375,35836.6484375,36354.30078125,34500
2022-01-24,34821.6015625,35969.8515625,34563.19921875,35934.19921875,36400
2022-01-25,34707.44921875,35065.80078125,33956.55078125,34490.3515625,41900
2022-01-27,33475.05078125,34362.8515625,33251.69921875,34338.1015625,49300
2022-01-28,33851.94921875,34473.5,33608.44921875,33608.44921875,48300
2022-01-31,34824.55078125,34972.25,34440.30078125,34519.30078125,40400
2022-02-01,35371.6484375,35435.5,34754.3515625,35337.94921875,29800
2022-02-02,35788.75,35845.30078125,35278.55078125,35556.5,32400
2022-02-03,35056.80078125,35693.3984375,34962.44921875,35656.8515625,21200
2022-02-04,35080.1015625,35194.6015625,34539.8984375,34982.69921875,21600
2022-02-07,34621.25,35148.0,34372.94921875,34898.0,21600
2022-02-08,34521.55078125,34862.1015625,34189.6484375,34687.8515625,22700
2022-02-09,34983.30078125,35052.6484375,34707.6484375,34741.8515625,18600
2022-02-10,35341.8515625,35379.8515625,34994.75,35255.94921875,17800
2022-02-11,34379.05078125,34917.8515625,34313.25,34889.44921875,28100
2022-02-14,33880.6484375,34466.6484375,33666.25,33857.3984375,29100
2022-02-15,34913.30078125,35017.1015625,34081.05078125,34268.30078125,22600
2022-02-16,34801.94921875,35209.69921875,34712.30078125,35103.19921875,21700
2022-02-17,34634.1015625,35052.3515625,34564.19921875,35022.8515625,18800
2022-02-18,34483.1015625,34727.1015625,34295.69921875,34359.94921875,21700
2022-02-21,34472.05078125,34692.3515625,33989.30078125,34372.0,27100
2022-02-22,34129.55078125,34287.19921875,33600.44921875,33678.3515625,32900
2022-02-23,34114.30078125,34430.94921875,34042.69921875,34385.1015625,19900
2022-02-24,32547.900390625,33396.25,32438.25,33077.6484375,44300
2022-02-25,33476.94921875,33678.0,33058.80078125,33214.3515625,27500
2022-02-28,33847.8515625,33961.05078125,32858.75,33180.3515625,39200
2022-03-02,33720.0,33924.75,33484.6015625,33748.3984375,25400
2022-03-03,34130.30078125,34410.69921875,33887.55078125,34032.19921875,31900
2022-03-04,34177.69921875,34504.8515625,33462.19921875,33720.6484375,34400
2022-03-07,34135.8984375,34435.6015625,33499.3515625,33524.6015625,34500
2022-03-08,35055.55078125,35162.94921875,33977.8984375,33977.8984375,34100
2022-03-09,35440.55078125,35726.25,35154.19921875,35218.1484375,35100
2022-03-10,35399.1015625,35931.1484375,35265.5,35931.1484375,29000
2022-03-11,35348.69921875,35478.3515625,35148.1015625,35203.80078125,17400
2022-03-14,36028.0,36071.3984375,35347.94921875,35347.94921875,28700
2022-03-15,35097.8515625,36131.44921875,34996.55078125,36131.44921875,26400
2022-03-16,35729.6484375,35787.94921875,35369.69921875,35601.3515625,20900
2022-03-17,35643.6015625,36246.44921875,35466.19921875,36245.05078125,42400
2022-03-21,35377.75,36135.5,35299.1015625,35829.19921875,26700
2022-03-22,36070.44921875,36119.8515625,35309.55078125,35425.94921875,25700
2022-03-23,36082.0,36362.94921875,35883.1015625,36251.8515625,21300
2022-03-24,36516.75,36597.80078125,35853.1015625,35872.55078125,16600
2022-03-25,36152.30078125,36710.5,35914.80078125,36630.19921875,17500
2022-03-28,36026.05078125,36207.75,35669.6015625,36108.5,18400
2022-03-29,36146.75,36256.30078125,35982.94921875,36075.44921875,17500
2022-03-30,36463.55078125,36519.75,36244.44921875,36493.1015625,26800
2022-03-31,36317.19921875,36663.19921875,36164.8984375,36517.94921875,21700
2022-04-01,36343.3984375,36424.6015625,36039.6484375,36228.25,18600
2022-04-04,36442.8984375,36526.75,36130.3515625,36347.55078125,18800
2022-04-05,36466.55078125,36813.1015625,36423.5,36534.94921875,22100
2022-04-06,35871.5,36371.8984375,35781.5,36371.0,19000
2022-04-07,35423.25,35817.44921875,35379.19921875,35744.6484375,24700
2022-04-08,35394.44921875,35679.30078125,35219.6484375,35599.30078125,21400
2022-04-11,34895.8984375,35443.80078125,34832.8515625,35429.6484375,29900
2022-04-12,34379.5,34747.75,34204.1015625,34683.8515625,26600
2022-04-13,34354.80078125,34591.0,34231.80078125,34553.1015625,18500
2022-04-18,32780.05078125,33366.1484375,32600.900390625,33174.55078125,57300
2022-04-19,31804.19921875,33108.6484375,31569.349609375,33108.6484375,38800
2022-04-20,32173.400390625,32306.349609375,31718.150390625,32030.75,27900
2022-04-21,32611.599609375,32700.0,32145.30078125,32399.599609375,26500
2022-04-22,32426.69921875,32748.849609375,32186.400390625,32287.849609375,30100
2022-04-25,31744.0,32130.44921875,31637.44921875,32103.19921875,22500
2022-04-26,31840.05078125,32141.44921875,31683.19921875,32088.94921875,19500
2022-04-27,31594.349609375,31689.849609375,31276.150390625,31689.849609375,26900
2022-04-28,31914.349609375,32156.30078125,31468.150390625,31858.5,28000
2022-04-29,31622.400390625,32212.900390625,31541.349609375,32135.900390625,33500
2022-05-02,31138.80078125,31409.650390625,30940.650390625,31377.349609375,37000
2022-05-04,30794.599609375,31452.80078125,30663.400390625,31260.400390625,25000
2022-05-05,31432.44921875,31470.150390625,31117.5,31215.69921875,21100
2022-05-06,30719.44921875,30881.099609375,30278.849609375,30803.75,31900
2022-05-09,30733.30078125,30934.44921875,30019.80078125,30490.94921875,31400
2022-05-10,30427.19921875,30785.94921875,30343.099609375,30635.0,22900
2022-05-11,30050.25,30548.55078125,29669.25,30425.55078125,29100
2022-05-12,29756.849609375,30184.349609375,29497.25,29744.5,26400
2022-05-13,29624.849609375,30115.05078125,29539.05078125,30062.80078125,24100
2022-05-16,29403.5,29875.25,29278.349609375,29680.650390625,18000
2022-05-17,30218.75,30313.900390625,29339.650390625,29503.30078125,23400
2022-05-18,30077.69921875,30823.150390625,30045.650390625,30367.5,27900
2022-05-19,28352.150390625,29495.150390625,28193.599609375,29448.44921875,45400
2022-05-20,28789.400390625,28897.44921875,28577.650390625,28884.75,26500
2022-05-23,29079.30078125,29308.25,28604.69921875,28861.349609375,22000
2022-05-24,28531.5,29141.55078125,28425.400390625,29123.599609375,23400
2022-05-25,27566.099609375,28479.349609375,27423.80078125,28470.900390625,33600
2022-05-26,27932.55078125,28040.25,27516.400390625,27729.150390625,31500
2022-05-27,28641.599609375,28728.30078125,28210.80078125,28302.30078125,25700
2022-05-30,29753.30078125,29837.650390625,29069.0,29084.099609375,28000
2022-05-31,29679.05078125,29807.349609375,29294.349609375,29609.099609375,55300
2022-06-01,29260.75,29829.75,29148.55078125,29822.150390625,22400
2022-06-02,29792.400390625,29875.349609375,29197.900390625,29249.80078125,24100
2022-06-03,29903.80078125,30559.0,29858.150390625,30169.94921875,33100
2022-06-06,29819.80078125,29972.849609375,29281.44921875,29750.69921875,22400
2022-06-07,29351.69921875,29650.55078125,29243.900390625,29593.44921875,14300
2022-06-08,29472.150390625,29588.400390625,29155.599609375,29519.650390625,14200
2022-06-09,29761.55078125,29802.80078125,29062.19921875,29254.400390625,14100
2022-06-10,29114.30078125,29350.599609375,29022.75,29299.5,23600
2022-06-13,27914.599609375,28443.849609375,27792.099609375,28419.849609375,22900
2022-06-14,27953.349609375,28249.599609375,27502.05078125,27626.19921875,25900
2022-06-15,27812.44921875,28131.150390625,27786.650390625,28017.94921875,18600
2022-06-16,27136.44921875,28224.5,27067.44921875,28191.849609375,29200
2022-06-17,26732.44921875,26993.55078125,26399.75,26866.599609375,50900
2022-06-20,26966.19921875,27112.650390625,26544.80078125,26819.44921875,22800
2022-06-21,27810.650390625,27895.0,27137.900390625,27202.900390625,23000
2022-06-22,27488.400390625,27824.05078125,27426.05078125,27656.30078125,25100
2022-06-23,28027.80078125,28100.05078125,27532.75,27532.75,26700
2022-06-24,27777.80078125,28361.19921875,27631.44921875,28261.0,24600
2022-06-27,28345.94921875,28588.69921875,28251.400390625,28293.19921875,22500
2022-06-28,28509.099609375,28602.05078125,27983.599609375,28218.5,19200
2022-06-29,28140.099609375,28446.44921875,28046.75,28105.69921875,25400
2022-06-30,27843.349609375,28325.650390625,27775.75,28131.94921875,27100
2022-07-01,28064.25,28151.0,27524.30078125,27718.80078125,17400
2022-07-04,27890.650390625,28174.400390625,27643.650390625,28084.25,16500
2022-07-05,27695.150390625,28233.05078125,27642.599609375,28020.30078125,22700
2022-07-06,28007.599609375,28148.900390625,27628.55078125,27778.650390625,19400
2022-07-07,28196.349609375,28459.25,28077.05078125,28217.80078125,17500
2022-07-08,28250.30078125,28459.55078125,28095.349609375,28450.55078125,18400
2022-07-11,27380.55078125,27941.19921875,27195.650390625,27855.75,31000
2022-07-12,27063.75,27504.400390625,27022.849609375,27248.19921875,22900
2022-07-13,26949.75,27247.44921875,26872.75,27228.94921875,32800
2022-07-14,26523.30078125,27162.900390625,26298.0,27155.0,29800
2022-07-15,26484.75,26734.0,26189.400390625,26664.30078125,34100
2022-07-18,27322.94921875,27376.19921875,26785.80078125,26801.75,28800
2022-07-19,27346.150390625,27399.5,27065.80078125,27071.80078125,23300
2022-07-20,28146.349609375,28175.5,27631.400390625,27701.05078125,35900
2022-07-21,28342.900390625,28369.94921875,27848.75,28116.55078125,42400
2022-07-22,28168.150390625,28549.25,27862.05078125,28429.55078125,27400
2022-07-25,28216.0,28320.849609375,27890.650390625,28006.650390625,23800
2022-07-26,27418.849609375,28157.5,27383.94921875,28157.5,29900
2022-07-27,27878.80078125,27908.25,27339.94921875,27420.650390625,19700
2022-07-28,28663.05078125,28703.400390625,28170.44921875,28225.099609375,27400
2022-07-29,29152.30078125,29355.0,28909.150390625,28983.25,31500
2022-08-01,29220.0,29376.650390625,28928.94921875,29376.650390625,16500
2022-08-02,29024.650390625,29153.05078125,28871.19921875,29131.099609375,21400
2022-08-03,29416.94921875,29453.349609375,28929.900390625,29002.30078125,25600
2022-08-04,29782.900390625,29972.349609375,29278.150390625,29694.05078125,30900
2022-08-05,29973.55078125,30080.19921875,29799.19921875,29891.849609375,20200
2022-08-08,29967.69921875,30036.75,29694.150390625,29999.150390625,15200
2022-08-10,29701.150390625,30013.44921875,29456.80078125,30013.44921875,19600
2022-08-11,30233.69921875,30388.900390625,30073.94921875,30164.19921875,18800
2022-08-12,29885.900390625,30195.0,29819.150390625,30184.94921875,15100
2022-08-16,29909.0,30141.349609375,29826.25,30130.900390625,0
2022-08-17,30256.900390625,30328.150390625,29784.150390625,29917.349609375,22100
2022-08-18,30018.900390625,30166.099609375,29857.650390625,30148.80078125,22300
2022-08-19,30036.099609375,30474.650390625,29943.900390625,30095.44921875,25500
2022-08-22,29478.900390625,29881.75,29430.94921875,29847.349609375,19900
2022-08-23,28957.849609375,29188.900390625,28714.150390625,29041.599609375,25300
2022-08-24,28859.849609375,29120.30078125,28762.44921875,28981.349609375,13500
2022-08-25,28608.650390625,29081.75,28561.80078125,29061.55078125,18200
2022-08-26,28691.599609375,29067.55078125,28638.94921875,28862.349609375,14900
2022-08-29,27678.94921875,27773.099609375,27333.05078125,27648.099609375,35900
2022-08-30,28407.900390625,28466.80078125,27831.349609375,27971.94921875,30100
2022-09-01,27846.80078125,28020.0,27710.05078125,27987.349609375,28400
2022-09-02,27745.80078125,28085.349609375,27717.150390625,28083.30078125,17000
2022-09-05,27836.599609375,27978.80078125,27669.400390625,27727.0,20000
2022-09-06,27742.80078125,27967.099609375,27580.349609375,27884.849609375,21200
2022-09-07,27832.400390625,27917.80078125,27487.69921875,27500.5,17900
2022-09-08,28102.400390625,28206.599609375,27959.650390625,28109.69921875,19800
2022-09-09,28724.05078125,28848.400390625,28127.44921875,28343.80078125,21500
2022-09-12,29131.19921875,29296.19921875,28932.05078125,28975.900390625,23700
2022-09-13,29116.849609375,29344.900390625,29062.599609375,29334.05078125,18100
2022-09-14,28137.650390625,28284.05078125,28040.30078125,28215.75,43300
2022-09-15,27734.349609375,28265.75,27684.400390625,28232.849609375,28100
2022-09-16,26706.44921875,27575.55078125,26632.94921875,27530.599609375,50200
2022-09-19,26810.150390625,27034.0,26506.900390625,26882.650390625,22600
2022-09-20,27020.599609375,27370.349609375,26969.55078125,27079.150390625,19600
2022-09-21,26843.25,27020.5,26805.44921875,26896.80078125,25900
2022-09-22,26782.650390625,27009.05078125,26552.44921875,26659.05078125,27300
2022-09-23,26592.349609375,27063.5,26560.94921875,26715.650390625,27900
2022-09-26,26743.650390625,27049.19921875,26186.69921875,26431.900390625,31600
2022-09-27,27004.150390625,27101.099609375,26682.150390625,26922.5,27400
2022-09-28,27067.650390625,27243.19921875,26773.80078125,26778.849609375,22600
2022-09-29,26819.05078125,27300.0,26721.94921875,27273.900390625,25000
2022-09-30,26981.150390625,27091.0,26453.0,26713.05078125,27600
2022-10-03,26729.099609375,27011.5,26597.55078125,26950.05078125,16700
2022-10-04,27496.94921875,27530.80078125,27106.5,27163.349609375,22500
2022-10-06,27928.75,28009.30078125,27726.05078125,27734.849609375,22200
2022-10-07,27733.599609375,27972.75,27656.650390625,27874.849609375,14900
2022-10-10,28027.599609375,28097.599609375,27259.400390625,27259.400390625,23400
2022-10-11,27469.5,28313.30078125,27400.05078125,28065.150390625,36400
2022-10-12,27694.650390625,27752.0,27416.69921875,27609.650390625,20500
2022-10-13,27506.19921875,27705.25,27346.5,27625.75,61300
2022-10-14,27954.05078125,28371.30078125,27842.69921875,28221.05078125,44900
2022-10-17,28019.150390625,28128.849609375,27798.69921875,27903.349609375,19000
2022-10-18,28315.19921875,28402.94921875,28211.55078125,28342.5,24100
2022-10-19,28060.349609375,28376.69921875,28007.05078125,28370.5,15200
2022-10-20,28432.19921875,28462.25,27901.05078125,27905.599609375,19700
2022-10-21,28336.94921875,28476.150390625,28207.30078125,28428.400390625,14700
2022-10-24,28534.30078125,28663.650390625,28504.55078125,28632.849609375,3800
2022-10-25,28722.849609375,28820.150390625,28544.650390625,28687.900390625,16500
2022-10-27,28572.19921875,28827.44921875,28403.30078125,28787.099609375,22300
2022-10-28,28318.349609375,28629.55078125,28267.19921875,28567.650390625,13800
2022-10-31,28727.599609375,28843.150390625,28573.25,28588.69921875,16000
2022-11-01,29270.650390625,29296.150390625,28874.650390625,28924.25,21500
2022-11-02,29138.650390625,29307.0,29023.5,29299.400390625,15600
2022-11-03,28795.75,28969.19921875,28643.5,28866.349609375,16600
2022-11-04,28693.05078125,28757.94921875,28425.599609375,28756.75,15700
2022-11-07,28741.30078125,28944.19921875,28480.650390625,28815.94921875,16300
2022-11-09,28626.80078125,28940.400390625,28505.30078125,28940.400390625,14000
2022-11-10,28505.75,28667.849609375,28284.650390625,28287.849609375,14500
2022-11-11,29591.94921875,29733.150390625,29163.75,29182.349609375,37800
2022-11-14,29849.30078125,29945.150390625,29610.55078125,29709.75,21700
2022-11-15,29865.30078125,29926.150390625,29531.650390625,29789.849609375,17000
2022-11-16,29951.5,30125.19921875,29812.900390625,29920.650390625,18100
2022-11-17,29681.400390625,29838.599609375,29610.099609375,29810.44921875,14000
2022-11-18,29669.25,29890.5,29398.94921875,29739.19921875,15000
2022-11-21,29209.55078125,29576.150390625,29153.900390625,29520.150390625,13000
2022-11-22,29446.900390625,29478.0,29020.349609375,29195.69921875,15000
2022-11-23,29405.650390625,29592.05078125,29365.25,29574.650390625,13100
2022-11-24,30178.650390625,30258.0,29464.75,29507.55078125,20800
2022-11-25,30334.599609375,30400.349609375,29981.150390625,30233.900390625,18600
2022-11-28,30309.650390625,30619.650390625,30152.849609375,30207.75,18400
2022-11-29,30345.650390625,30568.349609375,30228.099609375,30242.400390625,13300
2022-11-30,30391.69921875,30499.349609375,30133.94921875,30274.5,34400
2022-12-01,31120.5,31227.599609375,30723.25,30749.44921875,30800
2022-12-02,31052.099609375,31135.19921875,30869.69921875,31097.55078125,22900
2022-12-05,30891.5,31104.099609375,30750.55078125,31052.0,17100
2022-12-06,30443.0,30690.400390625,30323.94921875,30656.19921875,17000
2022-12-07,30187.05078125,30337.30078125,30091.19921875,30319.25,15200
