date,Close,High,Low,Open,Volume
2015-01-01,18750.23046875,18781.331668407132,18638.63216133925,18727.980728327115,20500
2015-01-02,19057.580078125,19118.62819926039,18751.982054712254,18751.982054712254,0
2015-01-05,19017.1796875,19165.777572328137,18987.478860316773,19154.976916424723,0
2015-01-06,18430.53515625,18874.379591754456,18388.135259878294,18874.379591754456,0
2015-01-07,18304.037109375,18481.83582268343,18211.288188119306,18382.336979934735,0
2015-01-08,18701.18359375,18752.083394309797,18485.984916604837,18586.884137537254,0
2015-01-09,18637.033203125,18863.78056546701,18479.435427019544,18845.681166634808,0
2015-01-12,18795.630859375,18821.831726315322,18529.883952228673,18631.78315691577,0
2015-01-13,18706.982421875,18920.431120074147,18642.584730685543,18888.781096244074,0
2015-01-14,18603.583984375,18769.43166104402,18517.684594778577,18670.182817640463,0
2015-01-15,19235.427734375,19410.175711611075,19061.128970689133,19340.225349433967,0
2015-01-16,19222.927734375,19275.57751516559,19108.1282828296,19273.927143656594,0
2015-01-19,19405.826171875,19433.974283579555,19298.876237873494,19345.426480335773,0
2015-01-20,19766.8203125,19808.019050898503,19446.574046370977,19446.574046370977,0
2015-01-21,19843.01953125,19964.717336528578,19802.920387610546,19811.619505323764,0
2015-01-22,19917.41796875,19964.01703434758,19788.468301624434,19898.267801593614,0
2015-01-23,20072.466796875,20167.416869309953,19967.1184073436,20133.61647943935,0
2015-01-27,20555.01171875,20609.01109276941,20098.01701640054,20179.566852294873,0
2015-01-28,20491.51171875,20907.30766500397,20434.762378647807,20507.261535606554,0
2015-01-29,20528.361328125,20578.76113373844,20338.713138825613,20475.461551529766,0
2015-01-30,19843.51953125,20600.411131102745,19732.220042666555,20600.411131102745,0
2015-02-02,19865.669921875,19991.16846592145,19564.273027863288,19778.719758739975,0
2015-02-03,19382.724609375,19963.467879651205,19303.27631128156,19941.468134586932,0
2015-02-04,19173.77734375,19423.024449358098,19113.127657421886,19423.024449358098,0
2015-02-05,19051.6796875,19444.42513776215,18977.68054473896,19169.928317655314,0
2015-02-06,18786.48046875,19119.476591339226,18740.131399064114,19066.02799494531,72600
2015-02-09,18403.634765625,18666.832864929424,18379.385048715823,18649.78228272766,0
2015-02-10,18752.28125,18933.478355040945,18226.687771802954,18242.736412716586,0
2015-02-11,18940.580078125,19051.5787847242,18890.529880079688,18890.529880079688,0
2015-02-12,19128.376953125,19176.577563939998,18739.631478161802,19073.227204448674,0
2015-02-13,19369.474609375,19440.77456382724,19164.027772996564,19284.077162147976,0
2015-02-16,19189.7265625,19532.472585656247,19126.928463014323,19518.62313697485,0
2015-02-18,19296.275390625,19389.57508586302,19171.67723157728,19226.176597202604,0
2015-02-19,19188.078125,19377.224367668772,18876.03096470933,19295.926482915067,0
2015-02-20,19073.328125,19307.575390468442,18882.029576911256,19157.077147339303,61900
2015-02-23,18913.1796875,19219.52572203839,18835.129817035526,19198.926353043124,0
2015-02-24,18883.58203125,19021.930037982744,18737.53294185265,18940.229812534344,0
2015-02-25,18732.833984375,19068.92970408217,18699.982802064867,18968.97968893823,0
2015-02-26,18537.884765625,18794.881787172788,18489.385327706448,18781.182727187257,0
2015-02-27,19074.328125,19114.22609676759,18654.63185227519,18659.432577485917,0
2015-03-02,20007.8671875,20065.266911339713,19750.62017581616,19954.268200758932,0
2015-03-03,19960.966796875,20043.167011625617,19821.31998539713,20043.167011625617,0
2015-03-04,19643.671875,20541.41143155963,19554.87212676104,20541.41143155963,0
2015-03-05,19747.76953125,19830.11817956507,19398.523607167102,19605.37080250671,58100
2015-03-09,19145.328125,19545.022695383905,19112.428116995365,19545.022695383905,0
2015-03-10,19054.1796875,19271.57756002185,18914.880519741746,19170.078735675073,0
2015-03-11,19043.779296875,19181.578481135763,18917.681148883,19050.080005104515,0
2015-03-12,19141.626953125,19255.67640774671,19095.078666451725,19200.8762639344,0
2015-03-13,18779.58203125,19376.623904858672,18737.13135385276,19359.524494662546,0
2015-03-16,18837.130859375,18912.629982626127,18687.78298433247,18786.432229373117,0
2015-03-17,19058.029296875,19121.628169737858,18781.282501764737,18961.08120084065,0
2015-03-18,19147.02734375,19234.176720935517,18937.029785761908,19080.028122868083,0
2015-03-19,18810.931640625,19373.22392992244,18739.631688513335,19345.474252620006,0
2015-03-20,18606.1328125,18782.730364177263,18541.283958737622,18778.581975013898,0
2015-03-23,18448.78515625,18696.48149047352,18409.686002200855,18694.833072170037,0
2015-03-24,18331.236328125,18546.034614805583,18289.5375936451,18348.136522478842,0
2015-03-25,18309.88671875,18432.78568041822,18271.3871663876,18364.087260430646,0
2015-03-26,17831.443359375,18223.888021662162,17728.893768772865,18138.59018388425,0
2015-03-27,18044.591796875,18092.190854979042,17719.144394185958,18013.441767015684,0
2015-03-30,18361.587890625,18393.036744746067,18089.23948582696,18159.98866553641,0
2015-03-31,18206.439453125,18494.135338666933,18158.340401019523,18423.8861525651,0
2015-04-01,18617.6328125,18668.63221862687,18131.189258242553,18204.33879706262,45700
2015-04-06,18605.232421875,18702.381680471375,18454.984172637913,18702.381680471375,0
2015-04-07,18469.0859375,18669.382435653126,18351.58730431626,18666.38247055056,0
2015-04-08,18416.384765625,18595.382677452802,18381.33634637144,18559.334269865012,0
2015-04-09,18875.630859375,18894.531030965598,18401.235966520304,18523.134944456022,0
2015-04-10,18800.630859375,18896.280137096946,18724.731351859584,18869.63005655224,54200
2015-04-13,18798.03125,18890.43056538739,18708.08307796401,18842.030737984256,43800
2015-04-15,18716.083984375,19038.279470988797,18615.63397605793,18848.432060702307,0
2015-04-16,18636.833984375,18731.43249331303,18504.483961464364,18731.43249331303,0
2015-04-17,18345.337890625,18625.533857808037,18321.53738557075,18618.283941940535,57300
2015-04-20,18112.5390625,18500.08533041034,17984.440944947684,18386.035877373157,0
2015-04-21,18105.5390625,18328.136078521777,18036.690255243913,18102.089883934448,0
2015-04-22,18243.486328125,18296.985703819133,17798.44269339428,18196.63726545067,0
2015-04-23,18245.38671875,18433.585694683734,18143.53829776165,18350.135496521438,0
2015-04-24,18001.69140625,18290.537662364855,17916.592784797846,18290.537662364855,52300
2015-04-27,17767.392578125,18075.488597468222,17738.693693783433,18063.389129080035,0
2015-04-28,18246.037109375,18319.88585709955,17766.343487581442,17766.343487581442,0
2015-04-29,18302.4375,18431.68599660499,18202.188666076207,18255.588435564798,0
2015-04-30,18337.88671875,18429.836823145662,18163.689522313183,18318.636942227058,92200
2015-05-04,18501.0859375,18586.08495044947,18350.736120936348,18417.28612937477,0
2015-05-05,18471.234375,18562.834872070704,18396.58680574537,18499.78482417227,0
2015-05-06,17799.34375,18579.883499356576,17757.492674286517,18436.685946194302,0
2015-05-07,17376.69921875,17751.194883174296,17246.351118428673,17751.194883174296,0
2015-05-08,17796.392578125,17907.291678624526,17600.04525292259,17600.04525292259,89000
2015-05-11,18199.5390625,18240.438979084083,17841.54321176716,17920.94268213117,0
2015-05-12,17628.4453125,18193.339131509456,17597.545281346316,18193.339131509456,0
2015-05-13,18097.23828125,18127.589489982867,17650.143883110723,17779.042771318127,0
2015-05-14,18115.98828125,18156.737806773923,17805.892282546065,18070.78958878093,0
2015-05-15,18182.939453125,18260.088948750497,18108.34070915862,18178.189508228385,63100
2015-05-18,18422.734375,18439.484179665757,18213.5375958781,18274.38649564043,0
2015-05-19,18380.1875,18555.835856157817,18296.538078254,18364.687679528444,0
2015-05-20,18554.935546875,18619.384019389505,18432.386184598647,18432.386184598647,0
2015-05-21,18512.935546875,18603.584885508877,18398.436875639087,18593.633829116498,0
2015-05-22,18433.0859375,18755.23062029653,18354.336855346755,18560.633279018293,110200
2015-05-25,18324.63671875,18475.33613984028,18302.28736902364,18404.836958880514,0
2015-05-26,18329.087890625,18377.98576018086,18225.788309189884,18338.88660493886,0
2015-05-27,18538.634765625,18561.28489375826,18236.038663028263,18299.43831891632,0
2015-05-28,18448.984375,18639.43332904194,18381.53594170648,18562.533833933765,0
2015-05-29,18721.1328125,18750.98207621071,18461.235431572146,18486.186314507715,0
2015-06-01,18616.783203125,18832.28069360539,18598.482634989476,18720.932380908016,0
2015-06-02,17977.091796875,18655.833906472195,17932.092319995627,18655.833906472195,0
2015-06-03,17721.1953125,17977.942341300917,17566.995925093863,17977.942341300917,0
2015-06-04,17718.994140625,17777.69463310551,17469.448200723396,17757.144089705747,0
2015-06-05,17549.046875,17786.294128933572,17506.047372706453,17679.695753403077,0
2015-06-08,17432.396484375,17561.195764835717,17358.24695775184,17542.295594438445,0
2015-06-09,17489.697265625,17560.296055067047,17392.747219725927,17413.246981642093,0
2015-06-10,17707.044921875,17781.794056151084,17485.697876080616,17485.697876080616,0
2015-06-11,17304.19921875,17821.69320256666,17263.99851423272,17819.392448064336,0
2015-06-12,17523.34765625,17551.146162143676,17174.500137478037,17298.24870302454,0
2015-06-15,17458.49609375,17578.795475348405,17365.94834239369,17499.146011423923,0
2015-06-16,17602.244140625,17651.694736366902,17293.247740643375,17368.246866852507,0
2015-06-17,17583.845703125,17692.34443771825,17533.244730777616,17680.993007608515,0
2015-06-18,17733.34375,17797.141833302303,17630.4445606909,17661.694195861168,0
2015-06-19,17880.642578125,17935.093119543704,17730.4939259981,17758.7435989089,43900
2015-06-22,18334.287109375,18420.735324321886,17950.391176400553,17956.34227917366,0
2015-06-23,18391.13671875,18499.385465692958,18287.038314388847,18414.337622057872,0
2015-06-24,18365.337890625,18499.535553758407,18304.737030608943,18403.68705545726,0
2015-06-25,18492.685546875,18538.935009559424,18278.486863510836,18312.636857389094,0
2015-06-26,18371.287109375,18461.385674667472,18199.03910542378,18461.385674667472,0
2015-06-29,18241.037109375,18291.536519997815,17821.692394160236,17962.290362620348,0
2015-06-30,18295.88671875,18342.28656946713,18086.590325994246,18204.637780521083,0
2015-07-01,18581.3828125,18628.93303896134,18261.687323772872,18275.386382690143,0
2015-07-02,18585.333984375,18642.63214412019,18513.084827157352,18604.882584466683,0
2015-07-03,18729.43359375,18756.43328122331,18535.484666871947,18535.484666871947,37500
2015-07-06,18824.931640625,18855.681283307138,18417.13559805804,18488.13477303143,0
2015-07-07,18798.28125,18980.42952101982,18712.93263380143,18793.88091058044,0
2015-07-08,18462.935546875,18669.23197443385,18402.635467306223,18579.434191239783,0
2015-07-09,18508.484375,18583.78428217981,18408.985529967882,18441.93631935499,0
2015-07-10,18719.583984375,18767.583428479662,18534.336129783573,18584.733983611564,0
2015-07-13,18893.33203125,18928.980056011504,18657.383591223526,18753.583649278968,0
2015-07-14,18779.98046875,18940.62898813431,18734.182174085458,18913.52969441302,0
2015-07-15,18816.03125,18894.680726267838,18773.68213296418,18801.281421477448,0
2015-07-16,19167.828125,19195.17741668169,18867.280834950572,18870.280800102548,0
2015-07-17,19094.4765625,19228.826558375946,19069.07842116182,19175.077185134887,0
2015-07-20,19032.478515625,19148.828728912616,18852.480602904478,19125.87782317934,0
2015-07-21,18723.18359375,19101.27882513745,18702.232664467076,19042.72872184264,0
2015-07-22,18996.779296875,19037.92920942347,18613.383360514585,18683.083722616124,0
2015-07-23,18864.78125,19091.22784294737,18819.03178049629,18990.629400079903,0
2015-07-24,18635.6328125,18860.530586785906,18613.33424378449,18832.230134768062,0
2015-07-27,18212.83984375,18566.335749630507,18187.238577758788,18566.335749630507,0
2015-07-28,18282.587890625,18378.88559741646,18173.98759271541,18250.43787436916,0
2015-07-29,18323.1875,18383.436799984727,18264.088577274448,18331.337795929598,0
2015-07-30,18440.185546875,18521.534208469326,18366.9852278456,18382.78582500528,0
2015-07-31,18729.6328125,18828.631666580997,18474.586936549742,18489.635590485468,0
2015-08-03,18914.478515625,19016.178500816237,18782.43122829051,18782.43122829051,0
2015-08-04,18972.37890625,19067.12780404885,18758.682173405272,18968.02934747283,0
2015-08-05,18928.330078125,19103.476473429168,18868.430385926604,19047.078693523697,0
2015-08-06,19029.12890625,19100.329252331085,18830.181994920655,18946.08104132849,0
2015-08-07,18893.33203125,19019.430180640593,18848.932154693823,18992.580882131035,0
2015-08-10,18874.78125,19071.12858380006,18781.0831171681,18925.880267160985,0
2015-08-11,18616.68359375,18918.33047160646,18555.283918142675,18918.33047160646,0
2015-08-12,18059.541015625,18514.984963993607,18034.541304920775,18514.984963993607,0
2015-08-13,18175.189453125,18359.03692880412,18080.290163881575,18211.28864354024,0
2015-08-14,18723.3828125,18765.78271217922,18192.888955055096,18275.288391582188,0
2015-08-17,18821.83203125,18896.229604090862,18580.434446181953,18762.832716948396,0
2015-08-18,18780.630859375,18873.879773245357,18595.28340886011,18861.930693673916,0
2015-08-19,18703.033203125,18803.282041087026,18635.88359086712,18753.231839995715,0
2015-08-20,18282.88671875,18711.13173215516,18219.688235899353,18533.034196593573,0
2015-08-21,18056.990234375,18118.59108393143,17841.89311444794,17978.04192934107,0
2015-08-24,16811.60546875,17446.14692495098,16740.504732278343,17446.14692495098,0
2015-08-25,17192.55078125,17268.95028659543,16670.357613415392,17083.95243025882,0
2015-08-26,16917.453125,17171.998984998074,16875.30322586306,17112.900064744856,0
2015-08-27,17214.201171875,17249.30037504937,17061.652156064123,17175.45162032086,0
2015-08-28,17211.75,17569.59742056697,17099.60286055586,17425.099093074194,0
2015-08-31,17146.3515625,17353.09916035644,17028.702538806698,17137.05088931197,0
2015-09-01,16530.109375,16983.60412387145,16436.659285206846,16983.60412387145,0
2015-09-02,16252.51171875,16714.306168115694,16218.462308925511,16703.75550921921,0
2015-09-03,16555.20703125,16607.20642391419,16320.359188258091,16404.757616574698,0
2015-09-04,16128.912109375,16444.008055732334,15932.965168525156,16444.008055732334,85700
2015-09-07,15789.916015625,16273.160396808027,15762.016925952983,16222.01157746709,0
2015-09-08,16350.759765625,16418.808777777333,15819.365563900896,15888.314956191922,0
2015-09-09,16631.306640625,16781.35567737058,16462.2578247752,16658.15593784393,0
2015-09-10,16597.45703125,16711.356094957766,16192.06136346012,16351.55950531637,0
2015-09-11,16612.40625,16780.9550694334,16518.608513629646,16682.055829941764,0
2015-09-14,16911.603515625,16937.702820564307,16524.957635036037,16596.306412162274,0
2015-09-15,16739.35546875,16919.251807244236,16681.356145478134,16905.603528990472,0
2015-09-16,16964.65234375,17015.552142510198,16779.955272664592,16885.002879292013,56100
2015-09-18,17408.947265625,17601.794624885777,17155.99904511211,17184.049499073593,0
2015-09-21,17542.697265625,17571.09732740875,17178.650699630933,17185.851788125306,0
2015-09-22,17030.953125,17652.145148625223,16946.053717745366,17574.396049175215,0
2015-09-23,17255.099609375,17309.49741266782,16758.804614275006,16783.605106383733,0
2015-09-24,17196.451171875,17282.899389133145,17070.353023331383,17205.900281158243,57900
2015-09-28,17100.1015625,17384.54746741251,17073.750306996084,17286.04861493893,0
2015-09-29,17280.998046875,17461.146340354346,16648.10697699826,16859.55373425035,0
2015-09-30,17216.1015625,17449.64768811032,17100.001343471424,17404.548600606304,0
2015-10-01,17150.0,17390.397598105526,17111.451619662763,17362.747528670745,47900
2015-10-05,17673.845703125,17699.544623678074,17362.49775334488,17373.349189930446,0
2015-10-06,17605.14453125,17826.942728825758,17493.54622185706,17822.491608800792,0
2015-10-07,17616.595703125,17674.345030854143,17500.145886864353,17577.29537937751,0
2015-10-08,17474.09765625,17622.64475761173,17400.996943498158,17622.64475761173,0
2015-10-09,17590.044921875,17749.34384589696,17498.245210895864,17640.19472781541,0
2015-10-12,17582.9453125,17759.593642792803,17546.744562851294,17642.39383787401,0
2015-10-13,17554.646484375,17632.045979409624,17473.497032731164,17530.347937408744,0
2015-10-14,17543.046875,17597.8958492973,17433.848920616143,17452.797919962093,0
2015-10-15,17685.89453125,17752.493368373158,17582.645728479285,17604.24508739729,0
2015-10-16,17912.640625,17947.540608451574,17583.345638715426,17701.29348138377,0
2015-10-19,17854.84375,17954.69220160795,17817.74261769664,17911.442703096393,0
2015-10-20,17830.04296875,17940.19208039276,17755.44422556871,17843.443203779894,0
2015-10-21,17710.345703125,17891.5428236909,17565.14621259715,17814.344498864033,0
2015-10-23,17933.841796875,17980.29047435515,17852.342746589416,17859.54188144737,0
2015-10-26,17814.84375,18028.841263075432,17798.443549966283,18026.890113875277,0
2015-10-27,17806.09375,17855.142007841463,17738.242976400175,17738.242976400175,0
2015-10-28,17372.94921875,17682.24446535848,17281.20028116638,17589.145934027616,0
2015-10-29,17212.0,17399.99782403605,17178.650776622595,17388.199132473947,0
2015-10-30,17354.298828125,17398.897920505155,17170.150572155526,17249.7004312597,0
2015-11-02,17340.3984375,17372.048460942286,17208.749574178353,17351.24792100644,0
2015-11-03,17325.3984375,17465.996414337733,17264.850312422604,17436.2975404328,0
2015-11-04,17220.8515625,17448.798144258853,17175.451697081575,17448.798144258853,41000
2015-11-05,16994.90234375,17166.249964234757,16957.152781922032,17166.249964234757,46700
2015-11-06,17086.30078125,17143.39972487644,16911.402429862832,17002.801754811913,120200
2015-11-09,17002.802734375,17068.80196865535,16587.05755782872,16667.707012762978,80600
2015-11-10,16835.8046875,17047.103017473935,16804.855827788328,16895.003219486673,60900
2015-11-13,16932.65234375,16962.35316960998,16741.605741320458,16829.10472195617,47200
2015-11-16,17184.701171875,17230.30025262912,16855.30459987755,16881.4546873499,50700
2015-11-17,17140.25,17302.349678437906,17028.00130465103,17302.349678437906,53700
2015-11-18,16811.904296875,17186.4995543851,16787.355753942993,17108.701630078416,44300
2015-11-19,17071.701171875,17110.149941945878,16874.50230121838,16944.151879065455,42900
2015-11-20,17055.40234375,17262.649946689697,16931.104953269325,17022.502333652,56500
2015-11-23,17060.05078125,17126.149618755797,16969.151452101953,17120.050080608155,45500
2015-11-24,16988.453125,17108.201734509406,16964.703400775797,17012.65206275805,39700
2015-11-26,17036.353515625,17111.251085878615,16972.40308423838,16988.002512986048,74800
2015-11-27,17370.748046875,17403.448840039775,17049.353331470178,17095.00124031848,70100
2015-11-30,17430.197265625,17498.145692529448,17336.047972180655,17336.047972180655,57600
2015-12-01,17398.34765625,17495.2449624779,17353.647006253268,17456.546195534425,40800
2015-12-02,17218.30078125,17470.64747092969,17163.801411817232,17456.94841068021,40900
2015-12-03,17109.900390625,17218.799513285452,17080.051128799227,17137.60123996577,41700
2015-12-04,16897.103515625,17009.250643860763,16880.152541644537,17009.250643860763,47300
2015-12-07,16946.802734375,17031.651356087805,16921.553028288792,17017.80190792434,34900
2015-12-08,16800.955078125,16942.853819165335,16783.45528156159,16888.454060942047,43100
2015-12-09,16660.556640625,16868.40383776342,16626.357818780274,16761.95585442926,41300
2015-12-10,16710.857421875,16745.056244914424,16572.958626860815,16697.006019647954,50800
2015-12-11,16342.3095703125,16758.503939334052,16259.910139851529,16751.154415599794,79400
2015-12-14,16350.4599609375,16440.658129172163,16205.61106201863,16212.211571081663,60800
2015-12-15,16398.458984375,16424.958675065056,16187.860856582985,16342.158860271848,56400
2015-12-16,16579.20703125,16640.206319829707,16363.709544546278,16464.307980665482,67700
2015-12-17,16741.3046875,16771.605115249935,16544.457374644986,16703.855905646367,72100
2015-12-18,16594.107421875,16737.50418847409,16572.556891738055,16719.25440112593,68400
2015-12-21,16824.955078125,16848.404024667892,16580.457916370433,16593.20776836377,43000
2015-12-22,16749.00390625,16945.90200081851,16703.955603439623,16810.503189098177,55700
2015-12-23,16882.3046875,16912.954723532705,16812.305497325262,16828.154923337206,37200
2015-12-24,16810.8046875,16939.402802787128,16756.70570666167,16926.752559136097,27100
2015-12-28,16978.953125,17018.802271397883,16843.20470215834,16843.20470215834,41100
2015-12-29,16991.251953125,17045.352887522098,16920.95394114829,16988.103552177414,36300
2015-12-30,16917.703125,17011.1024265604,16888.8538520164,16997.30180622988,40900
2015-12-31,16922.001953125,16972.052150922547,16896.453422828046,16915.853587298625,59200
2016-01-01,17039.052734375,17067.251626658956,16823.856007014492,16932.303970233705,29200
2016-01-04,16598.95703125,16966.151972587617,16575.256135464057,16966.151972587617,52300
2016-01-05,16542.30859375,16670.006334946513,16474.658985878974,16651.858107434382,53600
2016-01-06,16432.958984375,16614.75569498564,16377.459630815069,16505.256970394425,55200
2016-01-07,16073.6630859375,16256.36116116867,16049.563756218096,16256.36116116867,76200
2016-01-08,16142.462890625,16228.811497032622,16103.912557149766,16135.21297483515,53500
2016-01-11,16016.0634765625,16156.61164442286,15840.415131542099,15978.86371447927,67300
2016-01-12,15734.6171875,16080.213762416846,15699.218184281077,16080.213762416846,98500
2016-01-13,15871.6650390625,15956.06444821358,15532.06937881804,15834.865662311984,113400
2016-01-14,15609.6181640625,15803.016304218676,15453.220569913623,15611.917941988737,81800
2016-01-15,15206.123046875,15650.518271796183,15154.17345543083,15621.668021217483,98900
2016-01-18,15020.625,15270.222681208525,14956.776133675381,15165.023710164207,121200
2016-01-19,15269.47265625,15338.021663037327,15086.574394533376,15086.574394533376,85100
2016-01-20,14935.326171875,15533.269407891776,14754.47866733402,15059.324728690139,92700
2016-01-21,15101.0244140625,15364.420762098614,14917.976740114482,15132.024053215768,109800
2016-01-22,15497.3701171875,15575.469797581916,15274.72328465028,15342.972493320553,87600
2016-01-25,15560.9697265625,15682.468315954477,15494.919712158278,15666.818107029614,66200
2016-01-27,15534.4189453125,15673.767910632565,15442.020605835372,15648.218403083814,68600
2016-01-28,15381.271484375,15572.019268126798,15349.57165737443,15569.36890829563,85700
2016-01-29,15522.2197265625,15554.71934829742,15136.673432709338,15139.97417554179,137100
2016-02-01,15314.2724609375,15565.319352025128,15281.172259154304,15547.569558025678,101900
2016-02-02,15067.8251953125,15463.270802985777,15018.675374883855,15353.421491430898,117400
2016-02-03,14833.876953125,14947.625627670017,14777.577804462613,14897.226800879205,84600
2016-02-04,14868.9775390625,14978.175488388551,14761.228791639505,14969.02618068657,91100
2016-02-05,15161.8740234375,15211.724031432146,14890.727752946188,14928.076929308429,97300
2016-02-08,15046.625,15367.72185558365,14959.925811918323,15206.123147024748,89200
2016-02-09,14874.9267578125,14964.726495559884,14760.628281311052,14830.228058476152,104700
2016-02-10,14588.2802734375,14778.978247531548,14490.031417823915,14740.028505899194,125500
2016-02-11,14028.38671875,14530.630879948894,13969.6872058442,14518.481607126836,177100
2016-02-12,13971.337890625,14154.385571411027,13810.439366904895,14088.436141309487,159100
2016-02-15,14444.83203125,14547.981222425904,14120.335804587443,14120.736190556638,173700
2016-02-16,14166.28515625,14602.079883872306,14136.635111051879,14602.079883872306,122500
2016-02-17,14119.685546875,14185.934777097636,13891.938193166243,14165.085409980105,132900
2016-02-18,14297.984375,14385.483359038719,14180.735736388116,14301.583942579986,109000
2016-02-19,14344.033203125,14395.682015895793,14207.184210373485,14243.284376035492,99300
2016-02-22,14384.6328125,14466.982442435006,14322.484119925928,14331.033825359313,68300
2016-02-23,14008.1865234375,14373.132469980774,13961.587456577587,14373.132469980774,81400
2016-02-24,13793.8896484375,13974.33774862732,13760.090236183698,13873.53911427913,92100
2016-02-25,13555.54296875,13844.289619666642,13519.743579288577,13844.289619666642,107800
2016-02-26,13791.2900390625,13889.088708028248,13595.042318058808,13714.94033976298,102300
2016-02-29,13946.23828125,14222.134488328596,13407.094157570622,13818.739763277243,262500
2016-03-01,14412.732421875,14445.531844311736,14064.635892721264,14064.635892721264,99300
2016-03-02,15092.2744140625,15138.523875390336,14767.127810452952,14770.177579619482,176200
2016-03-03,15177.5732421875,15206.072910280753,14999.875116344969,15149.873369467343,106200
2016-03-04,15339.021484375,15451.569977789366,15005.325176871122,15243.572401114867,131400
2016-03-08,15146.32421875,15326.472518656956,15066.325147182311,15323.272360484016,93400
2016-03-09,15278.8720703125,15331.0716584034,14989.226025612508,15022.174861078936,103200
2016-03-10,15180.4736328125,15353.971612643425,15098.324198715907,15347.27149534549,71200
2016-03-11,15168.0234375,15343.371003493914,15024.624717945993,15133.57364364193,77000
2016-03-14,15277.6220703125,15415.971046747634,15219.973326914802,15308.871706765438,62600
2016-03-15,15326.6220703125,15386.67117864364,15267.922555705865,15310.272650532695,75700
2016-03-16,15461.5205078125,15489.319989425736,15178.123410713246,15304.171750518231,80400
2016-03-17,15443.8203125,15704.56727873183,15312.32184247321,15622.118042708988,103800
2016-03-18,15654.66796875,15678.367889073063,15456.020859583723,15485.620125519363,71800
2016-03-21,15925.9140625,15945.614028295558,15735.366477811223,15735.366477811223,73600
2016-03-22,15935.814453125,15967.663691666949,15778.966669989637,15930.264713055278,58600
2016-03-23,15887.5654296875,15919.414669060936,15799.766644983156,15884.06547034751,64100
2016-03-28,15604.71875,15890.515227985385,15522.019517315572,15867.565299812546,83500
2016-03-29,15666.068359375,15773.91671829948,15580.61915480546,15582.918932828126,69500
2016-03-30,16134.662109375,16167.312120576058,15762.017025800036,15829.415656626841,93800
2016-03-31,16141.462890625,16282.56086099927,16061.863229320948,16134.212974840366,161900
2016-04-01,16174.7119140625,16235.61061850009,16020.412930788385,16099.462790906313,90400
2016-04-04,16190.4111328125,16278.310500179321,16046.313200917006,16236.71137506998,72500
2016-04-05,15694.8173828125,16146.962512498816,15659.567792959417,16127.262546405447,125900
2016-04-06,15636.7685546875,15768.366635386192,15578.368842448202,15749.967435053417,71100
2016-04-07,15530.5693359375,15726.416667058968,15457.869986322255,15668.767923612975,70900
2016-04-08,15568.1689453125,15642.518668443136,15482.870130492882,15519.11970982708,53800
2016-04-11,15818.31640625,15853.66560534796,15440.070796320862,15623.16828059273,72000
2016-04-12,15880.015625,15958.614320837747,15793.966820440908,15808.915865441084,66800
2016-04-13,16278.3603515625,16349.509914124557,16080.362655927398,16087.762960425123,84600
2016-04-18,16222.51171875,16330.36007512005,16011.714363150635,16328.510487233953,63300
2016-04-20,16349.509765625,16386.158752821175,16160.361578089314,16299.310155008696,85600
2016-04-21,16636.95703125,16769.355883098455,16526.3587072797,16526.3587072797,149100
2016-04-22,16703.20703125,16755.655642845293,16548.908036193345,16640.85814363711,117900
2016-04-25,16678.45703125,16767.705996554516,16604.807494470675,16746.7550675712,80100
2016-04-26,17002.353515625,17029.652027025735,16571.807729676588,16647.556850816043,104700
2016-04-27,16872.75390625,16994.80327470352,16827.154824712405,16869.15433854221,127300
2016-04-28,16716.70703125,17023.15270539376,16692.5061393027,16885.60546825482,136500
2016-04-29,16794.8046875,16841.104930308717,16527.358578971824,16712.754860435365,138700
2016-05-02,16542.80859375,16673.95746693533,16519.35964631276,16613.80777226395,101300
2016-05-03,16388.5078125,16719.205122062907,16358.20933823988,16570.55646754969,90700
2016-05-04,16274.060546875,16465.40792869534,16250.310823355436,16319.909622501793,114500
2016-05-05,16280.810546875,16398.059182500645,16193.511758047756,16292.210804839868,90400
2016-05-06,16296.41015625,16346.059969673504,16186.061829724113,16264.261115934607,75000
2016-05-09,16685.90625,16712.706720681177,16356.810454248092,16356.810454248092,75800
2016-05-10,16784.75390625,16812.003589164404,16613.707068478012,16709.85634028085,82100
2016-05-11,16754.25390625,16861.75265308474,16518.557435128587,16544.05713786613,110400
2016-05-12,16923.501953125,16961.802287934333,16779.304415186543,16881.053229170586,86100
2016-05-13,16716.70703125,16891.50383752936,16594.35883705625,16891.50383752936,89100
2016-05-16,16737.35546875,16779.854972812373,16431.458647713574,16743.95500111336,126900
2016-05-17,16762.5546875,16903.152658667594,16738.504186479568,16818.204429710095,99000
2016-05-18,16728.75390625,16758.855117310628,16556.40630907748,16671.504574650655,130900
2016-05-19,16565.056640625,16725.955153125677,16535.556984966413,16725.25398943517,87500
2016-05-20,16481.2578125,16623.006166295498,16455.20928689139,16600.60798891831,74000
2016-05-23,16407.359375,16603.95669089473,16367.8090551392,16559.957204187365,69300
2016-05-24,16456.458984375,16500.85885858189,16368.409227238015,16422.158602075197,60200
2016-05-25,16997.251953125,17025.65201414638,16598.85813927857,16600.457730089143,86500
2016-05-26,17359.099609375,17423.84885900613,16971.15293335301,17037.402165601077,134400
2016-05-27,17511.59765625,17543.097290871385,17327.449401644506,17348.14838029762,163200
2016-05-30,17520.447265625,17665.845970556053,17484.598071871096,17580.645786457626,96700
2016-05-31,17620.6953125,17648.044603570797,17461.99598764405,17614.894598761493,116000
2016-06-01,17423.24609375,17670.643600146755,17392.646841109512,17670.643600146755,99200
2016-06-02,17567.595703125,17596.194978641804,17350.246677883446,17404.947211203063,78300
2016-06-03,17680.595703125,17761.844760713066,17648.846071390588,17656.994414377543,89400
2016-06-06,17671.1953125,17753.944352179115,17636.695712875473,17710.243687459984,81300
2016-06-07,17947.94140625,18000.739619596883,17713.14335896943,17796.34356206801,167600
2016-06-08,17946.591796875,17995.59122628671,17854.991301043956,17976.04067269889,123400
2016-06-09,17887.4921875,17985.942219906534,17801.34474707729,17955.59296179625,107500
2016-06-10,17828.392578125,18051.29038036126,17815.04312376982,17829.99216892484,94200
2016-06-13,17593.744140625,17666.34485686859,17527.34647707671,17620.345393052572,72900
2016-06-14,17672.1953125,17719.643980628884,17575.74525988583,17698.743832540997,94800
2016-06-15,17917.69140625,17943.44110591639,17659.393637675934,17745.84380123279,119300
2016-06-16,17671.095703125,17827.3927173784,17545.59715957153,17827.3927173784,132600
2016-06-17,17695.845703125,17842.943607774327,17590.546142197378,17772.094819469814,92000
2016-06-20,17718.39453125,17778.79422279047,17425.59909202909,17425.59909202909,110700
2016-06-21,17618.89453125,17763.094024690425,17585.44570183335,17761.443653275204,73700
2016-06-22,17625.845703125,17755.043418649242,17517.94656791507,17609.894716841,68900
2016-06-23,17892.2421875,17907.29279459933,17610.796225363047,17630.59677750073,71400
2016-06-24,17425.84765625,17458.99570735859,16946.152075963237,17213.648957876518,164600
2016-06-27,17514.74609375,17610.99497751603,17346.099612105732,17346.099612105732,89900
2016-06-28,17561.345703125,17626.493379842563,17481.2958566822,17496.7956756782,73800
2016-06-29,17689.6953125,17728.7436879339,17580.296190148223,17643.445848673924,60600
2016-06-30,17935.19140625,17974.84133486624,17795.693031712475,17825.093079762337,118500
2016-07-01,17985.44140625,18074.739196766717,17955.092149522472,18019.489838744434,69400
2016-07-04,18097.439453125,18146.138104260353,18054.590343184416,18091.53913127211,88000
2016-07-05,18004.041015625,18123.889233845373,17989.390795054445,18122.190034819057,71800
2016-07-07,18084.689453125,18146.33912467613,17996.889695960115,18036.090410603003,66100
2016-07-08,18016.041015625,18078.989504178477,17910.692628281347,18077.841080000086,71400
2016-07-11,18390.736328125,18409.23611397202,18243.089599779203,18267.938921499182,95500
2016-07-12,18667.3828125,18684.232226191423,18463.935956515208,18527.634435491917,120000
2016-07-13,18618.732421875,18711.38173368965,18546.034049626232,18704.682592944573,91800
2016-07-14,18863.53125,18880.681441743658,18579.983756894373,18633.283920051686,119600
2016-07-15,18953.4296875,19015.878179068826,18772.230625596647,18887.68045311666,98900
2016-07-18,18923.1796875,19157.77656074588,18884.779744737752,18998.0792045637,89800
2016-07-19,18904.9296875,19029.828620008775,18833.37974155047,18969.928928674875,119800
2016-07-20,18967.978515625,19016.02873778357,18886.08103104841,18896.58090887641,76200
2016-07-21,18674.083984375,19000.080199720243,18644.33432975377,18967.180191048064,83000
2016-07-22,18690.18359375,18735.183071778338,18551.085597842877,18697.58389853513,98200
2016-07-25,18989.37890625,19035.12837452905,18571.883758566877,18594.7331023765,134300
2016-07-26,18860.630859375,19044.228339343565,18814.03179046688,18978.879487899798,108800
2016-07-27,19021.728515625,19124.778101223113,18882.181306622315,18908.229832514473,102800
2016-07-28,19076.328125,19126.526757838536,18998.5790324766,19050.17803959516,150800
2016-07-29,18952.9296875,19069.92832507396,18912.379378450343,19046.82898468622,84600
2016-08-01,18740.380859375,19078.27730585136,18634.18288023737,18896.27943024977,107500
2016-08-02,18708.033203125,18866.332149937538,18671.633234318768,18783.381939325875,93800
2016-08-03,18601.783203125,18775.181572856396,18542.383504781425,18680.731501761897,79600
2016-08-04,18571.482421875,18724.681805354932,18443.43508852899,18724.681805354932,99900
2016-08-05,18925.728515625,18942.929486910198,18708.031835553367,18724.980856651695,86200
2016-08-08,18939.228515625,19028.47747558663,18895.7798031927,18986.528745674692,62700
2016-08-09,18933.080078125,19007.92881498744,18838.380010169745,18968.429275434013,80300
2016-08-10,18647.583984375,18985.029279984843,18611.03362805957,18966.62910328036,77600
2016-08-11,18640.18359375,18698.981738016184,18536.884013938066,18620.78342876093,101100
2016-08-12,18963.478515625,18986.579809264636,18695.28241822833,18698.083166882305,198800
2016-08-16,19001.9296875,19061.97781817951,18839.181577782565,19028.878593244543,94800
2016-08-17,19041.029296875,19138.127780788844,18966.12977440468,19044.330039866338,81100
2016-08-18,19352.576171875,19367.22443936465,19082.77852194359,19086.97769195729,81400
2016-08-19,19414.47265625,19457.173329817808,19326.97367734327,19418.77338731144,110400
2016-08-22,19330.025390625,19492.972715973614,19252.526291142407,19432.373810740588,72800
2016-08-23,19341.42578125,19372.425421255353,19246.67688155622,19311.676126728733,75700
2016-08-24,19355.375,19391.974184659903,19284.12582681076,19358.474573406012,59400
2016-08-25,19304.025390625,19432.523895498034,19282.576421441576,19383.473684965124,91800
2016-08-26,19195.52734375,19357.775461772137,19133.67845178391,19336.224930494976,62900
2016-08-29,19216.77734375,19247.62659568844,19096.477956355484,19174.22705551126,56200
2016-08-30,19531.32421875,19546.122875211237,19306.276048048858,19306.276048048858,78100
2016-08-31,19787.369140625,19823.16950489864,19595.67215462077,19595.67215462077,227800
2016-09-01,19788.619140625,19927.96712707947,19738.070901211595,19805.570115079965,73400
2016-09-02,19882.96875,19911.019206109744,19787.370248732514,19830.1197532117,55200
2016-09-06,20425.9609375,20459.21054962306,19990.716014896578,19990.716014896578,102500
2016-09-07,20406.6640625,20575.562497124243,20376.514021040486,20505.563307779878,182200
2016-09-08,20417.01171875,20477.16140738476,20334.96189508061,20438.96068133978,84100
2016-09-09,20245.06640625,20349.463635154283,20138.917244502656,20274.515284073444,99500
2016-09-12,19790.369140625,19861.21792493046,19735.32095356368,19861.21792493046,98000
2016-09-14,19908.919921875,19952.91941253006,19731.92197083078,19756.822073208325,87100
2016-09-15,19837.3203125,19955.168552721494,19730.0207778493,19927.368094455484,68400
2016-09-16,19855.21875,20226.9644349751,19783.36997460712,19935.61820739114,139000
2016-09-19,19906.619140625,20014.168676720965,19849.420584090905,19891.968919612835,64700
2016-09-20,19852.0703125,19964.069012272874,19797.270167441628,19957.117921095214,55700
2016-09-21,19828.21875,19937.617869049445,19749.71966241613,19902.467886982195,62300
2016-09-22,20109.365234375,20264.564597398738,19996.667329121035,20152.864727387656,102600
2016-09-23,19901.5703125,20137.317582445146,19861.21921728305,20136.51681046843,96800
2016-09-26,19591.521484375,19793.919514228157,19568.121366689113,19791.96836511137,74000
2016-09-27,19518.47265625,19696.220593024173,19478.9242871864,19652.721097948637,65800
2016-09-28,19653.322265625,19699.770944300977,19509.423548157592,19541.772781397445,117200
2016-09-29,19183.427734375,19792.969487733022,19058.829571173235,19762.07140885769,239400
2016-09-30,19285.474609375,19330.624474159536,19084.976944482438,19115.77736701357,84200
2016-10-03,19588.822265625,19611.02122541052,19363.723329042143,19395.324522894836,66400
2016-10-04,19672.470703125,19747.219834838306,19527.12278211297,19641.52184387727,113400
2016-10-05,19536.623046875,19816.27019448524,19492.574729569955,19801.071151995646,91700
2016-10-06,19394.826171875,19570.472575233085,19325.57697384244,19518.32474165148,74600
2016-10-07,19399.875,19455.774743424623,19317.77634115321,19397.826195595804,62700
2016-10-10,19378.326171875,19501.223184906186,19351.125315278387,19489.274104655015,40900
2016-10-13,18954.029296875,19295.32610402162,18824.18119946774,19295.32610402162,95100
2016-10-14,19019.9296875,19053.278909897883,18925.930778242888,19016.478555671183,61800
2016-10-17,19070.1796875,19241.52731383356,19002.229302028834,19136.07931545501,123600
2016-10-18,19494.82421875,19511.574024089216,19162.626907563994,19174.476379228294,104300
2016-10-19,19411.873046875,19576.072302325258,19322.524480317174,19569.822375270258,65300
2016-10-20,19658.470703125,19722.620348056378,19479.02357031924,19493.673790645935,97600
2016-10-21,19710.671875,19743.77110063921,19516.17412990912,19636.17273870555,69200
2016-10-24,19807.669921875,19897.618094048452,19751.420576354623,19763.619653164355,77800
2016-10-25,19834.669921875,19922.467729834243,19711.72017861332,19907.46790412457,90600
2016-10-26,19483.373046875,19725.671010561928,19434.27400844841,19581.47151551147,143800
2016-10-27,19514.373046875,19543.97231260157,19251.87609447308,19451.774164275044,87600
2016-10-28,19555.72265625,19589.472265244465,19361.77568446942,19507.62360412577,68900
2016-11-01,19458.373046875,19591.422278973558,19417.074699605044,19578.371649677847,61800
2016-11-02,19227.677734375,19296.327330038603,19158.52814450132,19223.277394705874,74400
2016-11-03,19178.4765625,19319.426097993983,19119.078814589695,19201.726292577743,65900
2016-11-04,19057.87890625,19223.67776743707,18960.93081022451,19223.626986775147,76200
2016-11-07,19355.775390625,19377.775135334326,19232.77681793194,19317.625442701767,77300
2016-11-08,19500.57421875,19549.222091046973,19321.92590370536,19490.52355427111,84000
2016-11-09,19518.0234375,19587.573411423582,18143.48861165898,18270.68830701762,169900
2016-11-10,20200.015625,20200.015625,20200.015625,20200.015625,0
2016-11-11,19738.572265625,20309.41526628771,19704.12149259039,20033.617677976767,197900
2016-11-15,19289.525390625,19861.518730271055,19240.225183432085,19808.11896143889,208800
2016-11-16,19107.876953125,19611.671863859618,19088.17796391924,19591.02171386234,134600
2016-11-17,19087.626953125,19328.524533691314,19009.627862980633,19115.6774071678,106700
2016-11-18,18958.830078125,19216.125911023282,18896.879627426253,19180.07750254424,79400
2016-11-21,18446.185546875,19075.72704269515,18351.036264458988,19063.57874668703,135600
2016-11-22,18548.435546875,18650.2839765549,18322.48699212826,18626.48347098259,119900
2016-11-23,18540.685546875,18668.834452549978,18449.48543179883,18660.334551044216,73800
2016-11-24,18255.88671875,18476.134150339378,18215.588360563426,18475.784545041293,120500
2016-11-25,18507.0859375,18546.13431232299,18266.3875598273,18377.337443715136,81100
2016-11-28,18301.236328125,18471.435520144012,18187.18882666687,18236.987075509674,106900
2016-11-29,18223.5390625,18427.18709589862,18188.488686958164,18308.588859298437,81500
2016-11-30,18627.583984375,18667.632346397702,18262.28745462354,18305.886556571004,89100
2016-12-01,18428.234375,18712.881447095227,18389.43599920203,18676.53226149362,62900
2016-12-02,18247.4375,18490.284276111317,18163.58886887674,18329.186546243858,84300
2016-12-05,18408.685546875,18434.034860403695,18189.287716794177,18244.787069073354,45800
2016-12-06,18420.685546875,18499.53423662363,18365.73501589787,18459.48392248761,55000
2016-12-07,18233.9375,18588.53296929,17952.39000596221,18515.28382451155,100900
2016-12-08,18515.234375,18558.534653810006,18336.736446222196,18342.38677128297,55700
2016-12-09,18695.583984375,18739.433085269065,18432.087039926202,18567.733904444245,75600
2016-12-12,18392.736328125,18615.83530831857,18363.83822511222,18615.83530831857,53600
2016-12-13,18465.8359375,18492.634453833336,18291.136798190346,18353.886068123833,54700
2016-12-14,18341.287109375,18485.23465729987,18322.68771588651,18480.135107116264,56300
2016-12-15,18400.935546875,18531.783628507434,18121.88802369936,18143.2881644628,82800
2016-12-16,18312.587890625,18428.23498368466,18268.088407947987,18417.686278192272,0
2016-12-19,18256.837890625,18316.587193896103,18215.287593887635,18257.886706519894,0
2016-12-20,18069.189453125,18274.687054171227,18009.5905395004,18263.886399006748,0
2016-12-21,18084.2890625,18166.938489091335,18043.73875423407,18124.388204153394,0
2016-12-22,17891.2421875,18029.390979515087,17839.54356698851,18026.79140022152,0
2016-12-23,17883.79296875,17962.092843563598,17819.54371252979,17849.043371027787,0
2016-12-26,17655.345703125,17860.642146600592,17606.695877598817,17825.29294782913,45900
2016-12-27,17879.34375,17907.142256236257,17615.89562868405,17677.494524783626,0
2016-12-28,17876.4921875,18059.441240605232,17828.94391004116,17928.991579493984,0
2016-12-29,18032.94140625,18053.09156335414,17829.19376748836,17861.242224202695,0
2016-12-30,18176.98828125,18245.538267001735,18016.59170509536,18026.140422410885,0
2017-01-02,17969.390625,18248.787766230616,17844.69285648756,18242.08862539176,74400
2017-01-03,18035.390625,18114.84087624836,17830.742605725824,18002.54139626414,0
2017-01-04,17890.79296875,18092.640242359703,17868.693615107477,18037.240492817487,0
2017-01-05,18115.73828125,18163.839283667654,17977.59145231523,18000.540403850373,0
2017-01-06,18263.787109375,18325.28639251268,18157.08913434288,18168.237441893372,0
2017-01-09,18286.4375,18372.88571232029,18255.937855076732,18314.036788064208,0
2017-01-10,18409.384765625,18440.935178671003,18275.536718302006,18351.235053626817,0
2017-01-11,18829.78125,18889.22977812246,18515.034906482342,18535.13428235816,0
2017-01-12,18873.73046875,18966.080960890846,18805.631648652823,18885.230335464435,0
2017-01-13,18911.87890625,18952.02882832223,18781.030823882487,18949.4780768397,0
2017-01-16,19096.2265625,19134.276900094523,18865.030039431822,18899.478856518992,0
2017-01-17,19066.830078125,19202.027731929775,18981.629892462555,19127.928980265573,0
2017-01-18,19164.27734375,19276.276042515947,19071.87802664763,19074.627994697687,0
2017-01-19,19124.02734375,19185.077414209354,19045.877862999787,19165.126474618137,0
2017-01-20,18820.58203125,19071.428725055535,18792.832353782105,18996.37881610415,0
2017-01-23,18842.48046875,18909.430863370708,18722.632250741583,18761.78218685909,0
2017-01-24,19023.279296875,19054.079720786514,18906.729867801077,18930.780370023425,0
2017-01-25,19472.97265625,19518.22212978524,19113.928005507423,19119.828327483854,0
2017-01-27,19708.072265625,19794.7196984457,19534.673885558856,19588.173265232115,0
2017-01-30,19585.021484375,19766.820144420566,19560.871375530503,19718.57070738907,0
2017-01-31,19514.923828125,19623.871782021444,19435.223581546317,19532.97244671087,0
2017-02-01,20020.3671875,20047.61687115103,19470.72317784145,19522.173752412767,0
2017-02-02,20070.068359375,20146.667081696785,19914.96859301131,20053.71698623244,0
2017-02-03,20196.56640625,20229.415634419714,20009.71701208029,20061.667581084766,0
2017-02-06,20371.36328125,20462.211836691178,20297.815306354838,20306.914810166523,0
2017-02-07,20327.013671875,20426.711731504638,20281.264203772414,20367.06398748769,0
2017-02-08,20245.166015625,20362.565047140473,20069.918044442307,20335.0145848377,0
2017-02-09,20150.916015625,20406.36226328355,20000.11698831621,20312.414137242788,0
2017-02-10,20213.666015625,20309.764510749632,20166.865777018076,20225.51548760681,0
2017-02-13,20251.564453125,20308.462226649426,20116.66563671835,20273.413807526267,0
2017-02-14,20257.86328125,20313.813800406544,20158.614439086465,20304.263130574607,0
2017-02-15,20163.46484375,20367.96246672151,20115.615790560256,20281.863858134893,0
2017-02-16,20243.46484375,20295.315805929386,20087.96664407869,20243.01563020091,0
2017-02-17,20551.111328125,21042.105635258304,20449.413288519798,20918.206681188105,0
2017-02-20,20676.859375,20702.35907873134,20472.162534523057,20494.61149244953,0
2017-02-21,20860.70703125,20903.106929622973,20619.010618533845,20695.660119277647,0
2017-02-22,20868.20703125,20958.006770322572,20829.408653402406,20937.356619354407,0
2017-02-23,20876.408203125,21011.656634106082,20828.158762867424,20887.40807551533,0
2017-02-27,20612.810546875,20853.20618265637,20584.51009545587,20853.20618265637,0
2017-02-28,20607.009765625,20681.059683608764,20560.359918839058,20632.609076565896,0
2017-03-01,20783.5078125,20833.507229863324,20678.509036037016,20698.659191854884,0
2017-03-02,20559.8125,20904.757720951944,20516.66260946759,20884.75795274247,0
2017-03-03,20495.361328125,20580.209951040888,20423.112168101416,20572.61043001873,0
2017-03-06,20663.41015625,20727.259023313225,20531.960512618534,20548.710317884026,0
2017-03-07,20627.259765625,20701.008906709223,20585.70946828851,20685.708303656953,0
2017-03-08,20676.310546875,20714.958535330894,20534.01141897326,20629.91069536162,0
2017-03-09,20721.109375,20780.00908275932,20603.6615179055,20620.311715493066,0
2017-03-10,20727.310546875,20876.70725283225,20648.56145959533,20825.659016368245,0
2017-03-14,21102.453125,21274.20112209975,21059.45362645392,21189.602499301625,0
2017-03-15,21157.654296875,21216.653610628684,21063.70421777366,21089.155093618607,0
2017-03-16,21249.654296875,21289.554225416105,21194.004550733647,21237.25404985814,0
2017-03-17,21174.8046875,21335.802816378455,21127.703672408374,21308.201574660307,0
2017-03-20,21110.00390625,21202.303611499225,21084.554984175484,21202.303611499225,0
2017-03-21,21018.755859375,21146.254378432535,20966.756463367223,21110.40518545917,0
2017-03-22,20781.107421875,20898.756441392998,20753.658523020375,20815.1070256363,0
2017-03-23,20895.2578125,20934.50735757624,20775.108814467792,20848.508354351863,0
2017-03-24,21122.3046875,21173.852915042025,20928.906550136355,20987.35508790859,0
2017-03-27,21056.65625,21178.953660152183,20979.307537441797,21177.854063526418,0
2017-03-28,21225.154296875,21264.702666458856,21144.75483843659,21228.753864515034,0
2017-03-29,21390.90234375,21418.351244205154,21255.503523196883,21291.202327986928,0
2017-03-30,21620.447265625,21695.747169370206,21331.651802967808,21374.10052704309,0
2017-03-31,21443.900390625,21573.89887506018,21413.750351499013,21551.598353796944,0
2017-04-03,21547.5,21565.199013401198,21408.351223817233,21538.949317957355,0
2017-04-05,21652.447265625,21699.04828586423,21499.499826608477,21601.947853248403,0
2017-04-06,21622.697265625,21673.747452025345,21488.649999452573,21572.447851143857,0
2017-04-07,21430.900390625,21616.597443144823,21396.75039837328,21536.248771069128,0
2017-04-10,21519.900390625,21551.84923822031,21395.80222291754,21491.8011076837,0
2017-04-11,21735.8984375,21753.097456886415,21483.30175611638,21521.19975431919,0
2017-04-12,21666.548828125,21786.84625735101,21551.499384746898,21735.39763687999,0
2017-04-13,21686.34765625,21758.59681685546,21626.748739298346,21650.998457563845,0
2017-04-17,21647.34765625,21743.04771427359,21576.498871482847,21700.247431175387,0
2017-04-18,21671.59765625,21946.744848024788,21633.89887578451,21705.79843050817,0
2017-04-19,21556.099609375,21706.049042189647,21469.950217880094,21673.848243768087,0
2017-04-20,21491.150390625,21558.59882476793,21395.75110975075,21419.20005572631,0
2017-04-21,21551.19921875,21614.300049262536,21385.95113567445,21567.24981380856,0
2017-04-24,21857.146484375,21884.595384261454,21578.399722471295,21591.649568552817,0
2017-04-25,22054.443359375,22092.993693392476,21900.04671307094,21960.395622322434,0
2017-04-26,22242.591796875,22275.79258392174,21814.647538400317,22158.3935540616,0
2017-04-27,22326.041015625,22380.589209076545,22169.542836496297,22273.79162355168,0
2017-04-28,22357.990234375,22382.739946821224,22182.293056957278,22296.541729562574,0
2017-05-02,22341.08984375,22491.888871620733,22265.891499350582,22412.2901877602,0
2017-05-03,22307.041015625,22448.73858430597,22239.791798742528,22445.588230366862,0
2017-05-04,22719.8359375,22743.435272996216,22449.639854472814,22618.038290773336,0
2017-05-05,22604.685546875,22853.284209601174,22513.737388987858,22844.583139219623,0
2017-05-08,22767.0859375,22834.885933539623,22632.237889837274,22678.186576442913,0
2017-05-09,22707.037109375,22835.084450626902,22664.08643623898,22820.5357914395,0
2017-05-10,22830.083984375,22859.134427626945,22741.786183583205,22767.48510332968,0
2017-05-11,22818.18359375,22977.582128826958,22764.38539188639,22915.784020089744,0
2017-05-12,22671.435546875,22858.88453869276,22577.737417846965,22840.134756755273,0
2017-05-15,22821.234375,22891.432776684185,22730.08504529661,22735.58498128077,0
2017-05-16,22928.333984375,22943.83380480941,22727.387093596928,22857.334806901246,0
2017-05-17,22935.68359375,22977.88427688629,22829.835210236735,22972.08356281609,0
2017-05-18,22698.3359375,22834.28553013659,22659.935992942297,22750.18494457865,0
2017-05-19,22769.53515625,22901.982829891018,22628.185242710795,22761.68368534374,0
2017-05-22,22652.5859375,22918.082847165493,22637.48650387959,22874.534525934832,0
2017-05-23,22582.5390625,22740.136845406567,22491.938550008275,22674.637604505417,0
2017-05-24,22536.0390625,22673.13707970871,22469.539834778338,22624.23725697412,0
2017-05-25,23190.53125,23267.530355080224,22570.087289216222,22573.388032103438,0
2017-05-26,23361.927734375,23408.077588701603,23092.08126083288,23151.131355873324,0
2017-05-29,23182.48046875,23463.727198833185,23140.881343027486,23310.32859169802,0
2017-05-30,23306.978515625,23336.87855796829,23093.680218916474,23141.83004868257,0
2017-05-31,23424.529296875,23469.17721691689,23248.23055888282,23320.928935077012,0
2017-06-01,23309.87890625,23395.877904641005,23223.780299644102,23393.827147275668,0
2017-06-02,23375.62890625,23453.028397957896,23308.12969018538,23434.92704568686,0
2017-06-05,23459.376953125,23494.425372733087,23349.677059888585,23397.12767868928,0
2017-06-06,23416.029296875,23535.82673607396,23381.428135539285,23522.778059234723,0
2017-06-07,23567.376953125,23605.876506438817,23427.278969219078,23482.577155753886,0
2017-06-08,23535.826171875,23658.824742886634,23513.926035684173,23630.07507689814,0
2017-06-09,23690.625,23708.374793668307,23476.57670694494,23483.676233791804,0
2017-06-12,23470.17578125,23629.82431190192,23441.527677512557,23609.87532556607,0
2017-06-13,23477.576171875,23614.924181591836,23446.62731357867,23446.726921793557,0
2017-06-14,23498.42578125,23562.526597846118,23399.128108594206,23555.026685118235,0
2017-06-15,23391.478515625,23473.02835039759,23311.57905232299,23444.42711984699,0
2017-06-16,23502.4765625,23527.376663426963,23390.727862630436,23448.326801875635,0
2017-06-19,23741.875,23806.374251849767,23535.426222799295,23571.07619990727,0
2017-06-20,23697.673828125,23760.0734936036,23650.924371400353,23720.32395553291,0
2017-06-21,23708.474609375,23760.474005365406,23609.924972848414,23637.875820054644,0
2017-06-22,23735.82421875,23897.572342096537,23693.875486702607,23716.574442092067,0
2017-06-23,23542.4765625,23786.22373146324,23507.226971911467,23772.024677630205,0
2017-06-27,23215.98046875,23639.825157402873,23055.482332089927,23636.67480335263,0
2017-06-28,23235.580078125,23322.280244283593,23113.382276861717,23209.281555061196,0
2017-06-29,23227.03125,23475.72758282658,23124.08127277772,23312.12987187308,0
2017-06-30,23210.9296875,23253.829579960482,22996.13335364495,23136.981327457263,0
2017-07-03,23272.53125,23329.82941452525,23144.032738207887,23240.080453954495,0
2017-07-04,23213.9296875,23362.779521741042,23163.43027383632,23325.2291764789,0
2017-07-05,23352.328125,23380.077802393887,23205.281006383142,23241.630193177738,0
2017-07-06,23466.376953125,23539.87609669019,23369.227694513283,23399.227344948056,0
2017-07-07,23448.876953125,23492.325665219298,23400.32673801936,23463.47639225585,0
2017-07-10,23674.775390625,23964.52202022321,23289.629480108946,23582.975677211125,0
2017-07-11,23584.326171875,23744.275489292035,23552.326542879815,23744.275489292035,0
2017-07-12,23695.173828125,23736.274912938974,23523.37699666131,23623.475442669718,0
2017-07-13,23888.373046875,23937.722083308225,23810.72355775972,23816.97348519813,0
2017-07-14,23937.421875,23963.372746203026,23755.6739807674,23949.222519525378,0
2017-07-17,24014.771484375,24065.81971879823,23913.372273044286,24011.12113620432,0
2017-07-18,24021.771484375,24147.168463906568,23941.821242067283,23957.871836699866,0
2017-07-19,24152.369140625,24180.468422788905,24053.4191210052,24068.91894051259,0
2017-07-20,24213.068359375,24299.317357538705,24170.36963659749,24170.36963659749,0
2017-07-21,24256.76953125,24289.019157325216,24066.62134533644,24231.11943803017,0
2017-07-24,24420.56640625,24460.2671177194,24234.36934681065,24307.417327804746,0
2017-07-25,24520.4140625,24624.36402550546,24449.914882358986,24622.614045856568,0
2017-07-26,24670.412109375,24720.612697025495,24484.61544351484,24577.864358302417,0
2017-07-27,24922.111328125,25031.959663409132,24799.112754740694,24857.211690247284,0
2017-07-28,24811.01171875,24859.460373045422,24650.76358573255,24744.26249641668,0
2017-07-31,25103.359375,25167.80784661843,24828.212174072978,24880.31117948002,0
2017-08-01,25122.5078125,25179.206370053846,25000.608843412567,25152.556290211538,0
2017-08-02,25054.908203125,25198.508097695798,24925.96048211753,25190.107804641164,0
2017-08-03,24674.763671875,25004.85944033825,24619.313145208453,25002.55868585925,0
2017-08-04,24827.16015625,24879.409547910596,24591.514462371622,24629.213242194917,0
2017-08-07,24906.060546875,24979.05969963874,24844.160874664456,24853.861933947886,0
2017-08-08,24599.21484375,24965.761375960537,24534.06520834527,24941.91008994673,0
2017-08-09,24374.31640625,24532.115354047346,24327.816946523297,24518.965116213847,0
2017-08-10,24217.068359375,24326.617868348814,23821.9225578586,24300.167003666476,0
2017-08-11,23985.470703125,24190.917529566035,23868.02285198701,23957.971023342798,0
2017-08-14,24115.46875,24211.868016355183,24037.870045630658,24050.770285804814,0
2017-08-16,24437.416015625,24460.915743288664,23947.171697024496,24188.469681892777,0
2017-08-17,24236.96875,24495.914963893105,24121.270873828274,24494.914975497144,0
2017-08-18,24074.169921875,24129.870447539444,23925.671644680187,24125.020894426612,0
2017-08-21,23936.22265625,24258.66813889508,23881.97328482554,24140.27107323585,0
2017-08-22,23974.169921875,24127.168139459834,23852.372512678616,24080.319075872118,0
2017-08-23,24316.517578125,24349.716410223707,24073.870013502874,24084.668715860433,0
2017-08-24,24273.91796875,24410.767945636337,24224.56893115813,24374.467584980837,0
2017-08-28,24376.81640625,24422.165488771876,24301.06728628237,24350.967097185137,0
2017-08-29,24128.66796875,24320.665730774384,24103.019830211342,24301.716732898807,0
2017-08-30,24308.416015625,24383.815527814422,24241.018363335592,24252.768226444816,0
2017-08-31,24318.1171875,24354.065987598653,24207.417304810035,24354.065987598653,0
2017-09-01,24433.716796875,24494.065706765756,24318.917346227438,24388.91653489001,0
2017-09-04,24236.568359375,24459.065777433618,24156.120074176313,24456.01698468792,52500
2017-09-05,24328.017578125,24387.766882581695,24256.01841626923,24272.317054661333,0
2017-09-06,24278.869140625,24331.018927139183,24150.81984271695,24192.12014553815,0
2017-09-07,24304.6171875,24412.815145501903,24246.61786332179,24324.56617379971,0
2017-09-08,24370.517578125,24418.966233866413,24272.717933377946,24409.21634716718,0
2017-09-11,24671.962890625,24735.061765713934,24457.965380929138,24468.215261650552,0
2017-09-12,24784.412109375,24821.062075436817,24653.314018675963,24778.86334552839,0
2017-09-13,24831.51171875,24948.510356774168,24737.51281298699,24818.060703457657,0
2017-09-14,24911.9609375,24994.01076669613,24815.212060112244,24856.961575677502,0
2017-09-15,24844.01171875,24916.55970277213,24791.262332494258,24840.01176528985,0
2017-09-18,25046.609375,25105.057914638586,24941.46020609929,24947.860522359253,0
2017-09-19,25041.259765625,25103.15748378407,24992.709548598683,25059.458772876238,0
2017-09-20,24964.759765625,25052.307573200225,24938.010077447634,24984.3591465289,0
2017-09-21,24798.9609375,24992.20868495897,24706.16123794504,24933.808975054675,0
2017-09-22,24368.56640625,24709.41205443372,24339.717132151374,24704.2636767664,0
2017-09-25,24164.76953125,24363.51721805654,24015.16970991909,24361.267244243634,0
2017-09-26,24198.869140625,24236.667529440347,24017.121252979636,24105.319446651076,0
2017-09-27,23812.671875,24331.566222115693,23766.322805447864,24308.416101117782,0
2017-09-28,24007.87109375,24073.9191535013,23610.824931558138,23803.773858751294,0
2017-09-29,24052.720703125,24227.167896218256,24004.52204405118,24113.71999480964,0
2017-10-03,24103.12109375,24226.52005447951,24006.971817262558,24200.319186209203,0
2017-10-04,24113.021484375,24230.168564981028,24058.371726748504,24123.870968082345,0
2017-10-05,24057.771484375,24188.01997226505,24033.070599263054,24114.47004488736,0
2017-10-06,24189.71875,24241.76892607091,24074.069704008005,24083.27076890369,0
2017-10-09,24251.619140625,24310.817672839923,24155.77064282073,24209.27002237966,0
2017-10-10,24347.166015625,24379.46642116081,24273.36804590856,24304.51807420041,0
2017-10-11,24107.169921875,24459.966615751226,24053.9713194646,24411.16639988272,0
2017-10-12,24360.966796875,24393.11681374697,23978.121638183187,24151.16845459003,0
2017-10-13,24688.86328125,24779.461837044913,24387.517176260393,24410.815733444033,0
2017-10-16,24702.763671875,24878.361240356568,24516.265839457414,24815.111975475,0
2017-10-17,24645.3125,24808.861375962104,24571.56335915201,24696.962288922805,0
2017-10-18,24313.466796875,24454.365546312158,24269.768087127326,24354.466319312793,0
2017-10-19,24009.470703125,24255.01862797017,23923.420922873105,24238.1184339414,0
2017-10-23,24088.62109375,24150.719983115927,23912.27352904678,24085.16996188934,94700
2017-10-24,24221.869140625,24292.967924443026,24032.371340961225,24141.668899987697,0
2017-10-25,25035.609375,25157.508348663043,24560.464507491233,24980.36001722229,0
2017-10-26,25021.908203125,25185.757859982554,24864.310426680368,24953.658996892813,0
2017-10-27,24839.26171875,24995.408339121415,24798.3618040905,24887.309987721797,0
2017-10-30,24988.259765625,25064.557705177016,24808.26186189753,24873.36071312518,0
2017-10-31,25019.05859375,25078.358685235708,24947.809422503087,25041.808329130592,0
2017-11-01,25490.15234375,25549.052048390484,25171.456836736492,25197.007320408833,0
2017-11-02,25427.005859375,25598.453089548806,25405.205330984216,25508.10452810557,0
2017-11-03,25650.400390625,25695.2006499503,25394.653370087362,25531.102952319623,0
2017-11-06,25570.853515625,25694.301301158805,25529.20360855117,25568.703149965524,0
2017-11-07,25300.505859375,25695.450474351186,25248.654901289072,25668.80039437972,0
2017-11-08,25184.056640625,25435.30371784162,25119.207785643473,25375.505585354516,0
2017-11-09,25291.0546875,25384.903202496756,25165.856928695353,25280.705198811567,0
2017-11-10,25498.65234375,25598.2527466252,25236.905391210137,25250.60640356737,0
2017-11-13,25358.005859375,25611.252914029195,25336.9553229496,25569.952613115158,0
2017-11-14,25284.306640625,25404.50641974759,25222.807353216,25352.25702516027,0
2017-11-15,25218.607421875,25317.75666066683,25166.05725110906,25241.357157587543,0
2017-11-16,25446.3046875,25495.755286244108,25273.40630076189,25292.60725009849,0
2017-11-17,25728.1015625,25924.599280207836,25679.252520499456,25875.398679790593,0
2017-11-20,25768.30078125,25802.851161828432,25681.40139837401,25733.400795350848,0
2017-11-21,25757.201171875,25870.799463313153,25726.201531524493,25829.0011201213,0
2017-11-22,25766.3515625,25831.64963332337,25665.551950284702,25805.351110198415,0
2017-11-23,25735.951171875,25838.25076529264,25620.65172940265,25826.000907529542,76600
2017-11-24,25779.3515625,25848.700368000103,25748.8011353833,25776.300816613522,0
2017-11-27,25891.6484375,25931.548364610673,25673.201756427967,25692.752310560714,0
2017-11-28,25846.099609375,25953.19797240413,25795.199811091017,25830.148623127916,0
2017-11-29,25795.3984375,25877.448262027086,25746.50057016222,25829.349213499867,0
2017-11-30,25332.10546875,25700.550397984094,25246.555683489187,25693.501651922128,0
2017-12-01,25191.65625,25441.05374023329,25152.357878899125,25409.255281911468,0
2017-12-04,25074.80859375,25296.90562548991,24993.059542521,25294.757212924163,0
2017-12-05,25124.556640625,25217.405167325498,24921.010185984684,25030.458128500148,0
2017-12-06,24851.51171875,25077.157531631285,24813.31099121005,25066.009223803787,0
2017-12-07,25056.958984375,25097.108908692204,24875.06070634639,24935.01118194675,0
2017-12-08,25320.85546875,25367.40375470897,25145.207123969747,25145.207123969747,0
2017-12-11,25404.5546875,25448.554176709236,25318.40529698463,25434.454731014925,0
2017-12-12,25125.15625,25415.902859785427,25108.306837095475,25413.104064295432,0
2017-12-13,25000.05859375,25270.45583678947,24938.260484991926,25117.906831301076,0
2017-12-14,25167.90625,25205.606983017016,24888.36067594455,25062.108653419225,0
2017-12-15,25440.005859375,25558.754482741406,25410.955414902106,25486.854925636348,0
2017-12-18,25594.25390625,25759.601597710294,24616.864852637453,25181.457913137638,0
2017-12-19,25715.900390625,25757.649905480437,25619.301903759588,25640.60243748963,0
2017-12-20,25591.40234375,25779.75172128879,25565.754203783188,25778.75173288923,0
2017-12-21,25554.00390625,25629.65146491046,25508.604043060328,25607.952498249364,0
2017-12-22,25648.251953125,25694.20063652628,25560.202197743874,25615.301165160072,0
2017-12-26,25674.951171875,25712.649951852763,25545.302290220046,25659.451352275813,0
2017-12-27,25495.75390625,25732.89958240304,25429.25468057335,25652.55090861569,0
2017-12-28,25489.703125,25561.651505777292,25417.104361172627,25463.30304185307,0
2017-12-29,25539.15234375,25566.103202339888,25449.954161867234,25484.553369050354,0
2018-01-01,25317.8046875,25587.701934147746,25271.256401606362,25565.45219333038,57600
2018-01-02,25337.955078125,25425.204062587873,25232.507086740003,25381.903785332728,0
2018-01-03,25318.3046875,25454.603881060215,25300.60567491807,25425.45382999143,0
2018-01-04,25462.302734375,25490.05241083061,25310.00568194122,25367.35462266237,0
2018-01-05,25601.552734375,25643.05225314756,25499.255092491036,25524.153241272692,0
2018-01-08,25675.80078125,25771.200061569296,25643.502329030936,25689.95100718742,0
2018-01-09,25703.501953125,25803.500790541584,25616.95217810003,25727.650109879272,0
2018-01-10,25617.00390625,25717.301572027143,25527.204165687584,25709.60244250222,0
2018-01-11,25660.6015625,25694.35116947212,25531.952670043593,25627.900771438988,0
2018-01-12,25748.751953125,25774.8512596035,25557.303003118104,25732.1017557345,0
2018-01-15,26068.896484375,26091.497784409326,25842.649111753453,25857.850107101465,0
2018-01-16,25974.59765625,26136.095773986708,25931.39698787952,26128.845858484594,0
2018-01-17,26288.794921875,26335.54438004813,25922.000344904267,25945.849677865164,0
2018-01-18,26537.091796875,26887.3377239455,26423.442727848942,26761.938791555905,0
2018-01-19,26909.1875,26957.536547891028,26433.243808447864,26615.341303100256,0
2018-01-22,27040.884765625,27074.585545600265,26840.887091358578,26940.18671787277,0
2018-01-23,27390.28125,27421.732056319826,27065.83580230474,27089.63435381732,0
2018-01-24,27398.232421875,27478.930702934787,27219.132940458116,27309.833058424512,0
2018-01-25,27445.33203125,27522.53035451767,27151.435049760632,27413.781615977372,0
2018-01-29,27498.12890625,27651.728679539996,27407.081138696725,27445.77990666336,0
2018-01-30,27268.734375,27469.93125920998,27241.73468828442,27466.530908040146,0
2018-01-31,27379.130859375,27455.43075342421,27116.633911640052,27135.934468466814,0
2018-02-01,27220.3828125,27613.179027937007,27046.035229719015,27334.531876270878,0
2018-02-02,26450.84375,27017.237574507188,26363.745150345872,27017.087185625624,0
2018-02-05,26098.447265625,26214.795525394125,25917.250148708696,25967.8491711498,0
2018-02-06,25811.0,26140.294990778173,25023.558004359464,25139.80664968848,0
2018-02-07,25669.701171875,26078.096808252903,25557.753256341795,26065.096959587754,0
2018-02-08,25920.349609375,26126.097221867694,25637.102896186392,25759.550694045,0
2018-02-09,25463.353515625,25598.002336391237,25370.704205190166,25466.00387534969,0
2018-02-12,25701.30078125,25757.550127240822,25485.104076211526,25529.802775251315,0
2018-02-14,25340.955078125,25809.94961989546,25212.05618764482,25809.94961989546,0
2018-02-15,25424.0546875,25614.853255465292,25294.85696745799,25360.60620475949,0
2018-02-16,25163.607421875,25600.701942351847,25100.608155347592,25511.652197868632,0
2018-02-19,25058.259765625,25325.756659033545,24824.262483166684,25324.305504011623,265300
2018-02-20,24874.111328125,25157.807250039532,24828.711465092634,25105.259032578324,0
2018-02-21,24936.41015625,24999.409425963393,24796.06217378675,24996.3098525186,0
2018-02-22,24954.908203125,24986.759394187276,24781.41022639921,24812.409864892,0
2018-02-23,25302.205078125,25344.8549716239,24962.558646410387,25001.958577790763,0
2018-02-26,25687.6015625,25721.85116406871,25380.90395848904,25451.703916111404,0
2018-02-27,25383.3046875,25723.25190961852,25356.105784766827,25684.301190301583,0
2018-02-28,25107.109375,25192.657211543024,24941.71090150291,25115.958881800674,0
2018-03-01,24902.26171875,25225.757963643962,24854.111887042534,25022.059156280557,0
2018-03-05,24818.41015625,24872.7610857193,24681.7125296309,24831.060399536353,134500
2018-03-06,24448.166015625,25039.9599416414,24361.76857893725,24963.810433118506,0
2018-03-07,24133.818359375,24373.11635190092,24096.469185258735,24333.56603156131,0
2018-03-08,24477.365234375,24534.214181471507,24048.2706238636,24273.61760799277,0
2018-03-09,24296.166015625,24564.463669520093,24259.416443988615,24556.66297919719,0
2018-03-12,24663.912109375,24715.763068284767,24358.216449188196,24443.315067941305,0
2018-03-13,24738.36328125,25009.36013610508,24597.265309434853,24624.313823639248,0
2018-03-14,24851.361328125,24894.011222661073,24486.71517893877,24629.36391032272,0
2018-03-15,24791.560546875,24939.558821257484,24731.71163532118,24854.010990595703,0
2018-03-16,24489.265625,24785.061008844405,24438.865821236985,24753.3621592,0
2018-03-19,24244.818359375,24587.76555291959,24186.668643310946,24529.865833955468,0
2018-03-20,24167.91796875,24355.366959219526,24082.66896082071,24133.668367323862,0
2018-03-21,24255.318359375,24459.466382823008,24208.36968501343,24331.01865347518,0
2018-03-22,24141.21875,24314.117126324527,24094.568902854997,24252.666670359562,0
2018-03-23,23670.125,23796.02392585099,23605.324972667437,23785.373659136767,0
2018-03-26,24244.068359375,24290.36860350625,23656.776344292957,23674.625746601047,0
2018-03-27,24433.8671875,24496.66528775748,24266.11913180023,24396.11762503999,0
2018-03-28,24263.068359375,24360.71761807993,24203.119835529786,24299.218330960684,0
2018-04-02,24328.216796875,24373.116664823676,24062.669106847683,24235.368268343434,0
2018-04-03,24510.314453125,24537.71452497393,24254.067434336812,24285.66667608204,0
2018-04-04,24129.21875,24666.013274376888,24087.520017290128,24502.21440236536,0
2018-04-05,24759.513671875,24824.612526368797,24380.566894237058,24394.166345913884,0
2018-04-06,24872.861328125,24933.30984436639,24626.114195722017,24776.061671842097,0
2018-04-09,25093.509765625,25152.55790895411,24827.7120668965,24848.56143447624,0
2018-04-10,25226.5078125,25279.606805208372,25119.907488005832,25153.307490738975,0
2018-04-11,25097.958984375,25206.7585040738,24950.01148110454,25198.05743308938,0
2018-04-12,25194.806640625,25244.507234574514,24969.110046306694,25076.608796296132,0
2018-04-13,25200.306640625,25411.00536300039,25076.558079276594,25239.356967891414,0
2018-04-16,25320.5546875,25348.25553672858,25067.057640114013,25081.80746831497,0
2018-04-17,25334.154296875,25402.255066595164,25223.70636387984,25383.454504207693,0
2018-04-18,25102.009765625,25426.455222975077,25058.459489267276,25426.455222975077,0
2018-04-19,25125.857421875,25207.00686629343,25049.40714141408,25206.15531372258,0
2018-04-20,24943.560546875,25126.50959861522,24839.012930317025,25126.50959861522,0
2018-04-23,24960.359375,25083.85793511646,24465.81435970571,25065.207761935915,0
2018-04-24,25041.80859375,25123.15725775669,24954.70999656438,24971.909015441306,0
2018-04-25,24814.111328125,24993.109242957245,24734.311476472853,24993.109242957245,0
2018-04-26,25010.609375,25063.708366531748,24753.112371154566,24832.910270776174,0
2018-04-27,25394.3046875,25441.20453344419,25029.359707112075,25029.859701305293,0
2018-04-30,25531.302734375,25617.202126171927,25464.504682969924,25489.853997586062,0
2018-05-02,25568.00390625,25716.451401347647,25499.053534970993,25606.753456321538,114400
2018-05-03,25604.953125,25653.151784913705,25468.75548538487,25547.604180553688,97400
2018-05-04,25645.1015625,25680.10115466919,25537.401645592316,25632.002105765692,94400
2018-05-07,25851.75,25913.198503805837,25674.851667560677,25675.951264142033,0
2018-05-08,26090.197265625,26115.94696684153,25954.298451885068,26073.84784595847,0
2018-05-09,26154.14453125,26206.194706131948,25945.998518585122,25987.796859772687,0
2018-05-10,26130.6953125,26266.094124356237,26056.895391767222,26215.793929613425,0
2018-05-11,26412.84375,26436.94307959318,26099.54660598168,26173.395358007594,0
2018-05-14,26474.841796875,26565.090744923054,26337.743785529925,26404.141449091247,0
2018-05-15,26473.69140625,26971.736381979175,26406.992964978355,26494.591553249935,0
2018-05-16,26181.845703125,26428.042056800005,26101.84663410277,26269.04390711832,0
2018-05-17,26073.498046875,26283.245611536335,26011.697983173664,26232.894633651864,0
2018-05-18,25875.298828125,26031.69740073203,25838.6996441885,26025.297084505986,0
2018-05-21,25750.501953125,26066.447505406006,25685.05154078564,26017.198076933288,0
2018-05-22,25777.400390625,25945.349615525083,25701.051666333282,25779.951142305054,0
2018-05-23,25684.650390625,25903.599015141717,25621.85229312461,25726.649901981586,0
2018-05-24,26016.498046875,26072.796219900603,25658.101826636637,25722.601076107494,0
2018-05-25,26273.24609375,26325.245490719593,26031.147338838528,26066.447710714598,0
2018-05-28,26613.94140625,26713.34064432179,26273.595743248177,26291.34553743591,0
2018-05-29,26254.49609375,26570.64086234092,26220.79531297779,26566.94168652043,0
2018-05-30,26327.494140625,26405.1416737515,25980.547009699912,26039.597103183827,0
2018-05-31,26955.88671875,27164.235865855204,26354.24525608852,26586.691780082474,0
2018-06-01,26692.490234375,26996.48669760676,26658.24063284313,26913.087277270748,0
2018-06-04,26257.24609375,27047.236926744023,26205.596302466063,27023.385641012905,0
2018-06-05,26250.6953125,26342.09464226802,26069.248199776775,26262.695173219592,0
2018-06-06,26367.29296875,26424.891908273345,26147.49669676401,26266.594921076314,0
2018-06-07,26517.4921875,26766.637725602297,26483.592191381646,26577.63992503879,0
2018-06-08,26451.04296875,26480.69301564909,26283.894515837103,26456.943290973973,0
2018-06-11,26453.244140625,26652.69104742703,26421.642944439638,26472.89235036695,0
2018-06-12,26606.791015625,26656.140052634684,26449.542839437738,26566.291485351016,0
2018-06-13,26642.490234375,26765.13724229223,26597.889191748116,26721.637749325597,0
2018-06-14,26561.94140625,26622.940697566857,26502.791702819828,26611.991606022213,0
2018-06-15,26417.09375,26586.09178832834,26344.64341910376,26513.391460333984,0
2018-06-18,26408.994140625,26477.192567508104,26322.14358656584,26443.99373423704,0
2018-06-19,26265.4453125,26447.792806586207,26224.445788107492,26447.792806586207,0
2018-06-20,26557.390625,26574.441208124234,26309.64350379236,26320.143381785012,0
2018-06-21,26496.640625,26682.638458771842,26454.641114148293,26644.99045974015,0
2018-06-22,26766.5390625,26806.23977376514,26363.94412405387,26518.09272623821,0
2018-06-25,26609.390625,26804.589533119175,26572.691831852313,26717.840539162407,0
2018-06-26,26601.390625,26712.28972912194,26479.34321270582,26495.343027097373,0
2018-06-27,26423.09375,26633.991693149404,26336.194367844375,26615.991902037404,0
2018-06-28,26324.29296875,26487.541067141516,26160.695265055892,26397.792112589366,0
2018-06-29,26363.892578125,26464.692186966375,26291.043816060002,26312.39317711881,0
2018-07-02,26229.99609375,26371.293280567603,26060.296893100047,26364.14297300054,0
2018-07-03,26203.794921875,26315.793619597855,26141.696034561624,26209.794852110153,0
2018-07-04,26433.642578125,26480.192819373937,26132.59724224401,26248.94550193355,0
2018-07-05,26502.9921875,26598.139517129952,26414.891650819078,26481.242440748232,0
2018-07-06,26493.541015625,26609.539664485943,26409.69238290933,26427.242959732208,0
2018-07-09,26752.990234375,26780.88834803561,26611.241879780173,26642.040350398638,0
2018-07-10,26894.23828125,26939.237758374562,26778.188848446734,26844.238862222708,0
2018-07-11,26815.88671875,26938.535680080462,26774.287594152047,26900.336906481385,0
2018-07-12,27026.236328125,27164.484719590306,26935.737381089843,26937.186582978225,0
2018-07-13,26935.63671875,27102.0351788649,26901.988671625575,27046.535822753474,0
2018-07-16,26679.490234375,26938.737216763362,26643.639089179116,26914.18672127893,0
2018-07-17,27007.78515625,27041.034769122933,26653.34006432366,26662.5391759679,0
2018-07-18,26880.587890625,27186.83433036014,26834.137258761344,27107.034476822522,0
2018-07-19,26789.33984375,27025.135938484003,26729.78975281543,26959.886694865043,0
2018-07-20,26872.88671875,26946.2374282677,26718.288907165337,26764.089155812428,0
2018-07-23,27007.8359375,27039.784784268522,26671.039077586953,26700.98990074353,0
2018-07-24,26974.0859375,27127.68375629295,26867.837176105644,26983.83582383972,0
2018-07-25,27030.986328125,27073.685050158143,26939.03622591119,26992.236778900886,0
2018-07-26,27406.08203125,27454.780684298097,27044.736619399453,27054.384944820868,0
2018-07-27,27634.080078125,27660.730159843235,27454.68176694398,27497.482052086772,0
2018-07-30,27842.275390625,27873.374637854344,27607.62773243366,27767.32704463625,0
2018-07-31,27763.828125,27838.876082013976,27650.979825499402,27796.87656951876,0
2018-08-01,27596.279296875,27819.827483381057,27477.581455861535,27684.479445002933,0
2018-08-02,27355.630859375,27487.580495646453,27327.63118522962,27469.180319159037,0
2018-08-03,27695.177734375,27722.67741438422,27447.831003167084,27471.629554368243,0
2018-08-06,27898.17578125,27993.674671409306,27765.72810174118,27769.22806106639,0
2018-08-07,27875.576171875,27987.873693875885,27826.977127751863,27972.623871245436,0
2018-08-08,28062.123046875,28128.323449288997,27858.426195735738,27930.22614244007,0
2018-08-09,28319.669921875,28363.069806655385,28131.672113071592,28173.322018248753,0
2018-08-10,28123.923828125,28377.57127703161,28087.32464321512,28348.620440918734,0
2018-08-13,27794.078125,27911.525981970455,27739.17837092439,27760.47890519984,0
2018-08-14,28021.373046875,28052.7242444436,27854.57616028417,27864.076049704407,0
2018-08-16,27826.2265625,28012.77321706679,27779.176329458278,27835.82606002595,179500
2018-08-17,28128.224609375,28177.82364360492,27953.476635733758,27991.42541443379,151600
2018-08-20,28273.921875,28321.972098616723,28171.323456301914,28171.323456301914,172500
2018-08-21,28257.572265625,28305.620535816768,28151.57349647547,28295.52104371638,138100
2018-08-23,28027.57421875,28325.119584180407,27965.024165428433,28321.619624911305,0
2018-08-24,27834.375,28122.422426032706,27782.477167013323,27953.924388721756,0
2018-08-27,28263.87109375,28317.42125331778,27957.874646168,27970.92527590875,0
2018-08-28,28269.322265625,28388.320884395504,28152.37245119881,28379.570985956496,0
2018-08-29,28223.771484375,28343.770089290636,28167.473310763457,28233.072157496877,0
2018-08-30,28102.923828125,28233.371532855577,27961.42547040197,28233.371532855577,0
2018-08-31,28061.423828125,28157.022326311147,27940.624450986197,27997.67456911432,0
2018-09-03,27819.17578125,28202.870528227282,27777.07666251943,28199.120571931173,123200
2018-09-04,27430.431640625,27874.826873570004,27385.53177111081,27845.22760772601,0
2018-09-05,27375.732421875,27505.98090718214,27135.735212863758,27408.982035206765,0
2018-09-06,27468.380859375,27552.481447146612,27245.934218788374,27463.931692190985,0
2018-09-07,27481.12890625,27512.17932558483,27232.4833668942,27438.930179356787,0
2018-09-10,27201.43359375,27404.530840703985,27142.235063595504,27394.88056233073,0
2018-09-11,26807.1875,27318.13076252018,26771.93791091579,27294.881033549744,0
2018-09-12,26818.88671875,26894.837005634326,26554.84096734844,26894.837005634326,0
2018-09-14,27163.533203125,27205.433105691583,26989.486402331833,27059.534414523623,0
2018-09-17,26819.98828125,27002.284985298007,26743.088786639262,27002.284985298007,0
2018-09-18,26441.142578125,26900.738810640658,26407.142972421894,26756.68969994287,0
2018-09-19,26277.044921875,26611.291046225502,26235.395014188867,26531.692359812914,0
2018-09-21,25596.603515625,26490.093152736976,25053.059038522602,26330.745391512126,0
2018-09-24,24970.05859375,25649.400285680742,24904.209751815808,25644.75190235571,0
2018-09-25,25330.0546875,25406.653405023888,24677.96267053657,24947.40875208278,0
2018-09-26,25376.005859375,25524.802958168773,25197.056767259994,25524.802958168773,0
2018-09-27,25041.859375,25452.20421568916,25006.760173518676,25441.803945927426,0
2018-09-28,25119.55859375,25354.405482372014,24918.96130833878,25135.509580829297,0
2018-10-01,25366.705078125,25411.85494382242,24707.363134481977,24943.610387791672,0
2018-10-03,25069.609375,25469.755120611888,25026.059099294802,25290.25720427811,253300
2018-10-04,24819.01171875,24893.110465110425,24500.765425306497,24734.862308197826,0
2018-10-05,24443.166015625,25079.908638205052,24250.36942127765,24741.36373252509,0
2018-10-08,24618.0625,24745.061018873475,24239.768083752395,24470.46461199269,0
2018-10-09,24527.365234375,24759.61253425746,24464.615963900837,24703.36318821488,0
2018-10-10,25321.404296875,25370.854892792115,24559.614341422282,24596.313132736417,0
2018-10-11,24783.662109375,24939.810691077593,24493.41547177279,24541.46569637907,0
2018-10-12,25395.5546875,25483.90327087143,24975.15917898264,25001.658871238276,0
2018-10-15,25387.755859375,25465.903389058803,25147.50865025411,25443.70442818741,0
2018-10-16,25589.353515625,25706.752544244642,25351.5066656313,25413.904379223946,0
2018-10-17,25188.306640625,25915.048187791483,25101.6572578312,25838.79907465568,0
2018-10-19,25085.509765625,25277.607146488805,24922.361267676788,24966.210368360775,0
2018-10-22,25078.30859375,25504.454039265456,25021.059258087116,25483.954277150362,0
2018-10-23,24972.158203125,25124.306820670372,24784.61156059417,24786.611537287237,0
2018-10-24,25063.908203125,25356.605976502655,24839.36198219351,25312.40531783901,0
2018-10-25,24817.16015625,24977.05868442708,24696.561951565076,24841.210657367305,0
2018-10-26,24420.767578125,24771.66194636791,24352.817194258034,24771.562338148047,0
2018-10-29,24959.408203125,25023.458237580016,24404.26623833399,24647.661837949294,0
2018-10-30,24807.4609375,25121.207281652154,24686.561955619007,24924.459574203753,0
2018-10-31,25152.95703125,25201.00725283565,24528.06391905965,24823.51164971093,0
2018-11-01,25323.35546875,25401.303779695263,25129.156558562114,25284.90474468136,0
2018-11-02,25701.3515625,25855.949374375203,25498.85391692839,25545.052598528997,0
2018-11-05,25731.900390625,25787.899740296794,25534.103859538525,25731.251960655307,0
2018-11-06,25597.703125,25860.450077734346,25558.053194223805,25747.101782941158,0
2018-11-07,25769.400390625,25824.100928179494,25747.30103751938,25817.800219994013,1800
2018-11-09,25770.701171875,25822.45057180688,25598.453169203178,25742.25228300846,0
2018-11-12,25539.453125,25906.898072506672,25494.803253392794,25815.850302736624,0
2018-11-13,25768.30078125,25796.20084832535,25384.256406785382,25421.705191251796,0
2018-11-14,25929.849609375,26044.74866719311,25806.39986949315,25952.09935128229,0
2018-11-15,26154.4453125,26197.29442270218,25727.700283887247,25945.896960744303,0
2018-11-16,26245.24609375,26332.44430019463,26122.247521670593,26205.045388574847,0
2018-11-19,26300.392578125,26378.792054677542,26204.044092092925,26364.292223733468,0
2018-11-20,26113.046875,26259.095963070355,26041.4988763469,26211.196127758827,0
2018-11-21,26261.74609375,26341.74516560466,26060.24843151607,26105.146348112627,0
2018-11-22,25999.146484375,26323.642705937084,25947.547475819476,26233.344929240484,0
2018-11-26,26365.29296875,26396.29260820977,26024.748101320263,26095.696494907435,0
2018-11-27,26442.79296875,26490.94280101134,26268.34577295564,26285.794789360247,0
2018-11-28,26457.642578125,26584.64110622863,26419.344193873276,26489.34338259181,0
2018-11-29,26939.287109375,27003.436755853934,26576.84209504461,26641.290566182128,0
2018-11-30,26862.63671875,27012.384976689787,26764.589031239106,27008.98657872423,0
2018-12-03,26857.23828125,27036.78502024151,26791.33865740646,27032.58585035136,0
2018-12-04,26693.490234375,26843.48848932447,26644.440023765615,26809.188107118447,0
2018-12-05,26519.291015625,26627.039761798507,26443.342680653586,26571.79040471186,0
2018-12-06,26197.99609375,26359.59382371376,26149.145099396028,26338.793284377847,0
2018-12-07,26593.9921875,26659.389866132555,26251.79498644355,26307.095125996835,0
2018-12-10,26102.34765625,26335.89377571295,26071.69762110334,26073.347992587373,0
2018-12-11,26163.095703125,26227.594951986255,25598.65110460109,25601.951847411638,0
2018-12-12,26643.5390625,26672.388335618933,26214.444454487217,26285.943621120347,0
2018-12-13,26816.037109375,26951.135144388518,26723.338970880377,26843.837566653085,0
2018-12-14,26825.6875,26908.686533120854,26732.387805624454,26810.537285864117,0
2018-12-17,27015.486328125,27051.085523134774,26908.2864040288,26915.135933677084,0
2018-12-18,27174.3828125,27209.733963387152,26840.488262717456,26916.98737199635,0
2018-12-19,27298.083984375,27364.032438730577,27213.98534976928,27228.735178807165,0
2018-12-20,27274.783203125,27308.782808706186,27084.18580481095,27128.335683266985,0
2018-12-21,26869.337890625,27368.781300669692,26822.787650770922,27260.932945609595,0
2018-12-24,26714.439453125,26934.53650394168,26676.63911129197,26876.738347701892,0
2018-12-26,26986.486328125,27028.835444037766,26407.84267999701,26633.689657747906,0
2018-12-27,26878.23828125,27239.63251699773,26844.78749829073,27200.334145775483,0
2018-12-28,27124.935546875,27213.133743163642,27039.286149163727,27048.086828389478,0
2018-12-31,27159.8828125,27286.18212239273,27104.68423680043,27267.483121481695,0
2019-01-01,27392.08203125,27430.23197848434,27018.736761010914,27231.083902420785,116400
2019-01-02,27174.3828125,27397.231780247188,27077.28433369587,27296.682169751475,0
2019-01-03,26959.537109375,27205.883863235078,26923.4379184418,27181.284539001797,0
2019-01-04,27194.68359375,27274.182668789643,26925.786331706146,26999.38508477019,0
2019-01-07,27304.234375,27477.482367371922,27279.234664701024,27378.3331257057,0
2019-01-08,27509.1796875,27542.07969504256,27161.632953028737,27301.58249535359,146100
2019-01-09,27720.078125,27754.126557287756,27409.18134877116,27650.92853828813,0
2019-01-10,27528.23046875,27713.2283161553,27487.879375766537,27713.2283161553,0
2019-01-11,27453.58203125,27612.12902082,27382.13168793306,27602.48069520467,0
2019-01-14,27247.93359375,27389.482731314554,27181.88357948063,27388.88117579989,0
2019-01-15,27400.431640625,27447.231878113696,27316.782221903544,27317.23338853654,0
2019-01-16,27483.37890625,27554.428859429034,27402.73140867815,27405.330987755653,0
2019-01-17,27528.4296875,27611.229505316307,27334.832330765417,27568.278833202367,0
2019-01-18,27456.380859375,27576.129470878343,27410.3325651844,27549.731339467213,0
2019-01-21,27533.279296875,27621.877875525257,27388.18137551825,27514.230690354794,0
2019-01-22,27481.9296875,27533.028701296265,27385.08120693143,27526.22995241331,0
2019-01-23,27250.43359375,27564.379167261064,27189.28391313723,27492.780389223324,0
2019-01-24,27266.083984375,27342.032321790935,27142.485809281327,27273.183511364325,0
2019-01-25,27114.986328125,27433.232637415174,27044.885578585017,27261.133070757838,0
2019-01-28,26652.740234375,27133.883065794675,26587.63943040306,27041.13414646731,0
2019-01-29,26573.091796875,26743.53903621842,26441.243718653892,26615.940908642562,0
2019-01-30,26825.1875,26915.936442820264,26693.388254145208,26789.437916464743,0
2019-01-31,27295.1328125,27324.734031861502,26890.739062748205,26968.837766799967,0
2019-02-01,27085.634765625,27532.73113751926,26930.136570895345,27334.233441996195,231600
2019-02-04,27186.283203125,27243.48370927466,26825.238577000524,26973.686068051535,0
2019-02-05,27271.3828125,27347.93270560785,27152.884187336982,27225.734904613168,0
2019-02-06,27402.03125,27428.3317256886,27293.782507644064,27325.881744087117,0
2019-02-07,27386.83203125,27589.42928552474,27322.631605675535,27423.780820487253,0
2019-02-08,27294.083984375,27481.78102724991,27220.934441734953,27302.33388873811,0
2019-02-11,27227.484375,27305.583076802453,27151.235261078782,27240.18344617612,0
2019-02-12,27010.435546875,27286.33272552921,26988.586191868275,27166.58411963199,0
2019-02-14,26970.28515625,27029.68485431945,26817.738106708213,26977.68546059305,0
2019-02-15,26793.939453125,27029.635940107706,26634.941295944005,27016.88608788093,0
2019-02-18,26653.939453125,26829.63662481521,26617.389097725696,26754.287893333447,0
2019-02-19,26684.5390625,26996.13504561192,26625.28975202618,26666.240447328943,0
2019-02-20,26955.1875,26985.18715220456,26732.340474160937,26785.68946504424,0
2019-02-21,27052.0859375,27100.58537374313,26972.686469813467,26994.436216994665,0
2019-02-22,26867.23828125,26997.03559966784,26847.488510964835,26959.73720537039,0
2019-02-25,27158.93359375,27196.782762175673,26932.33662426869,26933.885434349784,0
2019-02-26,26952.63671875,27126.935479108197,26736.289617792627,26853.4894308046,0
2019-02-27,26798.990234375,27189.134150884733,26719.090769625524,27077.785831814785,0
2019-02-28,26789.58984375,26920.187939222375,26762.24055140999,26877.688431879757,0
2019-03-01,27043.5859375,27076.235948482372,26928.587274663238,26940.68674334995,0
2019-03-05,27553.73046875,27580.42937712482,26957.78622473513,27067.835726658137,0
2019-03-06,27625.330078125,27681.32942881902,27491.732017804025,27617.77938442442,0
2019-03-07,27764.27734375,27815.17714357065,27559.680109176796,27660.67893686282,0
2019-03-08,27761.478515625,27811.02676857535,27645.07947620358,27685.829003167833,0
2019-03-11,27966.326171875,28035.274591293324,27790.927814675335,27839.776857734418,0
2019-03-12,28443.369140625,28487.769016000646,28141.923420076557,28167.872337695913,0
2019-03-13,28883.96484375,28927.362776506518,28353.32062482938,28479.969542452975,0
2019-03-14,28922.763671875,29070.011961588152,28819.415262890343,29028.563224264664,0
2019-03-15,29381.107421875,29520.355801968013,28990.512356378174,29006.66255912432,0
2019-03-18,29595.755859375,29811.653742380407,29361.30936368378,29521.25672467061,0
2019-03-19,29767.50390625,29799.403926406027,29547.356072298695,29702.254664018168,0
2019-03-20,29831.8515625,29884.850944852566,29633.15465933608,29769.30346330185,0
2019-03-22,29582.15625,30007.750913888118,29508.356326318448,29920.402319519566,0
2019-03-25,29280.859375,29329.059987442073,29155.911606436886,29329.059987442073,0
2019-03-26,29881.802734375,29949.80194324636,29278.159366766362,29300.059502596858,0
2019-03-27,30019.451171875,30262.198344818404,29789.903063964033,30033.800614135034,0
2019-03-28,30420.197265625,30495.696388243457,29968.751340040388,30064.45139977709,0
2019-04-01,30326.1484375,30647.7443187045,30217.999300617492,30537.245599685037,0
2019-04-02,30353.896484375,30452.545726084954,30155.4984043865,30449.744977453778,0
2019-04-03,30092.951171875,30602.195255655457,30035.90105341331,30440.495962346256,0
2019-04-04,29904.552734375,30245.34760057934,29809.55383878743,30146.95030699995,0
2019-04-05,30084.30078125,30173.6493523061,29849.653117463284,30002.50095059506,0
2019-04-08,29844.953125,30231.698619900333,29716.253452314675,30201.14819452445,0
2019-04-09,30113.5,30164.70057745051,29703.205935275186,29901.15285591639,0
2019-04-10,29803.154296875,30155.400210981537,29767.754316873776,29916.252594360845,0
2019-04-11,29785.75390625,29851.903529121013,29639.905989633247,29841.50325920492,0
2019-04-12,29938.203125,30000.60083790892,29706.655032593455,29780.20495974771,0
2019-04-15,30103.900390625,30162.74931656244,29918.752150205113,29983.151792929726,0
2019-04-16,30530.994140625,30590.593056096885,30227.847279503014,30235.897967019813,0
2019-04-18,30223.048828125,30669.444026162953,30141.848600792528,30656.14339962936,0
2019-04-22,29687.603515625,30289.547678043076,29647.205548547056,30282.147373592372,0
2019-04-23,29479.357421875,29906.153254662935,29455.1077030371,29761.60414938001,0
2019-04-24,29860.453125,29914.50132385812,29434.708081821136,29550.15595644635,0
2019-04-25,29561.005859375,30057.34969701831,29511.6060431955,29926.70277874531,0
2019-04-26,30013.150390625,30047.849205184477,29562.806027104212,29764.502896380218,0
2019-04-30,29764.455078125,29920.05288028914,29549.707572337764,29920.05288028914,0
2019-05-02,29708.25390625,29919.001453864676,29638.455890336725,29699.45518051227,0
2019-05-03,29953.802734375,30121.400398542042,29794.753799112867,29811.30438826987,0
2019-05-06,29618.10546875,29757.055027965776,29528.256902164343,29626.1561565631,0
2019-05-07,29287.859375,29835.153805680322,29243.910666211952,29749.205584236595,0
2019-05-08,28994.0625,29260.95978026098,28951.012220448785,29260.95978026098,0
2019-05-09,28884.263671875,29039.96303289359,28784.315615567655,28893.613172510934,0
2019-05-10,29040.162109375,29202.509829787654,28899.763352329854,28927.26303236318,0
2019-05-13,28659.615234375,29048.71226253891,28620.766077728036,29026.312132953466,0
2019-05-14,28828.86328125,29057.962174102275,28582.26654542191,28718.41534952966,0
2019-05-15,28616.1171875,28982.814104610632,28554.819070613714,28925.11360223142,0
2019-05-16,28854.96484375,28947.262597318968,28525.117121428626,28625.567123836852,0
2019-05-17,29449.80859375,29559.10615335863,28855.66509880275,28881.065194632174,0
2019-05-20,30759.341796875,30827.49139560538,30110.84933232209,30230.049119102063,0
2019-05-21,30308.048828125,30926.340484288467,30264.74854914271,30861.741624237082,0
2019-05-22,30526.4453125,30674.74241376212,30268.247147243626,30410.29627438601,0
2019-05-23,30408.74609375,31704.631419113535,30291.997451006537,30962.440828669667,0
2019-05-24,31212.1875,31275.036377871675,30564.04465316358,30685.142853066543,0
2019-05-27,31647.283203125,31700.382196419105,31142.138673437756,31234.537991999965,232000
2019-05-28,31597.533203125,31712.0318725629,31328.23555131966,31710.932275966054,0
2019-05-29,31295.1875,31546.38380280943,31257.537546423737,31458.88481851641,0
2019-05-30,31536.732421875,31618.881856020267,31235.735926428013,31256.485684835076,0
2019-05-31,31375.03515625,31783.229623239557,30622.694304817083,31678.531623270934,0
2019-06-03,31653.283203125,31674.23217886065,31284.336311143685,31405.686465945793,0
2019-06-04,31588.68359375,31752.33012901935,31512.582915845825,31532.533855810696,0
2019-06-06,30857.041015625,31541.13265776057,30800.442065426872,31523.582080912493,274600
2019-06-07,31066.189453125,31139.237431635367,30626.6945648515,30942.790497742426,0
2019-06-10,31033.638671875,31367.03518072717,30860.9414638579,31258.83526863584,0
2019-06-11,31265.0859375,31398.98477230212,30972.98972210506,31171.887801655557,0
2019-06-12,30965.33984375,31221.938428239206,30911.090473352888,31218.938463055954,0
2019-06-13,30975.740234375,31036.540310233388,30637.894544625287,30876.39177762303,0
2019-06-14,30613.994140625,31032.29006490898,30508.594973822997,30983.089464317683,0
2019-06-17,30272.8984375,30683.694448130736,30249.04910508992,30651.644039085662,0
2019-06-18,30350.646484375,30550.2945495566,30222.497586391608,30299.09630356672,0
2019-06-19,30361.74609375,30698.79295061008,30241.64788273312,30526.144570208733,0
2019-06-20,30780.7421875,30824.192854831643,30220.34830409407,30389.84633590552,0
2019-06-21,30627.994140625,30804.59170040728,30541.145539215577,30804.59170040728,0
2019-06-24,30601.6953125,30783.29281244166,30527.64539141257,30680.592833527797,0
2019-06-25,30846.69140625,30912.889853764384,30451.045625040017,30567.29427070167,0
2019-06-26,31161.98828125,31202.337422770397,30766.293650641095,30808.8419854115,0
2019-06-27,31269.13671875,31490.233759444895,31158.438786075905,31191.737227343427,0
2019-06-28,31104.837890625,31308.536696240844,31060.23879933359,31280.636629715867,0
2019-07-01,31371.833984375,31449.983465175064,31246.08544835342,31270.635943783825,133200
2019-07-02,31282.9375,31430.984608889434,31104.738397508438,31414.285584061203,0
2019-07-03,31381.935546875,31466.78416875089,31238.136439211292,31347.334387075876,224100
2019-07-04,31471.484375,31607.98279090206,31427.686055165355,31470.634775484814,242986000
2019-07-05,31475.435546875,31660.382619537828,31322.88653577184,31522.68499860224,0
2019-07-08,30603.494140625,31370.03601826152,30536.395310623007,31346.48551055772,390500
2019-07-09,30568.794921875,30701.742594645082,30346.346336739865,30533.045337588475,259300
2019-07-10,30521.744140625,30727.991738580884,30428.245229551663,30617.694195026314,184300
2019-07-11,30716.193359375,30787.69252739148,30564.993946896968,30706.642689259163,173600
2019-07-12,30601.09375,30870.590619467606,30547.945929876274,30789.392343933876,156200
2019-07-15,30445.595703125,30695.342803214517,30333.847000682545,30688.493273372063,223000
2019-07-16,30570.4453125,30634.643784759377,30429.546560225466,30532.295365477108,369300
2019-07-17,30735.142578125,30799.341050304905,30567.94530372789,30621.893895104626,367500
2019-07-18,30430.24609375,30768.992158453966,30378.246697839724,30705.444068582696,352000
2019-07-19,29770.00390625,30543.395315894413,29705.405047026983,30514.745257967203,287400
2019-07-22,29284.609375,29634.806482887092,29193.760819909632,29616.70708355306,339800
2019-07-23,29127.76171875,29365.4601332533,29077.813079418946,29342.108841635167,333500
2019-07-24,28951.9140625,29252.060970432918,28870.6650052565,29085.111735718565,244100
2019-07-25,29042.712890625,29240.460589975813,28930.714193647545,28980.71361194105,0
2019-07-26,29324.958984375,29378.757185455408,28994.162058726488,29062.16126616215,383600
2019-07-29,29295.560546875,29592.60592911896,29104.51198188779,29583.106039322625,303500
2019-07-30,28791.265625,29529.958227894724,28737.467420944806,29434.50816325935,301300
2019-07-31,28875.6640625,28979.41285549364,28529.418090701947,28575.116777796546,346500
2019-08-01,28366.919921875,28819.363875976866,28047.023253574902,28660.166509651037,0
2019-08-02,28204.62109375,28544.218705462434,27936.02460915449,28223.9216504625,319900
2019-08-05,27647.728515625,27866.225968789433,27389.180748042392,27840.874701787197,0
2019-08-06,28021.7734375,28148.072748633087,27503.580250489704,27518.179689928045,291000
2019-08-07,27701.728515625,28175.22300726843,27641.528044086896,28053.523251176848,0
2019-08-08,28110.123046875,28227.22325061919,27530.731332265597,27839.776574427422,303600
2019-08-09,28431.5703125,28602.417938408613,28251.422013318144,28293.32191750354,336800
2019-08-13,27728.77734375,28358.520024840254,27683.17826433042,28356.47122052659,0
2019-08-14,28018.873046875,28106.72358669378,27726.327624314843,27885.175384519403,290400
2019-08-16,28216.671875,28250.722260286126,27720.62686214007,27919.97610645488,274000
2019-08-19,28185.771484375,28468.568973434605,28146.172335993964,28330.92018524964,0
2019-08-20,27982.123046875,28215.07150340082,27839.325883256246,28163.22249840052,288200
2019-08-21,27718.728515625,28098.57370881444,27665.87756758478,28020.674223870457,0
2019-08-22,27033.884765625,27689.72869947021,26975.237010304794,27689.72869947021,0
2019-08-23,26958.337890625,27206.985398937795,26560.291723510625,26835.038538656274,0
2019-08-26,27951.025390625,27994.925272032022,26859.03805716454,27663.628333670706,0
2019-08-27,28125.82421875,28277.37128940145,27960.476526892733,28105.974839565915,0
2019-08-28,27803.978515625,28095.225139893166,27634.3300913321,28079.924535986804,0
2019-08-29,27304.8828125,27718.72957938507,27239.63356860171,27694.628296168332,0
2019-08-30,27427.53125,27586.179799144902,27121.63441000907,27407.582262803728,0
2019-09-03,26823.837890625,27246.733354481763,26742.28805943749,27238.88188345207,0
2019-09-04,27123.53515625,27278.382970417304,26641.04074998522,26785.638682983168,0
2019-09-05,26919.38671875,27243.632954661694,26815.089101388297,27086.634777211777,0
2019-09-06,27247.583984375,27310.73364168925,26950.237827863286,26986.186629166168,0
2019-09-09,27504.330078125,27565.229759518796,26993.586026195855,27240.032374857918,0
2019-09-11,27775.876953125,27829.327504847646,27551.330730265316,27638.730106851595,0
2019-09-12,27818.17578125,28061.973721053317,27764.37562703676,27870.475952945428,0
2019-09-13,28098.423828125,28126.52311131815,27573.1291445961,27771.67762105743,0
2019-09-16,27854.67578125,28066.372535923314,27798.526044188435,27867.67562993628,0
2019-09-17,27131.435546875,27851.07759685429,27047.63573686414,27764.777815818077,0
2019-09-18,27172.333984375,27414.129996924068,27088.485351369258,27304.38127488501,0
2019-09-19,26757.33984375,27175.133822939515,26642.690783747083,27175.133822939515,0
2019-09-20,28981.21484375,29418.608211178398,26727.240970824107,26878.338828739175,0
2019-09-23,30565.84375,30800.94257839302,29775.954498601553,30039.051048267083,0
2019-09-24,30182.748046875,30667.74239775961,29889.202637907118,30431.645538392728,0
2019-09-25,29585.70703125,30067.250264427203,29469.757206571205,30028.701884187587,0
2019-09-26,30002.25,30717.991659625717,29626.654767350563,29640.20539069824,0
2019-09-27,29876.302734375,30112.299988187795,29711.003876628773,29974.600418656846,0
2019-09-30,29102.8125,29754.05493891927,28943.113182272336,29674.456253704077,0
2019-10-01,28725.166015625,29526.0570943767,28077.023160886343,29225.810585310144,1187300
2019-10-03,28413.76953125,28768.765407320825,28240.472716285825,28606.36690325275,0
2019-10-04,27731.52734375,28729.96691284713,27653.37786129322,28681.56708467225,0
2019-10-07,27767.228515625,28184.82327840765,27568.02965564602,27909.576472913857,0
2019-10-09,28785.515625,28857.364400748505,27701.729371521193,27901.326665065615,0
2019-10-10,28013.123046875,28552.417548828736,27913.82537492626,28542.616881693182,0
2019-10-11,28042.173828125,28603.718077786474,27736.478165066805,28245.22224762216,0
2019-10-14,28181.62109375,28553.067940785197,28042.92348988763,28238.17121657411,0
2019-10-15,28554.767578125,28694.515953148453,28185.92225763705,28257.52103447047,0
2019-10-16,28538.46875,28759.015012176147,28305.07107484381,28689.11543479885,0
2019-10-17,28989.111328125,29048.71219593056,28487.61717342917,28596.01630057809,0
2019-10-18,29119.912109375,29249.160609650127,28863.764690936558,28954.464810379806,0
2019-10-22,29410.80859375,29689.65496251986,29230.85951314812,29415.908143860725,0
2019-10-23,29459.2578125,29643.456847231733,29213.711833287518,29478.507589157187,0
2019-10-24,29107.611328125,29692.90531509192,28993.86264855669,29604.005956439607,0
2019-10-25,29395.607421875,29451.757159619974,28923.464474208286,29228.310538991373,0
2019-10-29,29872.703125,29997.30128431109,29385.107237103908,29527.255973412714,0
2019-10-30,29987.15234375,30150.75005645383,29752.65506239579,30005.351351509682,0
2019-10-31,30065.900390625,30415.29671843365,29986.80170101768,30168.299590541596,0
2019-11-01,30330.19921875,30408.647528192298,30028.55232456548,30195.80038596474,0
2019-11-04,30332.74609375,30606.694072874474,30226.897717994092,30415.545910002347,0
2019-11-05,30219.498046875,30452.344947395,30090.999541779238,30402.896303912286,0
2019-11-06,30609.244140625,30698.643493044812,30013.301842622954,30224.848214035075,0
2019-11-07,30632.794921875,30820.99195675099,30462.197292147186,30722.243102651384,364800
2019-11-08,30749.04296875,31108.038795840886,30503.69621124581,30570.945429551834,0
2019-11-11,31115.189453125,31204.836849586,30625.445140327854,30664.294298563276,0
2019-11-13,30541.1953125,31198.136885111817,30487.744762735558,31084.38820903183,0
2019-11-14,30749.591796875,30788.841340652827,30337.99697172592,30615.444918648664,0
2019-11-15,31008.0390625,31165.086060599657,30860.339611725954,30912.04018114848,0
2019-11-18,30991.740234375,31203.18895432626,30901.491280886665,31036.44088790875,0
2019-11-19,31235.88671875,31297.686781249668,30973.94054650013,31044.789331885862,0
2019-11-20,31353.484375,31471.28378401357,31205.18727437674,31291.98509140052,0
2019-11-21,31349.583984375,31462.783837429386,31242.63601160887,31412.884028155822,0
2019-11-22,31111.23828125,31393.834608531237,31054.838545655522,31389.235052575805,0
2019-11-25,31555.533203125,31591.23200647545,31049.388702114757,31064.738132880222,0
2019-11-26,31717.98046875,31849.97893252371,31465.48340736468,31692.480765520988,0
2019-11-27,31875.578125,31916.429211913866,31734.130552974955,31832.379409167108,0
2019-11-28,32122.576171875,32156.6773383503,31905.529864358756,31981.32781222473,498300
2019-11-29,31945.728515625,32086.576488856295,31770.4317238143,32073.77780940563,0
2019-12-02,31871.078125,32023.726738247213,31720.230272035475,32007.92809407514,0
2019-12-03,31612.982421875,31936.22866734216,31502.583313545103,31919.728858988845,0
2019-12-04,31978.9296875,32017.378460078122,31443.63511797976,31548.934677299923,516800
2019-12-05,31712.580078125,32126.57525914025,31627.932625937872,32083.42732389064,393300
2019-12-06,31341.185546875,31883.32766652407,31250.286215544977,31796.77984698372,485400
2019-12-09,31316.287109375,31537.2845457178,31121.689757405835,31321.037054273773,494500
2019-12-10,31159.98828125,31412.436525760266,31125.639070185036,31386.036441268017,505400
2019-12-11,31256.38671875,31337.48538554564,30996.040135285613,31151.288330894113,815400
2019-12-12,31665.08203125,31711.081497841336,31351.736055427107,31356.437172788068,529700
2019-12-13,32013.876953125,32104.67667631655,31770.129793428172,31775.180515823813,390500
2019-12-16,31973.828125,32186.57565581556,31897.37979352249,32158.626761445234,306000
2019-12-17,32139.876953125,32212.97571404422,31986.978337191013,32082.028015201402,259900
2019-12-18,32243.875,32293.27481609942,32016.928420664997,32291.874441760934,258800
2019-12-19,32241.07421875,32327.973598637356,32084.67760031879,32281.27492304554,436900
2019-12-20,32384.572265625,32442.97197648331,32199.074424800987,32266.47403090143,535200
2019-12-23,32339.07421875,32502.42388706697,32196.47626292368,32380.624518187746,391500
2019-12-24,32280.375,32389.973336174917,32245.67618434494,32337.425118500745,330800
2019-12-26,31997.328125,32314.224840368428,31962.87930577528,32275.776067533763,339800
2019-12-27,32411.97265625,32444.472278277506,32055.87718828598,32142.126185205132,332400
2019-12-30,32354.5234375,32612.719648081184,32248.124286500504,32486.221121878654,0
2019-12-31,32161.27734375,32345.574034170586,32108.37756672303,32345.574034170586,251400
2020-01-01,32102.52734375,32347.624104982242,32056.826702938524,32237.525775003018,184700
2020-01-02,32443.47265625,32465.072014667105,32121.02718391857,32132.777047399653,253600
2020-01-03,32068.876953125,32329.424703507277,31960.028609947578,32326.573174178196,217600
2020-01-06,31236.787109375,31914.07806066227,31170.18827453894,31910.078107181394,256200
2020-01-07,31399.03515625,31851.078726192707,31200.537465180187,31597.683236195484,294400
2020-01-08,31373.28515625,31451.48346464872,30899.191066075742,30995.139167838955,304500
2020-01-09,32092.02734375,32172.32523846938,31666.782286919773,31747.880953580752,308000
2020-01-10,32097.02734375,32346.823268628286,31953.029017366844,32215.32479696589,444700
2020-01-13,32177.27734375,32322.275662713746,32073.678935441894,32138.727009432834,291400
2020-01-14,32071.27734375,32196.074720256132,31988.827130919875,32196.074720256132,438900
2020-01-15,31824.53125,32000.52920855606,31669.982261402023,31994.37888927014,545700
2020-01-16,31853.529296875,31988.527724142758,31692.03117832876,31810.180192517248,253700
2020-01-17,31590.283203125,31773.181467844508,31445.134499626045,31571.283423967638,308100
2020-01-20,31080.2890625,31923.578086853824,31050.588235915995,31923.578086853824,282200
2020-01-21,30947.19140625,31170.88802731764,30858.241267310616,30978.489870920832,227500
2020-01-22,30701.091796875,31148.68814846171,30613.64359619628,31061.23799468073,200600
2020-01-23,31003.689453125,31086.88770225274,30620.992741334838,30741.84094230153,343800
2020-01-24,31241.38671875,31375.08438283615,30878.691717491834,31039.73867292982,424600
2020-01-27,30837.041015625,31226.686865315703,30808.191742459545,31110.188222991346,309900
2020-01-28,30761.04296875,31048.08846160648,30655.993408102662,30921.64071209118,239600
2020-01-29,30876.640625,31082.48783850742,30835.441885764503,30914.739790936612,268800
2020-01-30,30647.044921875,30909.141491245977,30520.946775086384,30888.891726118825,328900
2020-01-31,30833.2421875,31033.089480226183,30691.445003101442,30950.141223020266,333400
2020-02-03,30022.900390625,30105.450210602416,29612.20595431185,29811.402853462394,337100
2020-02-04,30686.341796875,30776.5907456924,30182.09767010298,30234.948617016908,336600
2020-02-05,31001.58984375,31065.48949364084,30630.494536166516,30761.592625833135,427600
2020-02-06,31303.6875,31470.285175998557,30916.891207545148,31070.38942618873,334000
2020-02-07,31201.5859375,31367.83400186747,31110.68855832164,31366.68557773862,254400
2020-02-10,31057.7890625,31248.437235113066,30956.839065083142,31248.2868462377,239700
2020-02-11,31300.236328125,31505.58355416985,31225.537976349624,31229.836754581534,198900
2020-02-12,31492.53515625,31588.2332651421,31397.786255099472,31440.785756413166,226000
2020-02-13,31229.88671875,31649.081061227276,31180.236905675803,31586.18335538402,303000
2020-02-14,30834.443359375,31436.285992404755,30775.74286793517,31281.487005529423,341400
2020-02-17,30680.341796875,30997.789270529425,30630.143162932367,30873.48993735002,0
2020-02-18,30562.14453125,30692.393016327966,30252.097356163227,30661.143379792942,398900
2020-02-19,30837.83984375,30946.789745955295,30605.79371982141,30904.639846532667,268800
2020-02-20,30942.490234375,31084.939751800248,30702.092635797,30861.94234175644,273100
2020-02-24,30454.74609375,30701.794007292705,30427.646798940885,30665.99364160974,254200
2020-02-25,30432.345703125,30610.343635422072,30329.596896700707,30516.64550511111,215900
2020-02-26,30306.498046875,30514.995628254055,30131.40046867306,30279.597968297232,291000
2020-02-27,30186.6484375,30271.59666691818,29913.802005774014,30269.647470869084,358000
2020-02-28,29146.8125,29563.756885233506,29051.163218209647,29501.2087822107,386900
2020-03-02,28868.064453125,29790.803715213515,28571.36673391965,29700.654373655885,368300
2020-03-03,29176.7109375,29285.008504199363,28749.215916865604,29012.21285353659,367300
2020-03-04,28653.365234375,29273.309180167143,28124.822566957162,29252.608249582732,425800
2020-03-05,28815.015625,29133.96310007072,28535.26886744301,28829.96662358341,1075700
2020-03-06,27801.126953125,28046.87410446856,27161.985924431967,27649.628709265184,1568100
2020-03-09,26462.29296875,27091.28568008766,25923.099998077963,27031.135986467252,1059000
2020-03-11,26487.4921875,26791.137087371084,26233.793971347775,26272.44391167986,723300
2020-03-12,23970.87109375,25222.805725569513,23536.07537852718,25175.607056755332,760600
2020-03-13,25166.15625,25670.451160562076,21351.45065843161,22720.485502228832,783400
2020-03-16,23100.8828125,24073.871542346296,23007.98349793017,24061.32090647064,481900
2020-03-17,22154.892578125,23449.22712556168,22001.74396966281,23347.779087344254,537700
2020-03-18,20579.9609375,22543.789762173208,20267.71455278669,22411.590120947167,875300
2020-03-19,20083.265625,21034.80530162609,18675.43244526885,19428.722482375706,476600
2020-03-20,20317.36328125,20924.307393253992,19264.77591539278,19898.06933028115,501800
2020-03-23,16917.453125,18895.43006083936,16790.854991820008,18311.087265181883,307600
2020-03-24,17107.1015625,17841.19262310343,16116.062322281537,17705.643420375814,391700
2020-03-25,18480.8359375,18739.981362377894,16635.306610931086,16759.754382948584,394600
2020-03-26,19613.671875,20409.111826211585,18364.28604076131,18781.63078772216,482900
2020-03-27,19968.767578125,21462.150586862128,19579.871713963916,20801.357496761237,539400
2020-03-30,18782.181640625,19716.02037388205,18668.481792975384,19254.224971013875,327000
2020-03-31,19143.77734375,19466.0743764478,18792.181823690218,19307.425831022392,309800
2020-04-01,18208.138671875,19154.5280987753,18042.040986707143,19122.178864159454,274900
2020-04-03,17249.099609375,18325.88587921477,17142.999284296187,18324.837063321844,342500
2020-04-07,19062.279296875,19190.32859556985,17953.54213383709,18454.337116881325,435400
2020-04-08,18946.228515625,20323.862858295954,18482.685087280915,18799.181400440273,508400
2020-04-09,19913.3671875,19988.067487499156,19166.676683861075,19552.922175738437,390000
2020-04-13,19487.7734375,19886.819579487754,19293.775692894345,19854.66956263497,288200
2020-04-15,19056.830078125,20183.865853695268,18776.53254308865,20096.116869943762,389900
2020-04-16,19399.775390625,19520.074779056275,18703.23267390261,18956.930908475464,350300
2020-04-17,20681.208984375,20866.308396747238,19729.0716069696,20394.513095904564,475000
2020-04-20,20522.412109375,21121.854368131702,20444.012629029265,21104.454179536497,438600
2020-04-21,19409.123046875,19891.21702877175,19247.72454025316,19811.8195180781,311900
2020-04-22,19701.62109375,19806.11988168701,19051.728241117467,19306.72528345179,349400
2020-04-23,20267.712890625,20356.262639356126,19584.172032808743,19871.11790567653,325400
2020-04-24,19586.421875,19949.91763407937,19515.17270626711,19697.420579973343,305700
2020-04-27,20080.916015625,20224.51394899251,19847.41874089529,19870.56886132298,299900
2020-04-28,20670.859375,20751.05961479694,20260.565315265863,20436.362100300637,367800
2020-04-29,21089.953125,21347.901286937988,20393.41242464617,20440.161879137675,400600
2020-04-30,21534.25,21966.744978987208,21353.402490158416,21588.948583731555,471500
2020-05-04,19743.521484375,20530.21159780997,19643.37225289804,20514.51256076389,328800
2020-05-05,19271.525390625,20222.914692820195,19212.125692302703,20147.06596746109,381300
2020-05-06,19694.322265625,19806.369793648857,18940.780227815238,19302.225252674496,395600
2020-05-07,19491.57421875,19757.020352057087,19331.92568381766,19535.823704411137,300100
2020-05-08,19352.67578125,19969.367842601197,19284.82695933621,19843.769690932753,0
2020-05-11,18950.279296875,19733.170569610615,18900.680265151714,19610.22082966131,342600
2020-05-12,18862.630859375,18993.180126644664,18286.78792805261,18751.182933087013,395400
2020-05-13,19634.720703125,20122.0158130671,19429.67426140093,20017.51702925985,520800
2020-05-14,19068.279296875,19379.875299725758,19024.52980324738,19197.477020244067,333000
2020-05-15,18833.73046875,19118.8775474489,18683.43338629545,19098.578955087978,240600
2020-05-18,17572.994140625,18794.880271749615,17513.994829151274,18794.880271749615,434800
2020-05-19,17486.046875,18175.08965205013,17390.448376135868,18036.94086621736,415500
2020-05-20,17839.9921875,18002.441474167957,17407.49720655918,17486.297073344937,326200
2020-05-21,17734.892578125,18200.486752308134,17658.34464359518,17901.740239775772,347600
2020-05-22,17278.69921875,17952.040988563433,17104.800852783217,17554.045622330887,484800
2020-05-26,17440.146484375,17681.493282789183,17311.04837860278,17537.446132378154,336800
2020-05-27,18710.333984375,18874.031306362074,17560.14613974101,17603.196422166846,538000
2020-05-28,19169.578125,19455.32480602845,18818.73063762285,18924.22941224578,561100
2020-05-29,19297.025390625,19357.82546418735,18729.682384887365,18961.779292750587,581700
2020-06-01,19959.66796875,20225.114096492332,19632.671776482082,19728.670658615785,558100
2020-06-02,20529.9609375,20615.510725815304,19852.320365043834,20120.366082092845,448300
2020-06-03,20940.455078125,21619.298726121142,20821.757243249587,20966.35516678599,616900
2020-06-04,20390.212890625,21141.55574485653,20315.963751192765,20932.107000549568,587900
2020-06-05,21034.255859375,21198.45317231788,20424.813714304582,20516.16226341427,637400
2020-06-08,21187.103515625,21807.14709490662,20911.007113181942,21635.848303336898,748100
2020-06-09,20724.66015625,21568.599592293725,20629.46008790716,21295.25315147304,641200
2020-06-10,21099.853515625,21251.20135978592,20671.30968573177,20760.707080563858,583000
2020-06-11,20524.912109375,21244.202586992422,20458.06327607268,21084.454441567366,747100
2020-06-12,20654.310546875,20747.457900959686,19525.872500086323,19529.073634728295,599200
2020-06-15,19912.66796875,20470.6106751587,19739.968812630083,20456.91161630495,0
2020-06-16,20296.462890625,20638.609297362796,19506.82364753305,20500.411687759282,0
2020-06-17,20201.515625,20627.661071548482,19977.91860976454,20137.21558974951,0
2020-06-18,20956.056640625,21028.104629382113,20030.11625606882,20137.36500660775,0
2020-06-19,21337.8515625,21467.400837773974,20878.00729869282,20969.85584035284,0
2020-06-22,21708.09765625,22077.9937537085,21425.302110366614,21491.301344352316,664600
2020-06-23,22264.642578125,22322.042304092265,21647.550114346443,21858.996884657387,527900
2020-06-24,21426.55078125,22479.288498151713,21336.100664725876,22479.08732862391,684600
2020-06-25,21505.900390625,21703.247705893362,20926.205957533573,21217.804130287415,586200
2020-06-26,21591.80078125,21784.398160642177,21319.852758116805,21734.799125548077,375600
2020-06-29,21358.751953125,21439.801793114035,21026.205033862083,21291.303517677963,328000
2020-06-30,21369.90234375,21650.248699060652,21211.753788802776,21524.050945125884,292700
2020-07-01,21977.34375,22061.342772086675,21281.601849799947,21353.85100867807,386000
2020-07-02,21952.943359375,22344.58918540679,21890.244871369654,22133.542817006255,399000
2020-07-03,21852.146484375,22130.04364603454,21767.747074410534,22101.493196520263,256200
2020-07-06,22198.69140625,22398.989861261733,22170.79329275479,22270.69057006177,290900
2020-07-07,22627.736328125,22674.23578628559,22040.092785072935,22254.041463890368,455800
2020-07-08,22584.388671875,23080.3321433937,22499.239268002217,22700.63732472974,673100
2020-07-09,22906.93359375,22998.03409986365,22673.13747668597,22752.88655192893,356000
2020-07-10,22398.189453125,22834.934387924477,22319.791924849513,22720.68571293686,457100
2020-07-13,22088.994140625,22657.137950374512,21981.39577757429,22612.988071142674,293700
2020-07-14,21391.951171875,21909.445171357875,21222.20314016057,21877.345934184334,338500
2020-07-15,21340.501953125,21935.24504025273,21230.304015237754,21633.998541728593,359100
2020-07-16,21596.8984375,21670.997182426323,21027.604297733174,21452.999725622078,348600
2020-07-17,21966.544921875,22064.74299684485,21550.54976725513,21607.799100432985,294900
2020-07-20,22321.58984375,22520.187141965638,22187.542575588814,22307.041184933794,349700
2020-07-21,22781.734375,22861.63383403246,22597.685739676115,22639.58564176669,316700
2020-07-22,22882.333984375,23211.08016819064,22657.93619862684,23158.731166498565,412700
2020-07-23,23083.6328125,23122.08158556406,22734.636857950034,22854.584686302984,307600
2020-07-24,22661.787109375,22853.7848754642,22416.938395711197,22852.93332287209,436300
2020-07-27,21848.49609375,22667.78735383339,21801.09625396912,22664.33622206476,340900
2020-07-28,22104.94140625,22232.740696962024,21611.14833729094,21939.89450308621,379800
2020-07-29,22076.34375,22346.14140436178,21906.09572313261,22074.744159163864,400400
2020-07-30,21646.59765625,22252.340605773454,21579.899213828976,22194.792447473734,299600
2020-07-31,21639.798828125,21806.69532244181,21374.75113283692,21730.297774441806,397300
2020-08-03,21071.85546875,21543.551175511362,21031.205549099035,21543.551175511362,431000
2020-08-04,21490.25,21576.098610682446,21057.50503420116,21248.002818105677,0
2020-08-05,21509.69921875,21936.245042401344,21448.151105978013,21686.59755334515,338800
2020-08-06,21642.34765625,21926.295522496916,21370.051998101895,21643.998027661917,386600
2020-08-07,21753.748046875,21786.997661776102,21451.052333963653,21619.99959595703,378600
2020-08-10,21899.99609375,22071.693321860406,21794.84692221343,21824.64735796031,261800
2020-08-11,22226.94140625,22277.341212282645,22039.59396993651,22049.94345926676,377900
2020-08-12,22263.7421875,22326.292244424934,21989.944576806232,22135.692889051476,507500
2020-08-13,22196.091796875,22439.68857681969,22139.342456031107,22394.93909659477,289100
2020-08-14,21679.1484375,22334.68964698367,21458.85021653623,22334.68964698367,318800
2020-08-17,21700.59765625,21909.146016165258,21402.90189387382,21906.69487274907,263400
2020-08-18,22170.341796875,22227.491522922344,21629.148871501184,21701.747636646116,0
2020-08-19,22285.640625,22419.0882882589,22233.990836414665,22315.14028114645,0
2020-08-20,21999.193359375,22079.643595581732,21886.444670687124,21989.64464230538,0
2020-08-21,22299.33984375,22343.790497818103,22164.792582969752,22190.440721693878,0
2020-08-24,22832.734375,22897.23362464689,22409.790076579622,22436.58859294363,0
2020-08-25,23091.8828125,23180.03218169062,22857.635526849885,22973.13418850448,0
2020-08-26,23413.927734375,23453.12845171788,23092.882628766394,23175.282063970353,0
2020-08-27,23600.076171875,23703.77614225131,23463.878531151364,23511.176811264428,0
2020-08-28,24523.515625,24611.514601759343,23598.9248135217,23635.025956242305,0
2020-08-31,23754.07421875,25232.30708099636,23385.02966910827,25038.510499633798,0
2020-09-01,23811.72265625,24199.368531823216,23472.876993533042,23893.5224847478,0
2020-09-02,23874.2734375,23925.872447457266,23482.277991250605,23768.723882402894,0
2020-09-03,23530.576171875,24051.320120560216,23451.377873450307,23985.871662355246,0
2020-09-04,23011.232421875,23394.528746096803,22876.634377626615,23118.881560739374,0
2020-09-07,22944.783203125,23108.830118163023,22715.98509007934,23035.98135833776,245300
2020-09-08,22744.13671875,23063.883011943904,22641.137912811075,22970.932917635662,0
2020-09-09,22266.740234375,22554.336488628418,22080.14280186101,22486.436890125722,0
2020-09-10,22465.9375,22678.38619693678,22224.991088174647,22466.28905840449,0
2020-09-11,22479.6875,22668.486083170992,22205.69068999553,22509.687150730417,0
2020-09-14,22100.9921875,22757.03531587552,22027.893430836633,22683.085006645688,0
2020-09-15,22465.388671875,22513.88810686312,22062.09258897001,22202.54212462685,0
2020-09-16,22573.2890625,22659.137676530816,22216.24242091261,22476.040190020816,0
2020-09-17,22320.08984375,22504.18731056223,22266.791635920094,22351.739866025775,0
2020-09-18,22030.794921875,22469.139440441657,21784.6473899373,22439.089008188817,0
2020-09-21,21366.552734375,22098.593064155957,21274.053808206136,21983.145185654234,0
2020-09-22,21138.853515625,21473.099624407423,20958.205228066494,21445.00034215791,0
2020-09-23,21178.25390625,21364.80251978362,20820.758060392913,21350.55268536834,0
2020-09-24,20456.611328125,20955.355518688273,20404.66271447916,20898.55735215565,0
2020-09-25,20982.10546875,21064.0556870802,20430.461496866163,20740.5594511721,0
2020-09-28,21665.248046875,21708.59715212734,21054.85475473773,21151.804799145066,0
2020-09-29,21411.052734375,21811.247316873956,21280.35307665449,21770.64817783966,0
2020-09-30,21451.55078125,21549.09847253771,21128.25376775806,21405.000542504353,0
2020-10-01,22245.7421875,22293.49163411751,21663.89932127444,21684.998686122646,0
2020-10-05,22370.689453125,22768.286398779404,22246.99167073805,22351.840062626747,0
2020-10-06,22853.43359375,22893.233912401694,22520.789022571174,22672.78725589876,0
2020-10-07,22964.533203125,23035.93080871445,22607.537362768773,22836.68313030835,0
2020-10-08,23191.080078125,23450.627842860322,23063.33156284313,23149.980946412114,0
2020-10-09,23846.5234375,23903.821599226518,23132.180183072138,23312.32847850687,0
2020-10-12,23712.525390625,24190.068672696143,23552.32607925991,23955.321398985197,0
2020-10-13,23491.92578125,23774.873659714267,23431.22726900868,23662.775355122896,0
2020-10-14,23874.373046875,23962.420852166502,23149.18029941708,23352.879104964366,0
2020-10-15,23072.1328125,24087.57025475543,22970.682817187208,23920.07219730736,0
2020-10-16,23532.9765625,23645.924468870624,23148.68024651701,23219.57981333631,0
2020-10-19,24266.46875,24320.6673405847,23754.57429226609,23902.623357617496,0
2020-10-20,24311.517578125,24410.616033109203,24039.5695741528,24117.068671371373,0
2020-10-21,24634.763671875,24823.310302556336,24099.568737505873,24443.914333655895,0
2020-10-22,24483.865234375,24690.862823536037,24249.91678722754,24447.064881727692,0
2020-10-23,24478.015625,24763.861904413356,24360.5658213546,24668.911838657623,0
2020-10-26,24075.169921875,24577.01566244529,23867.473112622833,24525.516259891632,0
2020-10-27,24769.212890625,24809.362815856934,23923.921907464544,24287.76925247147,0
2020-10-28,24232.21875,24780.411606177826,24057.66999464115,24737.562494128837,0
2020-10-29,24091.720703125,24338.81744789147,23821.774613877456,24063.22103352351,0
2020-10-30,23900.623046875,24277.067897344463,23612.425219258686,24089.870850836196,0
2020-11-02,24892.2109375,25138.70807503515,24120.319510516925,24367.31664224586,0
2020-11-03,25682.501953125,25760.399484250178,25085.40733810483,25107.70785987765,0
2020-11-04,25771.30078125,25890.699787397694,25141.708472239497,25539.254643789038,0
2020-11-05,26312.79296875,26374.89185444503,25999.747788750446,26174.49575229522,0
2020-11-06,26798.638671875,26853.138040327674,26134.997924749227,26273.795144470034,0
2020-11-09,27533.779296875,27594.678979027358,27068.634317485037,27088.634084818994,0
2020-11-10,28605.66796875,28802.16568796483,27916.576357788083,28039.123763482803,0
2020-11-11,28844.6640625,29030.562288073434,28210.771054468605,28712.815988685,0
2020-11-12,28278.47265625,28672.56769280258,28065.725124833953,28633.41775644797,0
2020-11-13,28465.369140625,28520.22006708579,27702.979543626156,28108.373280270043,0
2020-11-17,29180.9609375,29238.909481376733,28722.565885379576,28791.914687113014,0
2020-11-18,29749.50390625,29784.40389132088,29056.412350922466,29107.562147162953,0
2020-11-19,28902.71484375,29626.854864539335,28819.215814262818,29302.25902795573,0
2020-11-20,29235.66015625,29406.35739076609,28580.568161853378,28935.41364640207,0
2020-11-23,29023.861328125,29491.95744113341,28852.564494207236,29432.45813381375,0
2020-11-24,29736.904296875,29827.454025449042,29206.410464072967,29265.259389306233,0
2020-11-25,29196.060546875,30197.498108836717,29131.961683614292,30021.550938121458,0
2020-11-26,29549.40625,29622.655397888306,28922.763149151455,29370.0587269854,369400
2020-11-27,29608.70703125,29716.504607870942,29368.358259141703,29621.656099664415,0
2020-12-01,29817.50390625,29919.403115459038,29510.65785443768,29844.454765657654,0
2020-12-02,29462.80859375,29885.90329482014,29149.56222770868,29876.352624367086,0
2020-12-03,29448.408203125,29812.653975457895,29379.059398656143,29728.55534218489,0
2020-12-04,30052.05078125,30161.949893367913,29473.157125162048,29573.05635361322,0
2020-12-07,30211.19921875,30353.845996294123,29950.251083483316,30062.249780173854,0
2020-12-08,30261.548828125,30363.44803493948,30024.850406085756,30299.948772639968,0
2020-12-09,30709.04296875,30806.891439268806,30326.34625107367,30334.697716371153,0
2020-12-10,30509.994140625,30609.643370247253,30201.747731971664,30544.993732848412,0
2020-12-11,30604.494140625,30811.44290880662,30328.096960331128,30554.94588799899,0
2020-12-14,30745.54296875,30845.442198030414,30623.89399231389,30734.793093719025,269000
2020-12-15,30690.693359375,30805.490850575672,30345.39659942924,30805.041637057184,279400
2020-12-16,30698.04296875,30931.88985541096,30586.743483376446,30919.98960334236,0
2020-12-17,30846.69140625,30944.838700298882,30643.54338237222,30790.84049443312,0
2020-12-18,30714.29296875,30853.69173719313,30374.146536405133,30841.490707301375,0
2020-12-21,29456.107421875,30607.144846947645,29200.86038365942,30595.44576394912,0
2020-12-22,29625.60546875,29710.805652035484,28976.413782660973,29607.156464066356,0
2020-12-23,29882.953125,29941.05205845595,29445.657431218446,29560.40609624026,0
2020-12-24,30401.845703125,30545.494423388678,30007.451851675145,30071.3007186093,0
2020-12-28,30880.58984375,30928.690846471254,30537.795004923642,30558.493982787855,0
2020-12-29,31322.13671875,31358.985900739826,31002.240038359298,31006.54076972844,0
2020-12-30,31302.6875,31509.884314141207,31006.790543387375,31479.43544876348,0
2020-12-31,31263.6875,31409.135028662735,31087.73837263811,31295.536739289688,0
2021-01-01,31225.486328125,31383.984484137443,31187.887156183515,31296.93666873772,362800
2021-01-04,31212.0859375,31489.233102375565,30893.29081987,31484.78393540996,0
2021-01-05,31721.880859375,31767.28072169168,30935.190795166098,31040.738395056644,0
2021-01-06,31797.53125,31981.929499927828,31547.78414933832,31839.579589981742,0
2021-01-07,31955.62890625,32177.0267258304,31911.129423012793,32129.427669212862,0
2021-01-08,32083.826171875,32297.67524789695,32002.577116578603,32297.67524789695,0
2021-01-11,31998.529296875,32288.074767079597,31836.5800031604,32279.926424077665,0
2021-01-12,32338.625,32397.573535180407,31725.481719409214,31834.681624997706,0
2021-01-13,32574.271484375,32683.119827618306,32147.87605361207,32546.22102940989,0
2021-01-14,32519.37109375,32718.56799151571,32441.971604961323,32526.32023153067,0
2021-01-15,32246.42578125,32544.422315789947,32043.976963691945,32508.522342652763,0
2021-01-18,31811.380859375,32441.123551813846,31650.533116484094,32274.77587274443,396800
2021-01-19,32424.47265625,32464.571799449423,31863.578786338516,32082.52741280993,354800
2021-01-20,32543.3203125,32607.069570258827,32322.524055135484,32388.57211425406,0
2021-01-21,32186.525390625,32841.91814537505,31985.178127114392,32732.419421126968,0
2021-01-22,31166.888671875,32131.02788491286,31119.539611433433,32087.627997437212,0
2021-01-25,31198.037109375,31697.18168777964,31013.2892606459,31506.783514219973,0
2021-01-27,30284.19921875,31286.687581086666,30165.300208397035,31235.887389564734,0
2021-01-28,30357.947265625,30464.04563949377,29687.35351213026,29811.953623672922,0
2021-01-29,30565.14453125,31111.587394938877,30254.198928757876,30700.2933501114,0
2021-02-01,33088.66796875,33304.9154669193,30906.091657115194,30975.991239051436,0
2021-02-02,34267.5,34652.0970906855,33582.75796168107,33588.66023680371,672200
2021-02-03,34758.046875,34907.646705798645,34011.50473539103,34555.20156679741,605200
2021-02-04,35344.390625,35412.73748811444,34238.50111461582,34548.497517242664,0
2021-02-05,35654.0859375,36614.77399946698,35544.58720914436,35634.53538329695,0
2021-02-08,35983.23046875,36466.02564201838,35871.83332520066,36073.43254599389,0
2021-02-09,36056.08203125,36476.725592572286,35636.43845833566,36058.38278582923,0
2021-02-10,35782.6875,36226.780017394565,35427.73848232362,36041.93450010065,0
2021-02-11,35751.6875,36009.03217578146,35572.88878952893,35686.83668857753,0
2021-02-12,36108.48046875,36322.380336531496,35699.83676144904,35736.1879031714,0
2021-02-15,37305.81640625,37449.46317418887,36404.67844239263,36500.9741981774,0
2021-02-16,37097.96875,37708.31324318035,36762.324200105504,37492.16730919224,0
2021-02-17,36910.51953125,37331.01463612816,36763.82202025398,37041.51800625366,0
2021-02-18,36586.57421875,37108.31814688384,36367.025992522445,37088.31837963386,0
2021-02-19,35841.18359375,36655.77175052594,35584.18659076922,36371.1266324689,0
2021-02-22,35256.7890625,36128.478140544255,35097.142482232164,35873.8834460956,0
2021-02-23,35116.54296875,35680.4387890026,34975.59538056932,35540.13963082048,0
2021-02-24,36451.87890625,36567.22522754195,35060.242668570674,35204.99099332919,272900
2021-02-25,36548.57421875,37231.76547850201,36493.57485947803,36762.72016150625,455900
2021-02-26,34803.1953125,35902.47935580054,34658.29466014326,35806.23047929238,0
2021-03-01,35295.58984375,35580.688093234705,34983.343472243,35373.83893444791,0
2021-03-02,35419.2890625,35746.63683430464,35002.04389420945,35457.737836012246,0
2021-03-03,36367.62890625,36454.72555215375,35570.13815737304,35754.034461622796,0
2021-03-04,35802.08203125,36315.97446935087,35518.8353379925,35575.23311708082,0
2021-03-05,35227.73828125,35615.636108708975,34892.84374292419,35458.08716179999,0
2021-03-08,35275.33984375,35826.88421203925,35090.34199477177,35462.03689172117,0
2021-03-09,35865.23046875,36077.380340132884,35544.5349873436,35705.48233043411,0
2021-03-10,35937.8828125,36176.47769381735,35763.93561680996,36111.83000819003,0
2021-03-12,35496.234375,36496.92582696449,35187.64031849033,36496.92582696449,0
2021-03-15,35182.140625,35543.83562708032,34430.24704688634,35543.83562708032,0
2021-03-16,34804.1953125,35404.63752262228,34744.19601283843,35351.587360597296,0
2021-03-17,34228.8515625,35100.09142092015,34126.45431694482,34904.64447725062,0
2021-03-18,33856.40625,34759.446508053916,33597.15927102456,34577.09707048563,0
2021-03-19,34161.203125,34354.997739686114,33360.61090016775,33590.00666212164,0
2021-03-22,33603.05859375,34148.501471897885,33388.7603036503,34088.0021751832,0
2021-03-23,34184.0,34359.65029642772,33621.60811755545,33747.55586829975,0
2021-03-24,33292.86328125,33970.25385040801,33203.01276242353,33894.30551384845,0
2021-03-25,33006.06640625,33549.75931911548,32414.874044294847,33420.362382393076,0
2021-03-26,33317.8125,33610.25832434097,33165.716609121984,33604.660733062025,0
2021-03-30,33874.70703125,33990.40490249239,33564.15986687441,33615.50692509653,374200
2021-03-31,33303.51171875,33772.709395449514,33151.415828630044,33764.408710586664,0
2021-04-01,33857.60546875,33948.75284414039,33208.36303415298,33587.608614932215,0
2021-04-05,32678.470703125,33697.359279756216,32329.775527488968,33648.758280783884,0
2021-04-06,32500.97265625,33007.26561228268,32338.025327397434,32915.26667930568,0
2021-04-07,32990.81640625,33191.314079753596,32141.177827622974,32529.321761252937,0
2021-04-08,32782.46875,33306.41185048082,32704.36809950896,33153.81206994251,0
2021-04-09,32447.673828125,32971.765395865994,32329.573637625843,32636.521243610114,0
2021-04-12,30791.642578125,31697.682842280657,30519.94651315664,31637.533149858613,0
2021-04-13,31771.23046875,31885.078755355087,30722.492653727626,30901.44174644551,0
2021-04-15,32112.4765625,32186.6768723987,31406.035550392407,31928.728697077408,0
2021-04-16,31977.078125,32324.775261852352,31911.530057559827,32161.07598970617,0
2021-04-19,31208.037109375,31303.936383671917,30405.29645378291,30993.088439638188,0
2021-04-20,31112.337890625,31731.281874294797,30890.641246584524,31568.582591954004,0
2021-04-22,31782.23046875,31834.130256575267,30554.89511448967,30763.14269575942,368400
2021-04-23,31721.931640625,32148.0262916372,31376.785266386825,31490.23316497043,0
2021-04-26,32274.775390625,32603.320401391782,32144.427295762027,32316.27490844289,0
2021-04-27,32734.96875,32806.71986832701,32152.575135311457,32228.574251089572,0
2021-04-28,33722.41015625,33777.30795783894,32839.9203786086,32865.119305465734,0
2021-04-29,33714.109375,34286.602741865514,33304.215686690324,33901.20876969244,0
2021-04-30,32781.41796875,33454.85932323468,32663.018960756475,33112.0117644154,0
2021-05-03,32465.373046875,32566.221485305992,31906.180320871754,32368.174956685074,351000
2021-05-04,32269.974609375,33011.167168066604,32191.026308060274,32610.02143903958,786800
2021-05-05,32783.31640625,32861.76470895507,32068.17631947819,32576.719209321273,0
2021-05-06,32827.41796875,32955.96725093991,32563.6202637413,32900.36633682246,0
2021-05-07,32904.1171875,33258.761499003405,32770.97029905518,33041.26402940863,0
2021-05-10,33142.01171875,33297.213032777916,33027.76305186466,33174.91367858231,0
2021-05-11,32871.81640625,33153.91468354223,32611.319439897234,32640.569099266977,0
2021-05-12,32451.923828125,32747.31883439327,32351.924989685554,32717.270355303604,0
2021-05-14,32169.177734375,32622.27208948349,32115.127579912587,32494.773568008226,0
2021-05-17,33458.859375,33506.507256221215,32318.321909280054,32437.470908866064,0
2021-05-18,33922.00390625,34142.45446729076,33730.05691994725,33892.707371984536,0
2021-05-19,33684.80859375,33958.90697767527,33607.86026732925,33716.7105675496,0
2021-05-20,33334.1640625,33833.306709309705,33273.56320304714,33692.15990929231,0
2021-05-21,34606.49609375,34694.04585712463,33559.35983051722,33559.41061117683,0
2021-05-24,34943.1953125,35215.69214444862,34527.89935948564,34868.895395061714,0
2021-05-25,34661.59765625,35125.44383453163,34409.99901424842,35094.59263014522,0
2021-05-26,34683.796875,34897.54439545662,34462.10022800593,34756.74524752426,0
2021-05-27,35094.64453125,35220.39307560493,34529.29951309363,34663.79795616114,0
2021-05-28,35141.0390625,35436.23483580858,34976.79097955708,35345.2358979224,0
2021-05-31,35526.234375,35583.886046812884,34929.69445274396,35097.040158559794,0
2021-06-01,35336.7890625,35713.48390893011,35240.79017676488,35639.336332065526,0
2021-06-02,35373.33984375,35415.440918085216,35069.89414347326,35271.19259065426,0
2021-06-03,35648.5859375,35723.2842886199,35412.588678635795,35536.03646352532,0
2021-06-04,35291.23828125,35810.48224657488,35175.73962358024,35657.4371502714,0
2021-06-07,35443.23828125,35545.440223548656,35338.141841197044,35460.39042651194,0
2021-06-08,35084.89453125,35449.08953296525,34962.24360768205,35433.39049599529,0
2021-06-09,34800.09375,35402.03594178573,34640.7948283768,35113.84008738201,0
2021-06-10,35130.7890625,35165.237879055865,34733.99291389346,34903.194063449395,0
2021-06-11,35046.9921875,35343.59031195923,34890.896340647436,35324.238973771804,0
2021-06-14,34950.1953125,34994.741669707255,34373.95201056962,34936.14469456993,0
2021-06-15,35247.33984375,35316.98747079424,34917.49211952847,35037.643065140015,0
2021-06-16,35003.09375,35379.58938034768,34915.79398196132,35195.84151294692,0
2021-06-17,34604.99609375,34881.9928731768,34457.7009313145,34619.39827004945,0
2021-06-18,34557.59765625,34786.99342296385,33908.554431615696,34734.74403128786,0
2021-06-21,34870.89453125,34927.241531050866,33937.10462876159,34109.051844306414,0
2021-06-22,34744.59765625,35281.48987651786,34663.95015265113,35084.49215775887,0
2021-06-23,34573.59765625,34937.24186190885,34525.04743999403,34911.445287111645,0
2021-06-24,34826.59375,34934.893267943015,34591.948049627164,34687.2945936658,0
2021-06-25,35364.23828125,35491.53758607613,34915.44661135881,34916.243477116725,0
2021-06-28,35359.0390625,35576.53653958219,35236.04048925352,35487.78756904865,0
2021-06-29,35009.89453125,35337.03917260859,34913.294089688236,35320.039369871956,0
2021-06-30,34771.796875,35214.49097134567,34730.047358082804,35001.493435935794,0
2021-07-01,34683.59765625,34917.24338336514,34650.54725839797,34865.59554500094,164000
2021-07-02,34809.4921875,34894.041981997485,34632.19738164868,34727.696267112966,165600
2021-07-05,35211.58984375,35233.89036523615,34925.99160799276,35010.54140437875,0
2021-07-06,35578.734375,35807.03249933446,35165.141532110836,35173.192219667566,0
2021-07-07,35770.88671875,35795.33565449367,35427.238352869004,35550.19005465326,0
2021-07-08,35273.69140625,35810.58360086245,35134.23990276744,35602.836016514644,0
2021-07-09,35071.54296875,35224.791193604506,34859.494643754406,35163.342686641154,0
2021-07-12,35198.48828125,35393.88834806816,35059.94302067174,35284.639621107155,0
2021-07-13,35672.984375,35727.436867960496,35340.289017902556,35479.63896294364,0
2021-07-14,35667.8359375,35803.63514227762,35434.33864813463,35585.438456539865,0
2021-07-15,35907.23046875,35984.83112795977,35625.28453191813,35757.03299833447,0
2021-07-16,35751.38671875,35977.532537092775,35674.33682987013,35977.532537092775,0
2021-07-19,35078.79296875,35346.6414292779,34898.79505331868,35070.09385074511,0
2021-07-20,34415.05078125,34893.74445796221,34356.95379761318,34790.74565042268,0
2021-07-22,34676.8984375,34988.69560107813,34557.45060466083,34774.147309155844,0
2021-07-23,35033.9921875,35087.59312844987,34404.35105124361,34747.948629427025,0
2021-07-26,34949.29296875,35137.790777654605,34669.147787652924,34947.44533397688,0
2021-07-27,34797.04296875,35185.690775098024,34713.14551073962,35028.8918244511,0
2021-07-28,34532.49609375,34841.144841383044,34114.80174162509,34839.04330336841,0
2021-07-29,34691.09765625,34777.74508882207,34494.799151649684,34739.89787152017,0
2021-07-30,34583.94921875,34738.34586002588,34444.99771028808,34698.346325373626,0
2021-08-02,34709.59765625,34861.3458972277,34587.8490675249,34760.495503756676,0
2021-08-03,35207.0390625,35238.03870135928,34648.79556594548,34660.346212632336,0
2021-08-04,36027.6328125,36219.38058796922,35312.59032669965,35387.73789238733,0
2021-08-05,35834.33203125,36115.027975985206,35660.88483557406,36093.52822675654,0
2021-08-06,35808.83203125,36079.680432346475,35700.03251993239,35875.38203571336,0
2021-08-09,36028.53125,36159.43207516314,35611.88764600279,35823.78362528719,0
2021-08-10,36033.68359375,36316.57874983875,35890.08369692121,35954.133735229836,201200
2021-08-11,35805.98046875,36227.127896380916,35530.93680437725,36217.8272236991,200200
2021-08-12,35936.6328125,35997.72975814881,35702.483192077605,35824.981767331534,122300
2021-08-13,36168.9296875,36232.87816035395,35936.68239643628,36000.3300915485,125800
2021-08-16,36094.08203125,36261.13087807769,36031.981187876525,36100.23039755204,87300
2021-08-17,35867.03125,35993.27977878987,35611.43657226771,35934.63202472888,118300
2021-08-18,35554.0859375,36248.47628813749,35431.58736411706,36222.07815806983,140500
2021-08-20,35033.4453125,35306.090588388506,34926.094994840925,35146.092443736896,181200
2021-08-23,35123.98828125,35426.984743044384,34817.09342747863,35423.785561652454,174200
2021-08-24,35711.6875,35794.88575410006,35069.59338232029,35200.34186634477,173600
2021-08-25,35585.8359375,35909.88294826908,35499.23538264929,35768.43537534625,144300
2021-08-26,35617.13671875,35785.384762803726,35411.38911064269,35485.53668614947,136400
2021-08-27,35627.38671875,35727.48321167572,35358.839058568534,35559.33672837892,120900
2021-08-30,36347.2265625,36398.02675412232,35721.48382537098,35780.63548255951,150400
2021-08-31,36424.1796875,36552.37742142812,36215.779757496064,36366.97722503486,210300
2021-09-01,36573.875,36997.26850848941,36486.72367083765,36591.02323786575,181500
2021-09-02,36830.87109375,36895.120344185874,36468.574539234156,36587.97158378807,118900
2021-09-03,36760.72265625,37139.56983075075,36562.77573022124,36883.22123740958,155600
2021-09-06,36591.92578125,36923.218801346135,36554.02387852406,36877.82089209323,88600
2021-09-07,36468.375,36685.42324713451,36151.527136811506,36558.424729887374,124500
2021-09-08,36767.7734375,36855.47164067992,36393.18011914693,36519.2763151672,175800
2021-09-09,36682.7734375,36856.77141788505,36566.274789713454,36725.07372776557,83600
2021-09-13,36471.375,36724.422827069626,36326.62668984899,36608.021842230744,82200
2021-09-14,36612.625,36755.57255636198,36529.223626154264,36639.52312469213,109300
2021-09-15,36851.8203125,36949.268395017854,36495.6252469388,36543.124693101345,177900
2021-09-16,37668.1640625,37719.71033881152,36907.32133687063,36945.570892618,423100
2021-09-17,37811.5078125,38112.30508228477,37395.614230083476,37929.05722149465,335100
2021-09-20,37145.265625,37802.308736637686,37068.01652672262,37387.76279434971,152000
2021-09-21,37235.41796875,37340.264404099,36525.52389147455,37237.964814092855,154000
2021-09-22,36944.21875,37328.16740940443,36885.1725617491,37276.668008379034,106400
2021-09-23,37771.26171875,37830.311816029796,37215.71737230362,37240.81864405859,139100
2021-09-24,37829.859375,38112.156862347314,37679.56034746866,37953.55715041999,138400
2021-09-27,38170.8046875,38354.75176026614,37967.75627507604,38054.30604660945,113000
2021-09-28,37944.55859375,38376.80356547614,37314.76513884078,38359.553766141784,201000
2021-09-29,37742.5625,37923.00962706325,37370.61759271923,37600.665707323315,260500
2021-09-30,37424.66796875,37884.41264225206,37353.81722711069,37677.36425981785,235100
2021-10-01,37225.46484375,37298.96398764868,36875.922040145095,37139.96583962296,189200
2021-10-04,37579.2109375,37670.2606587423,37355.166670840204,37391.71312036369,146400
2021-10-05,37740.5625,37786.163533879044,37364.31686155309,37499.366077271785,153100
2021-10-06,37521.11328125,38106.40723791289,37451.56331095973,37768.36039832345,204200
2021-10-07,37752.76171875,37923.20896226254,37649.81369301898,37893.56086834115,136400
2021-10-08,37774.8125,38104.757897391224,37673.91523107112,37905.95941858374,168200
2021-10-11,38293.35546875,38494.85312553865,37744.209511005,37782.310630428,136100
2021-10-12,38521.05078125,38609.151316352996,38144.15673895385,38177.90634537798,201300
2021-10-13,38635.30078125,38778.599896338535,38502.25154698448,38734.850405020785,205900
2021-10-14,39340.44140625,39374.59335324525,38672.55072786252,38684.19903004025,249600
2021-10-18,39684.33984375,39947.1375725786,39569.091182374505,39793.78779125135,580000
2021-10-19,39540.0390625,40010.68201348581,39393.79076738763,39926.8353346774,274900
2021-10-20,39517.73828125,39774.08685368338,39292.34247278154,39544.98796340791,236900
2021-10-21,40029.734375,40199.98239800138,39427.64371050467,39676.09004418118,271300
2021-10-22,40323.1796875,40586.87974703235,40149.08405508166,40192.181210334675,370500
2021-10-25,41191.91796875,41829.113661403244,40507.62907539896,40960.77222736883,476800
2021-10-26,41237.8203125,41366.76802885856,40828.67273579693,41057.27163485288,437100
2021-10-27,40873.875,41346.51792679433,40749.52488734053,41234.07001911297,322800
2021-10-28,39508.48828125,40930.57325257377,39349.740133332365,40914.67109435102,512700
2021-10-29,39115.1484375,39774.78923346603,38426.20329350687,39424.09407730428,341300
2021-11-01,39763.2890625,39862.13947912236,39120.1949547704,39431.69134389287,203200
2021-11-02,39937.984375,40107.13474998528,39590.238422463466,39796.435241260035,265000
2021-11-03,39401.59375,40159.73339360422,39304.39565868067,40040.18399904455,267500
2021-11-04,39573.23828125,39734.23640599095,39513.688193621994,39668.63951379436,38800
2021-11-08,39437.79296875,39673.59101741613,38931.69727122194,39673.59101741613,212900
2021-11-09,39368.34375,39560.14230464037,39222.94309422153,39517.392800923866,203500
2021-11-10,39022.796875,39219.84536816187,38873.34939160462,39205.743969404524,167900
2021-11-11,38559.75,38929.4956924851,38345.60405728725,38912.597451848575,146000
2021-11-12,38732.90234375,38822.401305753636,38467.35464228487,38706.69952264663,136000
2021-11-15,38701.90234375,39116.69440419672,38606.153455121625,38848.99829263539,112300
2021-11-16,38306.65625,38724.249051759616,38210.65736598107,38710.448430940975,129100
2021-11-17,38041.109375,38455.85456254524,37980.75851277526,38112.9561975825,139300
2021-11-18,37975.80859375,38233.504817205685,37748.010460278245,38071.455919507316,238700
2021-11-22,37128.37109375,38240.5574411416,36654.9742286329,38231.70598107975,209500
2021-11-23,37272.3671875,37448.31435943624,36647.124461020816,36786.57205756083,188700
2021-11-24,37441.515625,37891.459633146034,37237.619548730916,37384.317068641365,157600
2021-11-25,37364.31640625,37507.51396326571,37117.9677025005,37361.617218822685,140800
2021-11-26,36025.08203125,36868.47068362028,35903.6850022177,36830.47112449723,211400
2021-11-29,35976.03125,36347.429278855765,35327.48800351136,36224.02836877486,187200
2021-11-30,35694.88671875,36773.77264111847,35525.93945979679,35958.38366217206,227300
2021-12-01,36364.4765625,36444.92875415044,35804.58462047128,35902.48192223586,173900
2021-12-02,36507.82421875,36563.07357439115,36166.27742087139,36281.42842164524,131700
2021-12-03,36196.7265625,36843.57058599445,36062.43125271982,36496.875407997366,138900
2021-12-06,35735.484375,36344.12966645463,35696.3363911027,36252.32994887625,136000
2021-12-07,36617.97265625,36820.27108524313,36013.530465746866,36086.529616937725,146700
2021-12-08,37284.265625,37384.36602339213,36904.71925764766,37052.31910364957,165000
2021-12-09,37082.01953125,37397.11744255636,36884.02182554627,37331.317423763365,123200
2021-12-10,37105.21875,37152.819761268656,36823.97200690601,37082.71901055248,170900
2021-12-13,36924.8203125,37580.61346240294,36861.46948720217,37357.76449315635,157300
2021-12-14,36893.51953125,37038.619403816316,36544.97280941671,36778.52087060411,132200
2021-12-15,36789.125,37083.07081674962,36742.77397394651,36929.07259905767,105800
2021-12-16,36548.22265625,37158.8678860757,36385.32611646998,37092.51709655233,112700
2021-12-17,35618.234375,36550.32510193155,35534.63769056269,36491.37656845912,152100
2021-12-20,34439.453125,35230.693970963104,34018.05565648867,35123.94520596271,200100
2021-12-21,34607.44921875,35049.59251592339,34389.54940828774,34862.94624835966,159600
2021-12-22,35029.09375,35111.694354539286,34687.19927762198,34864.845654867684,128600
2021-12-23,35190.73828125,35476.88728986667,35045.84153255535,35350.08798649207,114200
2021-12-24,34856.64453125,35327.53748054931,34582.99537684798,35281.788013753845,132500
2021-12-27,35057.4921875,35143.291974492815,34232.60330890128,34573.24779897619,335100
2021-12-28,35183.390625,35351.98631581759,35037.4899821111,35307.889173637384,181600
2021-12-29,35044.9921875,35377.890672210495,34890.39632336253,35168.44388141819,122500
2021-12-30,35063.1953125,35178.643193645104,34750.847368932926,34977.24318336054,328000
2021-12-31,35481.28515625,35596.53381131151,35113.34023137478,35113.988661307674,210300
2022-01-03,36421.4765625,36491.67887433692,35526.1900577274,35584.78703524051,219000
2022-01-04,36839.71875,36887.37053795375,36373.97418230583,36550.823682085975,190500
2022-01-05,37695.4609375,37861.9590050948,36755.92496691599,36943.1220130249,237400
2022-01-06,37489.8125,37752.05943962096,37058.01675773592,37242.116171825764,199000
2022-01-07,37739.1640625,38134.40948052595,37427.36689583087,37666.61412230199,183300
2022-01-10,38347.453125,38399.90564089146,37928.91111034862,37930.11031517277,206500
2022-01-11,38441.75390625,38504.15552713439,38031.309442123085,38369.55552385211,159500
2022-01-12,38727.1015625,38850.9985628448,38604.15376989478,38719.15243595666,156100
2022-01-13,38469.50390625,38717.10260261493,38375.704210799726,38717.10260261493,159200
2022-01-14,38369.953125,38447.60456754593,38007.3088962622,38301.9070397266,148600
2022-01-17,38215.703125,38617.0500107632,38137.80559520916,38212.10551067158,140300
2022-01-18,38209.85546875,38855.09794884346,38094.95446410095,38336.9516437718,168800
2022-01-19,38040.91015625,38330.055238666064,37768.81175103346,38145.307382380764,165300
2022-01-20,37850.41015625,38167.5041145941,37591.41317663697,38105.657179594506,149600
2022-01-21,37573.86328125,37740.56055902154,37223.816575850076,37521.91466737574,157800
2022-01-24,36947.12109375,37694.26084216676,36374.928529483084,37601.511920817844,231000
2022-01-25,37706.3125,37788.36232923964,36415.17904330427,36597.62614515124,267500
2022-01-27,37981.66015625,38147.20510735895,37011.819864809884,37057.76854956436,346300
2022-01-28,37688.9609375,38421.253218174104,37581.06375248925,38246.157594464494,294300
2022-01-31,37974.91015625,38216.8057820451,37647.413962944105,38091.35802145327,217800
2022-02-01,38505.05078125,38802.246532769044,37690.16185064272,38460.00052557831,234100
2022-02-02,39330.04296875,39386.143879334384,38752.19812104442,38841.09943172468,252600
2022-02-03,39009.546875,39424.39361874547,38860.6970415019,39255.243239803356,193800
2022-02-04,38788.90234375,39278.146677754965,38562.15496973748,39127.54685936882,163100
2022-02-07,37995.0078125,38837.099592015446,37802.26005174329,38591.602444073695,241900
2022-02-08,38028.0078125,38221.65790847612,37318.61760917495,38175.65844241026,200200
2022-02-09,38609.80078125,38647.69877781298,38191.55564746408,38283.156144207205,124900
2022-02-10,39010.49609375,39196.743930395016,38519.552577536575,38800.99852716137,147800
2022-02-11,38516.80078125,38789.79759730725,38395.95062821687,38567.19863096341,155000
2022-02-14,36908.12109375,37796.110755698464,36827.62203092697,37663.56151759803,213800
2022-02-15,38169.65625,38231.15553250862,36651.423962703804,36989.3692387603,193000
2022-02-16,37953.359375,38461.25190559371,37762.36159634785,38296.054608126055,170100
2022-02-17,37531.2109375,38124.05558923084,37425.16529867026,38041.65811223532,136300
2022-02-18,37598.7109375,37817.11073994177,37304.01514784118,37344.014682405104,113500
2022-02-21,37685.1640625,38053.95665606025,37156.369420208444,37399.565815608046,143300
2022-02-22,37371.21484375,37658.96150521379,36817.67439111764,36832.57265576282,159400
2022-02-23,37391.6171875,37774.16353273688,37317.567264934005,37628.11444507428,137300
2022-02-24,35227.69140625,36708.721037611955,34990.94416269976,36084.779083422356,427800
2022-02-25,36430.328125,36684.2236223079,35767.785016213806,35901.283470258466,372800
2022-02-28,36204.87890625,36269.827368192266,35611.4834770017,35938.53044735812,238300
2022-03-02,35372.390625,35553.28696493851,34897.044574317275,35381.48817576046,211300
2022-03-03,34943.89453125,35803.73219121727,34720.744781789705,35620.73431871012,172500
2022-03-04,34407.40234375,35097.34357298496,34093.70675759289,34525.70175509357,194500
2022-03-07,32870.8671875,33542.910142170855,32376.122949267025,33277.76088633603,248900
2022-03-08,33157.71484375,33263.16283265908,32154.974585594362,32531.520975180167,276800
2022-03-09,33815.0546875,33969.10367141036,32948.514016462075,33278.510166289576,258500
2022-03-10,34475.19921875,35373.73560735664,34217.65144321832,35153.53895841762,273900
2022-03-11,34545.84765625,34879.64454988099,34093.903701137686,34330.60016316442,169500
2022-03-14,35311.73828125,35434.68997812979,34624.648605749135,34659.84741565458,193300
2022-03-15,35022.2421875,35643.387326108445,34705.648203667806,35467.53780342269,224200
2022-03-16,35747.8359375,35805.93682702501,35461.140039511025,35555.33816717645,173800
2022-03-17,36428.12890625,36611.52521983307,36261.2284953775,36301.57959057054,182000
2022-03-21,36018.08203125,36599.77449979954,35899.78262279536,36545.42747421494,128700
2022-03-22,36348.12890625,36468.377510583116,35384.33931123565,35975.1840160894,202900
2022-03-23,36146.9296875,36827.17174831618,36064.329089041144,36627.27173762234,197900
2022-03-24,35526.6875,35957.28013770544,35421.286384696905,35633.28391387192,205200
2022-03-25,35409.69140625,35716.98472182124,35203.44379524983,35699.98491873274,157000
2022-03-28,35710.0859375,35770.3860195637,35015.89476797541,35488.28772802542,197000
2022-03-29,35846.98046875,35976.77973656604,35506.13678667037,35931.331047738815,177100
2022-03-30,36333.87890625,36420.67867966226,36070.13196863262,36241.1299831637,325600
2022-03-31,36373.1796875,36590.42716775107,36277.727669602005,36456.77637415228,188100
2022-04-01,37148.06640625,37209.36647200313,36241.92854522817,36297.9278916015,245700
2022-04-04,38634.75,38765.40082463055,37665.11283678531,37824.50942092961,309200
2022-04-05,38067.45703125,38758.80057736577,37935.50934248227,38730.851682693545,220600
2022-04-06,37632.36328125,37868.05975987952,37513.41544534375,37710.862368648515,198800
2022-04-07,37556.9140625,37975.45606190973,37346.36573392472,37421.31407960242,245000
2022-04-08,37751.61328125,37883.76018731157,37404.76573833451,37619.2632525424,202200
2022-04-11,37613.36328125,37941.30868550159,37524.01275803101,37591.31275648078,132100
2022-04-12,37746.9609375,37920.162055040666,37264.01731622934,37406.964878168925,171000
2022-04-13,37462.96484375,37988.161890155905,37407.76626386453,37886.86228134054,143300
2022-04-18,36728.57421875,36965.42303554621,36440.929115817,36832.72144890834,182900
2022-04-19,36341.1796875,37123.119828916795,35925.88372730932,36806.37350593983,216300
2022-04-20,36314.4765625,36513.427376235115,36113.63123952391,36482.17773927052,153400
2022-04-21,36815.671875,36912.920739977344,36395.27443784316,36512.675411368786,132700
2022-04-22,36044.33203125,36578.52505551732,35991.08264872788,36513.72502568608,140100
2022-04-25,36081.93359375,36269.72829335894,35510.98708252526,35791.93695303597,183100
2022-04-26,36404.37890625,36604.126591458284,36265.47817216205,36514.92840638845,143400
2022-04-27,36028.43359375,36175.47876286719,35746.73373677265,36067.13236355247,134200
2022-04-28,36421.77734375,36500.67877358137,35950.685144181036,36189.53003388049,137300
2022-04-29,36087.73046875,36718.37550835769,35978.53251473269,36473.62834302381,172700
2022-05-02,36163.328125,36234.827290903355,35617.783707974835,35627.18594204003,170200
2022-05-04,35264.140625,36308.87847368281,35127.44299617636,36265.726631830694,214600
2022-05-05,35232.44140625,35934.4332340563,35133.39177808001,35704.93590573501,167300
2022-05-06,34590.796875,34797.54447020999,34352.79964327097,34568.69947577647,199200
2022-05-09,34275.0,34553.949882283916,33926.804828923625,34091.35369733804,179900
2022-05-10,34482.24609375,34781.39494698865,34176.402006132295,34180.80039231131,138000
2022-05-11,34692.74609375,34792.795714690015,34142.803252876925,34685.898516913716,179500
2022-05-12,33531.7578125,34340.79916890023,33297.26054425346,34288.70211954982,382100
2022-05-13,33120.96484375,34001.80221538634,33007.51304340762,33925.55310566718,272700
2022-05-16,33597.2109375,33821.25520760244,33001.366302712275,33255.61334665584,195100
2022-05-17,34301.5,34365.651598581346,33680.210341742655,33795.80665525528,161500
2022-05-18,34163.30078125,34655.396604567155,34134.30111946535,34447.797463240786,146800
2022-05-19,33315.26171875,33633.55880525336,33180.216411336434,33460.611594049624,150400
2022-05-20,34276.0,34357.651394602566,33657.659531579106,33764.75594289894,129400
2022-05-23,34247.203125,34819.54412254227,34116.95464033193,34320.99914144521,156000
2022-05-24,34289.75,34586.04733835611,34115.40436959846,34222.80155917254,163700
2022-05-25,34339.1015625,34722.19867991406,34285.40296681622,34491.40057662053,153600
2022-05-26,35094.4921875,35221.64305936543,34424.351507475156,34670.20022405733,191500
2022-05-27,35612.88671875,35694.43655183963,35291.538892484175,35326.19083334436,132600
2022-05-30,35826.53125,36083.278254671655,35748.03216580633,35958.381274277126,127000
2022-05-31,35486.984375,35881.53055268113,35288.53747173052,35614.885226401544,149300
2022-06-01,35620.38671875,35768.283437052356,35285.03905443598,35358.53820005896,100800
2022-06-02,35613.234375,35675.78442900261,35384.58859588373,35470.53681534414,140700
2022-06-03,35274.640625,35958.03111636997,35174.69256839707,35929.133014882944,104800
2022-06-06,35309.7890625,35424.088516054864,35071.89338838092,35158.740035825824,100800
2022-06-07,34995.59375,35153.892693620204,34833.994063446815,35080.393546842715,91600
2022-06-08,34945.7421875,35449.48633139148,34831.34507988519,35165.239635806065,124600
2022-06-09,35085.04296875,35148.69457547752,34658.700249125846,34801.847029128105,100900
2022-06-10,34483.3984375,34752.04374051316,34346.247693990896,34686.544504742014,90000
2022-06-13,33405.46484375,33773.65980008683,33209.967106931814,33728.25798193151,131900
2022-06-14,33310.96484375,33617.758157078126,33123.513894934236,33180.216361655286,113200
2022-06-15,33338.61328125,33554.16156219919,33249.165100074315,33317.41430840226,90800
2022-06-16,32616.720703125,33756.10785756608,32537.57123197408,33648.40988993613,129500
2022-06-17,32742.669921875,32889.41821491392,32290.17518524732,32393.072425857183,139800
2022-06-20,32684.419921875,32925.71789136961,32426.022542258448,32873.01538049235,144400
2022-06-21,33191.36328125,33593.40937818611,32797.16865533494,32977.666552320356,258100
2022-06-22,32844.91796875,33106.56335673332,32757.76859386418,33051.2632200148,135000
2022-06-23,33134.61328125,33431.35981787927,32651.769307215192,32927.01414166887,193100
2022-06-24,33627.05859375,33721.50671535386,33390.46368587853,33434.41239410323,149800
2022-06-27,33810.85546875,34147.10154517034,33735.10635264936,34125.80101247146,111400
2022-06-28,33642.05859375,33744.9089620328,33502.91177191294,33577.80933976157,125000
2022-06-29,33269.51171875,33422.41228521164,33184.8642651766,33273.164020046315,140800
2022-06-30,33424.71484375,33658.91135288283,33179.21768411394,33180.31532766437,149500
2022-07-01,33539.05859375,33666.10789527351,33080.06393960031,33264.36257434838,149900
2022-07-04,33940.50390625,33978.10503166695,33515.21197492903,33558.461472188166,152600
2022-07-05,33815.50390625,34360.64988968886,33756.6061559201,34084.30155139204,115000
2022-07-06,34323.8515625,34388.10081668299,33875.7552015839,33929.00458345541,122700
2022-07-07,34919.89453125,34965.343221260424,34552.69958436133,34626.99559501868,184000
2022-07-08,35123.640625,35261.689794181075,34977.34155215716,35258.48670658513,109000
2022-07-11,35469.234375,35542.68664252929,35006.14212481918,35017.19277706553,130600
2022-07-12,35131.83984375,35419.2349259777,35047.09083317545,35298.287119265864,113400
2022-07-13,34827.39453125,35307.73658446935,34757.19613134104,35259.38949217214,103400
2022-07-14,34650.796875,35027.194848248146,34558.047951943474,34817.544938824,121300
2022-07-15,34682.24609375,34899.544354154124,34463.498631407856,34734.04627407356,99100
2022-07-18,35358.2890625,35382.08956766407,34803.99471106599,34841.44740161468,146600
2022-07-19,35719.9375,35761.23389629566,35110.09300676588,35112.84297488848,183400
2022-07-20,35971.68359375,36182.278803013716,35876.13392272817,36060.8817760722,173400
2022-07-21,36200.578125,36331.27582062266,35886.93334265965,36026.130939226,153800
2022-07-22,36738.5234375,36823.0224581983,36285.93102657138,36322.47747801615,143600
2022-07-25,36725.97265625,37010.77013571061,36464.22569080408,36766.27297027975,139700
2022-07-26,36408.078125,36695.32479655764,36333.680549574536,36688.125661226906,114000
2022-07-27,36783.32421875,36807.87471581847,36248.1819757291,36370.12978288592,113100
2022-07-28,37377.71484375,37413.96442324299,37028.07046223949,37102.01882316425,172500
2022-07-29,37490.9609375,37754.20786554537,37220.714091140035,37716.860645117995,166900
2022-08-01,37902.7578125,37939.15973232214,37406.76358872746,37593.71063033792,346400
2022-08-02,38023.55859375,38179.4083470281,37631.86392208824,37767.260787798936,317300
2022-08-03,37988.80859375,38068.159234245075,37692.51125529018,37954.10977817859,200300
2022-08-04,37755.11328125,38231.40854326938,37249.068363964696,38110.60916182261,186300
2022-08-05,37920.16015625,38150.00513700995,37779.45866907314,37867.80920313661,175900
2022-08-08,38236.953125,38301.90549355632,37681.01038083108,37846.91079248344,174100
2022-08-10,38287.40625,38402.50256758975,38154.85701040139,38298.40612206288,163900
2022-08-11,38879.3984375,38931.64782855268,38648.44800414183,38712.498038912374,200900
2022-08-12,39041.84765625,39088.44477168754,38739.499602842676,38941.997252627385,125300
2022-08-16,39239.19140625,39444.14214412405,39119.44280099981,39283.64401349645,0
2022-08-17,39461.2421875,39504.0424730467,39202.346748468866,39350.84502859512,169800
2022-08-18,39655.6875,39703.23772855038,39290.69174252466,39323.9413560481,137200
2022-08-19,38985.49609375,39758.68632577778,38847.946911222076,39732.18663378138,148100
2022-08-22,38297.3046875,38732.4011907951,38246.805274695886,38693.19852163497,124300
2022-08-23,38697.19921875,38869.447219198795,37950.411012885525,37955.008615763974,176400
2022-08-24,39038.046875,39120.34670097401,38551.75173830708,38552.251732503515,214900
2022-08-25,38950.296875,39471.29081406086,38803.247804432984,39189.59487239689,333400
2022-08-26,38986.6953125,39336.64437019792,38846.34928742936,39129.1936563052,196300
2022-08-29,38276.25390625,38396.65484923479,37943.410122361645,38111.15817075209,158000
2022-08-30,39536.2890625,39606.08902998059,38472.25068644028,38516.50017055356,176800
2022-09-01,39300.79296875,39667.18714543041,38802.84954061363,38806.24793859346,191200
2022-09-02,39420.54296875,39595.39250409117,39199.994744477226,39421.84373491926,133900
2022-09-05,39805.2890625,39864.73759284759,39406.94211278015,39411.59440265754,214100
2022-09-06,39666.0390625,40073.28433012389,39563.841031337826,39892.485649837174,210200
2022-09-07,39455.44140625,39571.592404567426,39257.79525817987,39337.29433730401,138900
2022-09-08,40208.48046875,40265.28058782487,39705.935546162895,39763.43487583637,203800
2022-09-09,40415.23046875,40685.47733433219,40279.83360163029,40520.28003159838,207000
2022-09-12,40573.52734375,40684.42448936752,40377.4280656841,40539.97695334109,147000
2022-09-13,40872.625,40903.82385498074,40693.474745088024,40801.62582782897,176400
2022-09-14,41404.91796875,41626.41539846129,40288.43092462966,40308.33303743262,218400
2022-09-15,41208.71875,41839.66061234929,41153.02018066165,41533.214966570275,245300
2022-09-16,40776.328125,41162.02287299352,40501.58130971048,40976.724239621006,244200
2022-09-19,40903.921875,41183.77017704965,40509.426471178245,40685.127549124045,206000
2022-09-20,41467.8203125,41677.16554316215,41206.823336553105,41303.66987068642,175200
2022-09-21,41202.96875,41501.215272140566,40888.67163377578,41282.1201707635,151300
2022-09-22,40630.12890625,41158.72041331745,40359.72970809354,40888.5751184573,209500
2022-09-23,39545.7890625,40527.92605241533,39412.23983787201,40428.88033187166,226200
2022-09-26,38615.80078125,39228.942086059105,38491.75144306961,39027.397555632575,241800
2022-09-27,38358.703125,39050.04666157906,38184.45514787345,38811.24865257446,168700
2022-09-28,37759.4140625,38368.35622573277,37625.76326729688,38080.80877615548,210600
2022-09-29,37647.3125,38282.95355070553,37536.21222859797,38092.40889002798,253000
2022-09-30,38631.5,38810.54869921765,37385.91682776734,37659.56208323766,246100
2022-10-03,38029.20703125,38641.1530533725,37962.80936442989,38444.45221148561,172900
2022-10-04,39109.59765625,39177.04609354033,38596.45125782994,38699.950058689654,241100
2022-10-06,39282.39453125,39607.8907442624,39232.44198742317,39343.24147957582,158800
2022-10-07,39177.59375,39234.59308506694,38807.04729140729,39093.043955076486,165000
2022-10-10,39092.6484375,39315.243513638445,38517.854318719685,38641.102890138834,159700
2022-10-11,38712.0,39174.4946331561,38622.30182211855,39058.39832410177,177600
2022-10-12,39118.09765625,39163.647909868036,38605.95124495471,38783.749966670875,195800
2022-10-13,38623.55078125,39060.84647644702,38437.50216387478,38957.195338231824,158900
2022-10-14,39305.14453125,39570.3914470194,39195.84502090976,39445.59211690753,185600
2022-10-17,39919.984375,39974.23374329936,39146.24338473958,39295.14399463325,201600
2022-10-18,40318.28125,40434.88145687805,40139.38489239193,40251.582806702085,245200
2022-10-19,40372.73046875,40643.12967301388,40194.732535405645,40556.17755757661,232900
2022-10-20,40099.0859375,40207.88545750487,39848.389624916344,40149.0345772265,262800
2022-10-21,40783.578125,41031.77446730909,40354.9815296674,40370.28213359293,324200
2022-10-24,41304.41796875,41426.768108026496,41200.66917559555,41347.87058829255,74300
2022-10-25,41122.2734375,41530.16714795477,41020.97383020246,41513.16734496403,351800
2022-10-27,41298.8203125,41511.31784031264,41178.16937239799,41440.21710499562,239400
2022-10-28,40990.375,41481.91616024174,40838.82598068995,41236.32135932722,237100
2022-10-31,41307.41796875,41353.218217272726,41105.62344093047,41265.21924083606,237200
2022-11-01,41289.0703125,41676.76501976088,41188.071487793575,41551.91491010484,304400
2022-11-02,41146.171875,41473.82042386448,41059.973654613575,41472.12122479492,175800
2022-11-03,41297.87109375,41477.51744120386,40818.673543842415,40873.2236904437,263600
2022-11-04,41257.96875,41515.71574841311,41050.670382838485,41314.37043692542,190400
2022-11-07,41686.21484375,41778.912985389434,41336.57046895981,41740.16343564171,393400
2022-11-09,41782.71484375,41948.412141618865,41667.415399133315,41914.36566130992,490500
2022-11-10,41603.265625,41643.41359506859,41318.12050736358,41462.36882792137,253400
2022-11-11,42136.5625,42345.009303254774,41917.615818418504,42162.90985093517,255400
2022-11-14,42076.26171875,42230.959142287014,41964.96222909416,42177.06133025349,142700
2022-11-15,42372.20703125,42449.5576952594,42079.06199886696,42234.360976193566,139400
2022-11-16,42534.8046875,42611.2530146146,42295.80747498249,42371.30659441794,185400
2022-11-17,42457.55859375,42622.255903253215,42366.05965444769,42399.156927018914,165400
2022-11-18,42436.95703125,42590.25603452489,42223.20951031225,42545.25655643274,280100
2022-11-21,42346.05859375,42386.30812593039,42202.060267440036,42286.457723989864,259100
2022-11-22,42456.55859375,42508.25721317177,42346.65752405363,42466.90613004378,216300
2022-11-23,42728.60546875,42860.05316134725,42555.904348869175,42668.05539050716,359100
2022-11-24,43074.8984375,43162.89741603527,42769.15198650954,42837.854314034324,204900
2022-11-25,42983.44921875,43338.64430573424,42864.45060298763,43191.94679342608,502800
2022-11-28,43019.94921875,43159.299161653216,42739.503259487334,42756.70227834148,238700
2022-11-29,43052.94921875,43279.09893608623,42958.899529756054,42958.899529756054,223000
2022-11-30,43230.49609375,43331.795694224704,42879.55096571048,43122.247355526306,202000
2022-12-01,43260.14453125,43514.543911684945,43101.34950593882,43511.59472728786,268400
2022-12-02,43103.25,43131.39811098041,42937.30270624746,42976.20069252874,212800
2022-12-05,43332.4453125,43371.6440754137,42984.50013995016,43268.84839580863,242600
2022-12-06,43138.05078125,43306.349611799546,43075.89915788053,43093.39895504571,379200
2022-12-07,43098.19921875,43326.84890984055,42947.95096184205,43156.85088205784,242900
