date,dii_long,dii_short,dii_net,fii_long,fii_short,fii_net,pcr
2015-01-01,250074.0,342618.0,-92544.0,2327603.0,1833876.0,493727.0,1.1056
2015-01-02,248454.0,346637.8521,-98183.85210000002,2354054.785,1839106.17,514948.6150000002,1.1144
2015-01-05,247899.0,352629.0,-104730.0,2387290.0,1895266.0,492024.0,1.0771
2015-01-06,255634.0,339134.0,-83500.0,2395588.0,1972852.0,422736.0,0.9496
2015-01-07,258034.0,331356.0,-73322.0,2464713.0,2028561.0,436152.0,0.9467
2015-01-08,254382.0,330767.0,-76385.0,2504984.0,2041063.0,463921.0,0.9971
2015-01-09,255285.0,325940.0,-70655.0,2578652.0,2061225.0,517427.0,1.0823
2015-01-12,255438.0,323339.0,-67901.0,2603343.0,2099238.0,504105.0,1.1427
2015-01-13,269122.0,319000.0,-49878.0,2655544.0,2110494.0,545050.0,1.1145
2015-01-14,268893.0,315584.0,-46691.0,2694739.0,2136700.0,558039.0,1.083
2015-01-15,255993.0,323758.0,-67765.0,3006031.0,2131567.0,874464.0,1.1768
2015-01-16,256965.0,331070.0,-74105.0,3043735.0,2146439.0,897296.0,1.2131
2015-01-19,256124.0,331885.0,-75761.0,3048861.0,2173060.0,875801.0,1.2478
2015-01-20,254806.0,337127.0,-82321.0,3245612.0,2237254.0,1008358.0,1.3044
2015-01-21,257048.0,336621.0,-79573.0,3328569.0,2323753.0,1004816.0,1.3125
2015-01-22,284528.0,337741.0,-53213.0,3355763.0,2395934.0,959829.0,1.3049
2015-01-23,291898.0,342958.0,-51060.0,3418134.0,2457132.0,961002.0,1.304
2015-01-27,292852.0,349070.0,-56218.0,3542753.0,2524817.0,1017936.0,1.3706
2015-01-28,295629.0,349686.0,-54057.0,3715779.0,2766156.0,949623.0,1.326
2015-01-29,288531.0,327509.0,-38978.0,2401888.0,1966844.0,435044.0,0.9736
2015-01-30,289131.0,341809.0,-52678.0,2525357.0,2084589.0,440768.0,0.8886
2015-02-02,291853.0,345873.0,-54020.0,2560607.0,2144980.0,415627.0,0.8501
2015-02-03,305824.0,339959.0,-34135.0,2593449.0,2204638.0,388811.0,0.821
2015-02-04,316510.0,339439.0,-22929.0,2611583.0,2226291.0,385292.0,0.8253
2015-02-05,320821.0,339620.0,-18799.0,2624614.0,2223855.0,400759.0,0.8454
2015-02-06,320947.0,338588.0,-17641.0,2577304.0,2276857.0,300447.0,0.8244
2015-02-09,333232.0,333211.0,21.0,2650603.0,2404024.0,246579.0,0.832
2015-02-10,326749.0,331974.0,-5225.0,2724699.0,2460183.0,264516.0,0.8174
2015-02-11,327089.0,334161.0,-7072.0,2705832.0,2457962.0,247870.0,0.8345
2015-02-12,328421.0,341799.0,-13378.0,2716418.0,2498610.0,217808.0,0.8525
2015-02-13,329898.0,357489.0,-27591.0,2779040.0,2506610.0,272430.0,0.9312
2015-02-16,330692.0,361281.0,-30589.0,2772144.0,2519725.0,252419.0,0.9001
2015-02-18,331903.0,365779.0,-33876.0,2795801.0,2527412.0,268389.0,0.9191
2015-02-19,333497.0,366899.0,-33402.0,2739545.0,2505346.0,234199.0,0.926
2015-02-20,336314.0,365788.0,-29474.0,2727683.0,2525324.0,202359.0,0.8788
2015-02-23,349083.0,363574.0,-14491.0,2730886.0,2566312.0,164574.0,0.8052
2015-02-24,357354.0,357532.0,-178.0,2782974.0,2585613.0,197361.0,0.8207
2015-02-25,342565.0,356351.0,-13786.0,2851961.0,2708651.0,143310.0,0.8273
2015-02-26,341464.0,344069.0,-2605.0,1893301.0,2116801.0,-223500.0,0.897
2015-02-27,346211.0,360485.0,-14274.0,2096058.0,2209131.0,-113073.0,0.8475
2015-03-02,353492.0,379137.0,-25645.0,2391682.0,2260720.0,130962.0,0.8951
2015-03-03,350580.0,385856.0,-35276.0,2491361.0,2295697.0,195664.0,0.937
2015-03-04,350198.0,378835.0,-28637.0,2549642.0,2307216.0,242426.0,0.9312
2015-03-05,334115.0,385879.0,-51764.0,2542616.0,2304503.0,238113.0,0.9372
2015-03-09,332487.0,377730.0,-45243.0,2613871.0,2313466.0,300405.0,0.8736
2015-03-10,336352.0,369313.0,-32961.0,2604116.0,2324896.0,279220.0,0.8885
2015-03-11,337003.0,375201.0,-38198.0,2631000.0,2342983.0,288017.0,0.8942
2015-03-12,321764.0,378063.0,-56299.0,2667230.0,2361535.0,305695.0,0.9187
2015-03-13,327676.0,373738.0,-46062.0,2773529.0,2378189.0,395340.0,0.8707
2015-03-16,328642.0,376322.0,-47680.0,2788502.0,2430964.0,357538.0,0.8501
2015-03-17,328567.0,378364.0,-49797.0,2826099.0,2428134.0,397965.0,0.8543
2015-03-18,330775.0,376974.0,-46199.0,2896350.0,2491808.0,404542.0,0.8413
2015-03-19,336560.0,381531.0,-44971.0,2944257.0,2481128.0,463129.0,0.8178
2015-03-20,338397.0,382279.0,-43882.0,2904740.0,2531749.0,372991.0,0.8102
2015-03-23,338408.0,386147.0,-47739.0,2894731.0,2554786.0,339945.0,0.7967
2015-03-24,342798.0,390001.0,-47203.0,2964918.0,2590419.0,374499.0,0.8315
2015-03-25,336436.0,390420.0,-53984.0,2995555.0,2623347.0,372208.0,0.7976
2015-03-26,308840.0,374363.0,-65523.0,2019671.0,2011570.0,8101.0,0.8701
2015-03-27,313388.0,381052.0,-67664.0,2255184.0,2081297.0,173887.0,0.8295
2015-03-30,316137.0,383514.0,-67377.0,2331417.0,2082746.0,248671.0,0.8587
2015-03-31,322001.0,391134.0,-69133.0,2391230.0,2072139.0,319091.0,0.8577
2015-04-01,321707.0,389480.0,-67773.0,2551201.0,2152338.0,398863.0,0.9654
2015-04-06,321871.0,390625.0,-68754.0,2613684.0,2181093.0,432591.0,0.978
2015-04-07,323154.0,394364.0,-71210.0,2677840.0,2198068.0,479772.0,1.0001
2015-04-08,328736.0,394413.0,-65677.0,2737288.0,2205633.0,531655.0,1.0255
2015-04-09,331831.0,389779.0,-57948.0,2758026.0,2193644.0,564382.0,1.0608
2015-04-10,332077.0,390303.0,-58226.0,2799897.0,2217287.0,582610.0,1.0589
2015-04-13,332257.0,389455.0,-57198.0,2835202.0,2259462.0,575740.0,1.0914
2015-04-15,342790.0,389999.0,-47209.0,2895196.0,2282611.0,612585.0,1.0273
2015-04-16,344457.0,385061.0,-40604.0,3007807.0,2334113.0,673694.0,0.9779
2015-04-17,350460.0,393090.0,-42630.0,3085086.0,2398178.0,686908.0,0.9267
2015-04-20,362191.0,387196.0,-25005.0,3071126.0,2411702.0,659424.0,0.8489
2015-04-21,361452.0,393705.0,-32253.0,3191467.0,2549106.0,642361.0,0.8155
2015-04-22,364229.0,401052.0,-36823.0,3254772.0,2610706.0,644066.0,0.8075
2015-04-23,367502.0,405230.0,-37728.0,3244906.0,2612631.0,632275.0,0.814
2015-04-24,369114.0,410579.0,-41465.0,3254294.0,2612281.0,642013.0,0.7858
2015-04-27,368988.0,419237.0,-50249.0,3260711.0,2644398.0,616313.0,0.7416
2015-04-28,367597.0,433541.0,-65944.0,3304662.0,2686737.0,617925.0,0.8049
2015-04-29,358923.0,443953.0,-85030.0,3316843.0,2754065.0,562778.0,0.7793
2015-04-30,325801.0,525957.0,-200156.0,2212456.0,2200178.0,12278.0,0.9606
2015-05-04,328786.0,531877.0,-203091.0,2456962.0,2311566.0,145396.0,0.9826
2015-05-05,329176.0,540278.0,-211102.0,2494132.0,2320457.0,173675.0,0.9526
2015-05-06,334115.0,533052.0,-198937.0,2514622.0,2411598.0,103024.0,0.8933
2015-05-07,339750.0,518550.0,-178800.0,2584619.0,2450130.0,134489.0,0.9028
2015-05-08,339411.0,523356.0,-183945.0,2706773.0,2425394.0,281379.0,0.9332
2015-05-11,338292.0,526075.0,-187783.0,2802931.0,2429741.0,373190.0,1.015
2015-05-12,340477.0,514586.0,-174109.0,2942877.0,2409375.0,533502.0,0.9166
2015-05-13,339593.0,519247.0,-179654.0,3008784.0,2462351.0,546433.0,0.9474
2015-05-14,344546.0,523704.0,-179158.0,2989353.0,2536733.0,452620.0,0.9106
2015-05-15,346651.0,524631.0,-177980.0,3021345.0,2546928.0,474417.0,0.9203
2015-05-18,349437.0,525213.0,-175776.0,3062830.0,2529373.0,533457.0,1.0089
2015-05-19,345981.0,534670.0,-188689.0,3116962.0,2498367.0,618595.0,0.9844
2015-05-20,350897.0,537564.0,-186667.0,3182262.0,2501581.0,680681.0,1.04
2015-05-21,351895.0,545003.0,-193108.0,3226528.0,2538824.0,687704.0,1.0658
2015-05-22,353906.0,550578.0,-196672.0,3346038.0,2595314.0,750724.0,1.0666
2015-05-25,353341.0,556182.0,-202841.0,3369793.0,2604091.0,765702.0,0.9862
2015-05-26,353221.0,565635.0,-212414.0,3453466.0,2685342.0,768124.0,0.945
2015-05-27,353093.0,584395.0,-231302.0,3460508.0,2728465.0,732043.0,0.9625
2015-05-28,332433.0,579704.0,-247271.0,2197341.0,2058806.0,138535.0,0.9661
2015-05-29,333951.0,611700.0,-277749.0,2511653.0,2122121.0,389532.0,0.9623
2015-06-01,335359.0,621375.0,-286016.0,2564144.0,2206968.0,357176.0,0.9424
2015-06-02,358328.0,615967.0,-257639.0,2602084.0,2291456.0,310628.0,0.8943
2015-06-03,369372.0,616081.0,-246709.0,2711143.0,2314308.0,396835.0,0.8511
2015-06-04,372891.0,615373.0,-242482.0,2823417.0,2339405.0,484012.0,0.8502
2015-06-05,374200.0,612074.0,-237874.0,2883054.0,2408045.0,475009.0,0.8655
2015-06-08,377162.0,614472.0,-237310.0,2904221.0,2405908.0,498313.0,0.8318
2015-06-09,375620.0,611324.0,-235704.0,2990837.0,2457259.0,533578.0,0.8108
2015-06-10,373387.0,609029.0,-235642.0,3042226.0,2451469.0,590757.0,0.8308
2015-06-11,384019.0,606413.0,-222394.0,3160403.0,2560959.0,599444.0,0.7985
2015-06-12,390223.0,598280.0,-208057.0,3227477.0,2622515.0,604962.0,0.8077
2015-06-15,390070.0,603823.0,-213753.0,3222936.0,2639953.0,582983.0,0.8441
2015-06-16,394301.0,611800.0,-217499.0,3229069.0,2645646.0,583423.0,0.844
2015-06-17,391669.0,614931.0,-223262.0,3312958.0,2680532.0,632426.0,0.8456
2015-06-18,394986.0,630951.0,-235965.0,3462658.0,2695515.0,767143.0,0.9201
2015-06-19,397601.0,642271.0,-244670.0,3524024.0,2695698.0,828326.0,1.0058
2015-06-22,399753.0,655677.0,-255924.0,3653887.0,2641736.0,1012151.0,1.1058
2015-06-23,399816.0,674909.0,-275093.0,3793423.0,2598958.0,1194465.0,1.146
2015-06-24,389872.0,685038.0,-295166.0,3978361.0,2667287.0,1311074.0,1.127
2015-06-25,275467.0,664703.0,-389236.0,2462432.0,1565276.0,897156.0,1.0748
2015-06-26,283124.0,677665.0,-394541.0,2588198.0,1628082.0,960116.0,1.0274
2015-06-29,297747.0,683306.0,-385559.0,2752753.0,1683782.0,1068971.0,1.08
2015-06-30,300283.0,706839.0,-406556.0,2845103.0,1739270.0,1105833.0,1.0796
2015-07-01,302795.0,709874.0,-407079.0,2951014.0,1765521.0,1185493.0,1.1123
2015-07-02,301325.0,707801.0,-406476.0,3047125.0,1791727.0,1255398.0,1.1009
2015-07-03,301672.0,706186.0,-404514.0,3162717.0,1815089.0,1347628.0,1.1157
2015-07-06,304661.0,715748.0,-411087.0,3208307.0,1903034.0,1305273.0,1.131
2015-07-07,305131.0,718390.0,-413259.0,3390816.0,1998482.0,1392334.0,1.1328
2015-07-08,307071.0,720200.0,-413129.0,3480062.0,2085087.0,1394975.0,1.0833
2015-07-09,309191.0,724832.0,-415641.0,3505121.0,2153162.0,1351959.0,1.0316
2015-07-10,315638.0,743134.0,-427496.0,3556915.0,2202037.0,1354878.0,1.0295
2015-07-13,313986.0,741031.0,-427045.0,3592366.0,2290911.0,1301455.0,1.0417
2015-07-14,313033.0,743771.0,-430738.0,3656489.0,2289919.0,1366570.0,1.0408
2015-07-15,310581.0,742913.0,-432332.0,3747940.0,2279801.0,1468139.0,1.1154
2015-07-16,308899.0,752898.0,-443999.0,3882214.0,2305952.0,1576262.0,1.1725
2015-07-17,314742.0,751334.0,-436592.0,3965446.0,2382756.0,1582690.0,1.1917
2015-07-20,311338.0,753777.0,-442439.0,3975306.0,2454166.0,1521140.0,1.1761
2015-07-21,307457.0,757323.0,-449866.0,3957561.0,2437683.0,1519878.0,1.1151
2015-07-22,307241.0,762540.0,-455299.0,3996350.0,2473172.0,1523178.0,1.1864
2015-07-23,307552.0,768782.0,-461230.0,4034963.0,2594562.0,1440401.0,1.1054
2015-07-24,313118.0,783337.0,-470219.0,4014441.0,2632922.0,1381519.0,1.0111
2015-07-27,312181.0,787731.0,-475550.0,4053111.0,2717985.0,1335126.0,0.8724
2015-07-28,318539.0,787417.0,-468878.0,4144749.0,2820064.0,1324685.0,0.8586
2015-07-29,322592.0,789719.0,-467127.0,4166502.0,2819794.0,1346708.0,0.8986
2015-07-30,304594.0,766072.0,-461478.0,2609532.0,1882507.0,727025.0,0.8656
2015-07-31,305358.0,792967.0,-487609.0,2778234.0,1942287.0,835947.0,0.9174
2015-08-03,306454.0,794194.0,-487740.0,2807773.0,1952959.0,854814.0,0.9203
2015-08-04,303521.0,785715.0,-482194.0,2909137.0,2026614.0,882523.0,0.9208
2015-08-05,305569.0,784033.0,-478464.0,2983743.0,2053187.0,930556.0,0.9505
2015-08-06,305316.0,781184.0,-475868.0,3049664.0,2081278.0,968386.0,0.9743
2015-08-07,310125.0,776025.0,-465900.0,3093502.0,2124130.0,969372.0,0.9747
2015-08-10,310256.0,775386.0,-465130.0,3141446.0,2146601.0,994845.0,0.9539
2015-08-11,313351.0,769943.0,-456592.0,3193915.0,2182304.0,1011611.0,0.8803
2015-08-12,327382.0,768979.0,-441597.0,3282831.0,2241163.0,1041668.0,0.8192
2015-08-13,329158.0,753700.0,-424542.0,3329090.0,2253680.0,1075410.0,0.8233
2015-08-14,323590.0,758456.0,-434866.0,3360450.0,2255842.0,1104608.0,0.9471
2015-08-17,316013.0,757478.0,-441465.0,3343780.0,2255686.0,1088094.0,0.8983
2015-08-18,315994.0,758301.0,-442307.0,3377705.0,2256508.0,1121197.0,0.9263
2015-08-19,314991.0,760048.0,-445057.0,3414515.0,2271312.0,1143203.0,0.9755
2015-08-20,319426.0,749706.0,-430280.0,3423623.0,2325697.0,1097926.0,0.8485
2015-08-21,321993.0,747866.0,-425873.0,3485885.0,2431542.0,1054343.0,0.8106
2015-08-24,350877.0,729034.0,-378157.0,3774475.0,2711966.0,1062509.0,0.6909
2015-08-25,367167.0,743736.0,-376569.0,3911710.0,2829462.0,1082248.0,0.711
2015-08-26,373584.0,760885.0,-387301.0,4059013.0,3014758.0,1044255.0,0.6834
2015-08-27,351539.0,780494.0,-428955.0,2775110.0,1978928.0,796182.0,0.9373
2015-08-28,349999.0,779324.0,-429325.0,3183387.0,2105108.0,1078279.0,0.9817
2015-08-31,335158.0,789248.0,-454090.0,3365879.0,2160258.0,1205621.0,1.0156
2015-09-01,344231.0,784934.0,-440703.0,3475647.0,2257805.0,1217842.0,0.9823
2015-09-02,359683.0,784587.0,-424904.0,3550034.0,2374275.0,1175759.0,0.9463
2015-09-03,359775.0,783082.0,-423307.0,3731095.0,2501441.0,1229654.0,0.9542
2015-09-04,362432.0,777976.0,-415544.0,3904445.0,2638262.0,1266183.0,0.9157
2015-09-07,366390.0,777646.0,-411256.0,3937389.0,2743358.0,1194031.0,0.9054
2015-09-08,376289.0,784030.0,-407741.0,4006603.0,2842045.0,1164558.0,0.9114
2015-09-09,376858.0,779593.0,-402735.0,4002213.0,2764206.0,1238007.0,0.9178
2015-09-10,378942.0,778618.0,-399676.0,4084540.0,2846015.0,1238525.0,0.9336
2015-09-11,378548.0,778227.0,-399679.0,4107768.0,2892976.0,1214792.0,0.9127
2015-09-14,376147.0,778369.0,-402222.0,4144784.0,2929921.0,1214863.0,0.9337
2015-09-15,373047.0,776636.0,-403589.0,4123897.0,2978696.0,1145201.0,0.9116
2015-09-16,368801.0,768913.0,-400112.0,4132705.0,2978639.0,1154066.0,0.9436
2015-09-18,364314.0,768786.0,-404472.0,4224232.0,2926180.0,1298052.0,1.0029
2015-09-21,362649.0,768316.0,-405667.0,4335784.0,3023867.0,1311917.0,0.9909
2015-09-22,368610.0,761868.0,-393258.0,4575154.0,3179757.0,1395397.0,0.9275
2015-09-23,374878.0,769519.0,-394641.0,4639942.0,3254309.0,1385633.0,0.9439
2015-09-24,264300.0,742543.0,-478243.0,2292180.0,1759559.0,532621.0,1.0157
2015-09-28,270829.0,755170.0,-484341.0,2417574.0,1818426.0,599148.0,0.9469
2015-09-29,271972.0,773634.0,-501662.0,2630961.0,1875330.0,755631.0,0.9533
2015-09-30,274318.0,783289.0,-508971.0,2667928.0,1913054.0,754874.0,0.961
2015-10-01,271497.3333,784853.0,-513355.6667,2678004.333,1892084.333,785920.0,0.9362
2015-10-05,264336.0,780170.0,-515834.0,2798029.0,1919086.0,878943.0,1.0154
2015-10-06,250834.0,769869.0,-519035.0,2879477.0,1944204.0,935273.0,1.037
2015-10-07,250485.0,771466.0,-520981.0,2941267.0,1986219.0,955048.0,1.0798
2015-10-08,249016.0,772475.0,-523459.0,3000454.0,2027416.0,973038.0,1.0551
2015-10-09,250021.0,766310.0,-516289.0,3055694.0,2026052.0,1029642.0,1.0508
2015-10-12,250704.0,763228.0,-512524.0,3082870.0,2069883.0,1012987.0,1.0233
2015-10-13,253750.0,763821.0,-510071.0,3063420.0,2114889.0,948531.0,1.043
2015-10-14,257510.0,759421.0,-501911.0,2973178.0,2159361.0,813817.0,1.0105
2015-10-15,262120.0,756057.0,-493937.0,2991255.0,2165153.0,826102.0,1.0171
2015-10-16,265150.0,752643.0,-487493.0,3008436.0,2249953.0,758483.0,1.035
2015-10-19,259708.0,745568.0,-485860.0,3038810.0,2270455.0,768355.0,1.0378
2015-10-20,255504.0,733505.0,-478001.0,3039893.0,2270781.0,769112.0,1.0406
2015-10-21,254222.0,726325.0,-472103.0,3047889.0,2343501.0,704388.0,1.0507
2015-10-23,254176.0,715726.0,-461550.0,3024025.0,2276871.0,747154.0,1.0737
2015-10-26,251192.0,678150.0,-426958.0,2918006.0,2142743.0,775263.0,1.0915
2015-10-27,254362.0,627709.0,-373347.0,2724782.0,2021123.0,703659.0,1.114
2015-10-28,236710.0,531851.0,-295141.0,2466377.0,1911004.0,555373.0,1.0434
2015-10-29,207176.0,405287.0,-198111.0,1025270.0,872494.0,152776.0,0.8395
2015-10-30,217090.0,424016.0,-206926.0,1133495.0,933741.0,199754.0,0.8138
2015-11-02,223410.0,423464.0,-200054.0,1201681.0,971828.0,229853.0,0.8251
2015-11-03,223680.3333,422354.0,-198673.6667,1239838.667,995241.6667,244597.00029999996,0.8389
2015-11-04,219842.3333,419504.0,-199661.6667,1255552.0,1019155.0,236397.0,0.8318
2015-11-05,220591.0,418621.0,-198030.0,1247088.0,1081921.0,165167.0,0.7981
2015-11-06,244806.0,420624.0,-175818.0,1253123.0,1120995.0,132128.0,0.7762
2015-11-09,249222.0,420863.0,-171641.0,1261725.0,1197273.0,64452.0,0.7291
2015-11-10,252693.0,421827.0,-169134.0,1295729.0,1217100.0,78629.0,0.6879
2015-11-11,252693.0,421827.0,-169134.0,1295725.0,1215948.0,79777.0,0.6861
2015-11-13,254748.0,420442.0,-165694.0,1313928.0,1242661.0,71267.0,0.68
2015-11-16,260289.0,422492.0,-162203.0,1344507.0,1266414.0,78093.0,0.6815
2015-11-17,260451.0,421319.0,-160868.0,1361450.0,1275597.0,85853.0,0.6882
2015-11-18,264002.0,421245.0,-157243.0,1381523.0,1289382.0,92141.0,0.6777
2015-11-19,262740.0,422431.0,-159691.0,1400580.0,1260289.0,140291.0,0.7467
2015-11-20,261035.0,425097.0,-164062.0,1415385.0,1259602.0,155783.0,0.7517
2015-11-23,262812.0,424812.0,-162000.0,1472940.0,1318241.0,154699.0,0.738
2015-11-24,264640.0,429122.0,-164482.0,1507616.0,1345244.0,162372.0,0.7433
2015-11-26,233711.0,431685.0,-197974.0,1007286.0,925137.0,82149.0,0.8257
2015-11-27,233918.0,437714.0,-203796.0,1119603.0,970366.0,149237.0,0.8847
2015-11-30,234776.0,446357.0,-211581.0,1164468.0,994704.0,169764.0,0.8809
2015-12-01,232741.0,446787.0,-214046.0,1227135.0,1042773.0,184362.0,0.8468
2015-12-02,233239.0,441867.0,-208628.0,1253658.0,1062819.0,190839.0,0.8199
2015-12-03,233183.0,440631.0,-207448.0,1292869.0,1099598.0,193271.0,0.7772
2015-12-04,240601.0,442005.0,-201404.0,1302078.0,1123587.0,178491.0,0.7749
2015-12-07,243918.0,443022.0,-199104.0,1300363.0,1133596.0,166767.0,0.756
2015-12-08,244495.0,441976.0,-197481.0,1312578.0,1151527.0,161051.0,0.7607
2015-12-09,245996.0,440477.0,-194481.0,1365322.0,1200847.0,164475.0,0.758
2015-12-10,246203.0,440110.0,-193907.0,1390973.0,1229330.0,161643.0,0.7654
2015-12-11,246172.0,435318.0,-189146.0,1403675.0,1250501.0,153174.0,0.7302
2015-12-14,246627.0,434148.0,-187521.0,1459095.0,1277184.0,181911.0,0.7695
2015-12-15,248791.0,430223.0,-181432.0,1452372.0,1300376.0,151996.0,0.7946
2015-12-16,251174.0,423574.0,-172400.0,1474341.0,1300391.0,173950.0,0.7942
2015-12-17,250430.0,419919.0,-169489.0,1437873.0,1268165.0,169708.0,0.789
2015-12-18,250212.0,422163.0,-171951.0,1413989.0,1257738.0,156251.0,0.7501
2015-12-21,249381.0,418537.0,-169156.0,1429646.0,1267594.0,162052.0,0.7801
2015-12-22,249896.0,414575.0,-164679.0,1421145.0,1249739.0,171406.0,0.7687
2015-12-23,252093.0,414324.0,-162231.0,1435788.0,1252158.0,183630.0,0.7992
2015-12-24,249622.0,413658.0,-164036.0,1439786.0,1254353.0,185433.0,0.8
2015-12-28,249923.0,407294.0,-157371.0,1478186.0,1263533.0,214653.0,0.8298
2015-12-29,248171.0,410757.0,-162586.0,1514251.0,1296349.0,217902.0,0.8542
2015-12-30,243829.0,413790.0,-169961.0,1552084.0,1341068.0,211016.0,0.8299
2015-12-31,208944.0,402101.0,-193157.0,868186.0,940595.6667,-72409.66669999994,0.7659
2016-01-01,208500.0,402365.0,-193865.0,896415.0,962361.0,-65946.0,0.7597
2016-01-04,208770.0,403566.0,-194796.0,1039662.0,1034943.0,4719.0,0.829
2016-01-05,208988.0,403647.0,-194659.0,1109897.0,1085247.0,24650.0,0.8219
2016-01-06,210159.0,401944.0,-191785.0,750251.0,1122953.0,-372702.0,0.8142
2016-01-07,212525.0,399960.0,-187435.0,1243529.0,1180372.0,63157.0,0.8003
2016-01-08,212604.0,401778.0,-189174.0,1276912.0,1224809.0,52103.0,0.7759
2016-01-11,217357.0,402356.0,-184999.0,1330568.0,1266616.0,63952.0,0.7689
2016-01-12,218351.0,401340.0,-182989.0,1361248.0,1308583.0,52665.0,0.7463
2016-01-13,219787.0,399623.0,-179836.0,1409529.0,1328918.0,80611.0,0.7498
2016-01-14,221095.0,398898.0,-177803.0,1444183.0,1349633.0,94550.0,0.7717
2016-01-15,222251.0,397122.0,-174871.0,1480498.0,1386594.0,93904.0,0.7442
2016-01-18,224743.0,401965.0,-177222.0,1521133.0,1423455.0,97678.0,0.729
2016-01-19,228933.0,405248.0,-176315.0,1569973.0,1442949.0,127024.0,0.7413
2016-01-20,229680.0,407268.0,-177588.0,1641560.0,1449878.0,191682.0,0.7451
2016-01-21,229627.0,414181.0,-184554.0,1664429.0,1460413.0,204016.0,0.7426
2016-01-22,229028.0,419493.0,-190465.0,1695022.0,1444030.0,250992.0,0.7988
2016-01-25,229247.0,420695.0,-191448.0,1713819.0,1467766.0,246053.0,0.7798
2016-01-27,227062.0,423597.0,-196535.0,1781568.0,1512549.0,269019.0,0.7809
2016-01-28,217529.0,430342.0,-212813.0,1061610.0,944356.0,117254.0,0.8664
2016-01-29,223419.0,434692.0,-211273.0,1185203.0,989652.0,195551.0,0.8764
2016-02-01,223467.0,432280.0,-208813.0,1271791.0,1029138.0,242653.0,0.8403
2016-02-02,223891.0,425417.0,-201526.0,1276448.0,1059111.0,217337.0,0.7789
2016-02-03,228107.0,422101.0,-193994.0,1302087.0,1091685.0,210402.0,0.7632
2016-02-04,230064.0,419350.0,-189286.0,1359190.0,1118203.0,240987.0,0.7695
2016-02-05,231022.0,424500.0,-193478.0,1403000.0,1138010.0,264990.0,0.8001
2016-02-08,231614.0,424701.0,-193087.0,1421651.0,1140615.0,281036.0,0.7712
2016-02-09,232428.0,427458.0,-195030.0,1476724.0,1152866.0,323858.0,0.7825
2016-02-11,234551.0,426557.0,-192006.0,1569989.0,1262312.0,307677.0,0.7225
2016-02-12,238132.0,425457.0,-187325.0,1606185.0,1299849.0,306336.0,0.7131
2016-02-15,238011.0,423530.0,-185519.0,1665668.0,1300832.0,364836.0,0.7519
2016-02-16,240360.0,422147.0,-181787.0,1675200.0,1313118.0,362082.0,0.7296
2016-02-17,235632.0,425217.0,-189585.0,1695064.0,1339257.0,355807.0,0.7422
2016-02-18,235547.0,425241.0,-189694.0,1733922.0,1370687.0,363235.0,0.76
2016-02-19,233084.0,428587.0,-195503.0,1692823.0,1382696.0,310127.0,0.7477
2016-02-22,231471.0,431604.0,-200133.0,1709632.0,1402069.0,307563.0,0.7415
2016-02-23,231013.0,434530.0,-203517.0,1706196.0,1410045.0,296151.0,0.6882
2016-02-24,231374.0,437581.0,-206207.0,1710914.0,1419027.0,291887.0,0.6483
2016-02-25,220525.0,441337.0,-220812.0,1118096.0,948301.0,169795.0,0.8375
2016-02-26,221812.0,450270.0,-228458.0,1194675.0,985581.0,209094.0,0.8114
2016-02-29,220854.0,456418.0,-235564.0,1260679.0,1021878.0,238801.0,0.7953
2016-03-01,218812.0,454316.0,-235504.0,1388083.0,1030349.0,357734.0,0.8568
2016-03-02,219225.0,441855.0,-222630.0,1522312.0,1035675.0,486637.0,0.9076
2016-03-03,220397.0,434901.0,-214504.0,1569913.0,1065046.0,504867.0,0.9685
2016-03-04,221379.0,429553.0,-208174.0,1594751.0,1084875.0,509876.0,0.9694
2016-03-08,220763.0,421294.0,-200531.0,1603828.0,1082198.0,521630.0,0.9661
2016-03-09,218467.0,423168.0,-204701.0,1620682.0,1107971.0,512711.0,0.9698
2016-03-10,219748.0,419052.0,-199304.0,1632547.0,1127025.0,505522.0,0.934
2016-03-11,219455.0,415530.0,-196075.0,1656597.0,1145042.0,511555.0,0.9254
2016-03-14,223255.0,412900.0,-189645.0,1668958.0,1138219.0,530739.0,0.9301
2016-03-15,222058.0,412632.0,-190574.0,1678842.0,1137627.0,541215.0,0.9183
2016-03-16,224526.0,412473.0,-187947.0,1709699.0,1202407.0,507292.0,0.9248
2016-03-17,224640.0,407640.0,-183000.0,1755512.0,1214509.0,541003.0,0.9209
2016-03-18,224845.0,400023.0,-175178.0,1795070.0,1247784.0,547286.0,0.9612
2016-03-21,226228.0,393376.0,-167148.0,1790648.0,1257916.667,532731.3330000001,1.025
2016-03-22,227473.0,392812.0,-165339.0,1784547.0,1291687.0,492860.0,1.0161
2016-03-23,227253.0,393733.0,-166480.0,1760145.0,1301786.0,458359.0,1.0073
2016-03-28,226785.0,387982.0,-161197.0,1720529.0,1311903.0,408626.0,0.9199
2016-03-29,224311.0,387009.0,-162698.0,1757677.0,1379793.0,377884.0,0.9314
2016-03-30,224230.0,382055.0,-157825.0,1764086.0,1406141.0,357945.0,1.0437
2016-03-31,206875.0,365262.0,-158387.0,1051415.667,866947.0,184468.6669999999,0.7552
2016-04-01,208460.0,368105.0,-159645.0,1112954.0,925329.0,187625.0,0.8119
2016-04-04,213075.0,367823.0,-154748.0,1144366.0,972174.0,172192.0,0.81
2016-04-05,209723.0,369154.0,-159431.0,1192984.0,1030685.0,162299.0,0.7399
2016-04-06,209703.0,369115.0,-159412.0,1203217.0,1057279.0,145938.0,0.7232
2016-04-07,208851.0,367944.0,-159093.0,1189112.0,1075093.0,114019.0,0.7048
2016-04-08,209362.0,368275.0,-158913.0,1193344.0,1098984.0,94360.0,0.7003
2016-04-11,204522.0,370427.0,-165905.0,1206442.0,1112701.0,93741.0,0.765
2016-04-12,203688.0,371348.0,-167660.0,1245381.0,1117002.0,128379.0,0.7895
2016-04-13,200390.0,373349.0,-172959.0,1362528.0,1098219.0,264309.0,0.9189
2016-04-18,194823.0,369955.0,-175132.0,1386376.0,1083445.0,302931.0,0.9837
2016-04-20,195049.0,375073.0,-180024.0,1403240.0,1410965.0,-7725.0,0.9901
2016-04-21,195493.0,371066.0,-175573.0,1426290.0,1108873.0,317417.0,0.9823
2016-04-22,196187.0,376303.0,-180116.0,1458165.0,1109549.0,348616.0,0.9647
2016-04-25,196586.0,377483.0,-180897.0,1500657.0,1142106.0,358551.0,0.9507
2016-04-26,197585.0,380812.0,-183227.0,1549897.0,1201917.0,347980.0,1.0485
2016-04-27,195803.0,386463.0,-190660.0,1586387.0,1220614.0,365773.0,1.0553
2016-04-28,186015.0,379320.0,-193305.0,1070845.0,836723.0,234122.0,0.8831
2016-04-29,187763.0,387219.0,-199456.0,1151943.0,889082.0,262861.0,0.8926
2016-05-02,188690.0,385667.0,-196977.0,1151497.0,923448.0,228049.0,0.8468
2016-05-03,188636.0,383613.0,-194977.0,1174714.0,962331.0,212383.0,0.8082
2016-05-04,190646.0,384976.0,-194330.0,1177639.0,1010856.0,166783.0,0.7674
2016-05-05,191831.0,385113.0,-193282.0,1210760.0,1043016.0,167744.0,0.7683
2016-05-06,191209.0,387279.0,-196070.0,1227375.0,1076903.0,150472.0,0.7413
2016-05-09,188958.0,385254.0,-196296.0,1274484.0,1093063.0,181421.0,0.8188
2016-05-10,186152.0,387888.0,-201736.0,1291312.0,1124599.0,166713.0,0.8497
2016-05-11,184952.0,387543.0,-202591.0,1317933.0,1124800.0,193133.0,0.8494
2016-05-12,185038.0,388345.0,-203307.0,1348078.0,1137118.0,210960.0,0.8903
2016-05-13,185662.0,386898.0,-201236.0,1357668.0,1166472.0,191196.0,0.809
2016-05-16,186160.0,388218.0,-202058.0,1379712.0,1183070.0,196642.0,0.8277
2016-05-17,185570.0,389440.0,-203870.0,1411274.0,1190185.0,221089.0,0.8644
2016-05-18,186167.0,391976.0,-205809.0,1430823.0,1229080.0,201743.0,0.8541
2016-05-19,186510.0,393967.0,-207457.0,1437751.0,1256233.0,181518.0,0.7755
2016-05-20,188565.0,397873.0,-209308.0,1436527.0,1269594.0,166933.0,0.7609
2016-05-23,190398.0,401642.0,-211244.0,1452853.0,1257271.0,195582.0,0.7536
2016-05-24,189821.0,405316.0,-215495.0,1472903.0,1291144.0,181759.0,0.7896
2016-05-25,187488.0,410367.0,-222879.0,1578806.0,1299296.0,279510.0,0.9387
2016-05-26,182955.0,407332.0,-224377.0,1092027.0,846583.0,245444.0,0.9322
2016-05-27,184044.0,417370.0,-233326.0,1209298.0,873970.0,335328.0,0.9556
2016-05-30,182430.0,426784.0,-244354.0,1263263.0,903661.0,359602.0,0.9784
2016-05-31,182452.0,431791.0,-249339.0,1287187.0,927187.0,360000.0,0.9666
2016-06-01,182664.0,429786.0,-247122.0,1328655.0,957077.0,371578.0,0.9555
2016-06-02,182769.0,432245.0,-249476.0,1357606.0,988259.0,369347.0,0.9688
2016-06-03,182664.0,434666.0,-252002.0,1372975.0,1003338.0,369637.0,0.9658
2016-06-06,182763.0,435366.0,-252603.0,1378293.0,1014583.0,363710.0,0.9668
2016-06-07,187049.0,434909.0,-247860.0,1390141.0,1023781.0,366360.0,1.0101
2016-06-08,187428.0,433005.0,-245577.0,1418541.0,1029782.0,388759.0,1.0517
2016-06-09,185940.0,431672.0,-245732.0,1439012.0,1034516.0,404496.0,1.0338
2016-06-10,185740.0,431112.0,-245372.0,1445513.0,1049572.0,395941.0,1.0084
2016-06-13,185490.0,426512.0,-241022.0,1430396.0,1060288.0,370108.0,0.9742
2016-06-14,186641.0,426959.0,-240318.0,1416468.0,1071198.0,345270.0,0.9643
2016-06-15,187558.0,423836.0,-236278.0,1437742.0,1092401.0,345341.0,1.0477
2016-06-16,188069.0,421214.0,-233145.0,1428045.0,1108695.0,319350.0,0.9818
2016-06-17,188104.0,418824.0,-230720.0,1441051.0,1142802.0,298249.0,0.9905
2016-06-20,192868.0,415485.0,-222617.0,1433312.0,1171224.0,262088.0,1.0319
2016-06-21,192615.0,410898.0,-218283.0,1430854.0,1188778.0,242076.0,1.0128
2016-06-22,192872.0,404726.0,-211854.0,1445586.0,1208466.0,237120.0,0.9839
2016-06-23,193177.0,401239.0,-208062.0,1477933.0,1217182.0,260751.0,1.0565
2016-06-24,198421.0,396497.0,-198076.0,1471332.0,1195858.0,275474.0,0.9552
2016-06-27,198326.0,382122.0,-183796.0,1488480.0,1214267.0,274213.0,0.9526
2016-06-28,198313.0,367122.0,-168809.0,1502065.0,1211643.0,290422.0,0.972
2016-06-29,196260.0,352958.0,-156698.0,1519267.0,1190432.0,328835.0,1.0487
2016-06-30,175428.0,311485.0,-136057.0,905791.0,730958.0,174833.0,0.9252
2016-07-01,174767.0,319047.0,-144280.0,951382.0,756563.0,194819.0,0.9472
2016-07-04,171775.0,319686.0,-147911.0,998800.0,782361.0,216439.0,1.0026
2016-07-05,169109.0,324679.0,-155570.0,1029690.0,810477.0,219213.0,0.9696
2016-07-07,169675.0,327426.0,-157751.0,1040948.0,827789.0,213159.0,0.9711
2016-07-08,171178.0,328274.0,-157096.0,1068383.0,848869.0,219514.0,0.953
2016-07-11,172736.0,328269.0,-155533.0,1118720.0,866966.0,251754.0,1.0053
2016-07-12,172887.0,332579.0,-159692.0,1161881.0,879283.0,282598.0,1.0589
2016-07-13,173240.0,333512.0,-160272.0,1200791.0,902374.0,298417.0,1.0058
2016-07-14,172856.0,335009.0,-162153.0,1221366.0,914436.0,306930.0,1.0098
2016-07-15,172106.0,335559.0,-163453.0,1245783.0,953029.0,292754.0,0.9818
2016-07-18,172332.0,334437.0,-162105.0,1279323.0,971466.0,307857.0,0.9524
2016-07-19,172103.0,334836.0,-162733.0,1304664.0,996523.0,308141.0,0.9642
2016-07-20,172830.0,337086.0,-164256.0,1315099.0,1023087.0,292012.0,0.9934
2016-07-21,172959.0,337715.0,-164756.0,1342462.0,1034935.0,307527.0,0.9313
2016-07-22,173199.0,338932.0,-165733.0,1331778.0,1043042.0,288736.0,0.9551
2016-07-25,174280.0,337612.0,-163332.0,1354685.0,1072883.0,281802.0,1.0212
2016-07-26,176944.0,336868.0,-159924.0,1399963.0,1128838.0,271125.0,0.981
2016-07-27,176722.0,337469.0,-160747.0,1444416.0,1160144.0,284272.0,0.9921
2016-07-28,172284.0,325832.0,-153548.0,981515.0,770365.0,211150.0,0.8938
2016-07-29,173434.0,332180.0,-158746.0,1032012.0,810996.0,221016.0,0.8824
2016-08-01,173635.0,334630.0,-160995.0,1080434.0,855233.0,225201.0,0.8448
2016-08-02,174309.0,336173.0,-161864.0,1106774.0,886376.0,220398.0,0.8144
2016-08-03,176059.0,346338.0,-170279.0,1137275.0,931362.0,205913.0,0.761
2016-08-04,175954.0,347437.0,-171483.0,1181946.0,939103.0,242843.0,0.8189
2016-08-05,176111.0,351638.0,-175527.0,1224598.0,944621.0,279977.0,0.8979
2016-08-08,176252.0,355666.0,-179414.0,1246797.0,955737.0,291060.0,0.9198
2016-08-09,177139.0,357588.0,-180449.0,1275755.0,987795.0,287960.0,0.893
2016-08-10,179682.0,357045.0,-177363.0,1299447.0,1024350.0,275097.0,0.8268
2016-08-11,181449.0,355870.0,-174421.0,1313249.0,1047934.0,265315.0,0.8527
2016-08-12,180949.0,355449.0,-174500.0,1319307.0,1036007.0,283300.0,0.9178
2016-08-16,180133.0,357698.0,-177565.0,1333708.0,1039597.0,294111.0,0.906
2016-08-17,180630.0,356756.0,-176126.0,1350426.0,1052881.0,297545.0,0.8954
2016-08-18,181483.0,360200.0,-178717.0,1389849.0,1070071.0,319778.0,0.9432
2016-08-19,182592.0,363150.0,-180558.0,1405152.0,1077780.0,327372.0,0.9685
2016-08-22,183347.0,363476.0,-180129.0,1427634.0,1111944.0,315690.0,0.8901
2016-08-23,184260.0,365226.0,-180966.0,1444942.0,1154753.0,290189.0,0.9095
2016-08-24,181554.0,369692.0,-188138.0,1485285.0,1177367.0,307918.0,0.9379
2016-08-25,174249.0,356405.0,-182156.0,1067568.0,830381.0,237187.0,0.9662
2016-08-26,210385.0,366012.0,-155627.0,1151826.0,887750.0,264076.0,0.9815
2016-08-29,212878.0,366821.0,-153943.0,1192150.0,921147.0,271003.0,0.9876
2016-08-30,213354.0,370501.0,-157147.0,1266477.0,955788.0,310689.0,1.0326
2016-08-31,214850.0,380662.0,-165812.0,1346513.0,985027.0,361486.0,1.0854
2016-09-01,214580.0,384575.0,-169995.0,1390095.0,1018991.0,371104.0,1.0229
2016-09-02,215055.0,382958.0,-167903.0,1409071.0,1038113.0,370958.0,1.0479
2016-09-06,214337.0,383129.0,-168792.0,1457520.0,1054813.0,402707.0,1.1365
2016-09-07,214738.0,382943.0,-168205.0,1483209.0,1084982.0,398227.0,1.1325
2016-09-08,214759.0,380600.0,-165841.0,1496075.0,1114149.0,381926.0,1.112
2016-09-09,216465.0,379302.0,-162837.0,1508441.0,1140642.0,367799.0,1.0539
2016-09-12,216609.0,378705.0,-162096.0,1556231.0,1123931.0,432300.0,0.9594
2016-09-14,216615.0,376086.0,-159471.0,1571501.0,1156400.0,415101.0,0.9599
2016-09-15,216525.0,367706.0,-151181.0,1566285.0,1174734.0,391551.0,0.9772
2016-09-16,216504.0,366898.0,-150394.0,1591197.0,1189892.0,401305.0,0.9949
2016-09-19,217046.0,366528.0,-149482.0,1604790.0,1214253.0,390537.0,1.0057
2016-09-20,214391.0,369400.0,-155009.0,1603149.0,1258092.0,345057.0,0.9866
2016-09-21,206941.0,368768.0,-161827.0,1624663.0,1284790.0,339873.0,0.9919
2016-09-22,206145.0,363367.0,-157222.0,1627034.0,1290911.0,336123.0,1.0451
2016-09-23,207155.0,364514.0,-157359.0,1623019.0,1299962.0,323057.0,1.0204
2016-09-26,206469.0,367715.0,-161246.0,1626736.0,1332775.0,293961.0,0.9507
2016-09-27,206773.0,364421.0,-157648.0,1672006.0,1364492.0,307514.0,0.9329
2016-09-28,206519.0,367463.0,-160944.0,1711316.0,1386825.0,324491.0,0.9939
2016-09-29,177299.0,349698.0,-172399.0,1008310.0,882729.0,125581.0,0.9037
2016-09-30,178825.0,355229.0,-176404.0,1061844.0,939719.0,122125.0,0.8915
2016-10-03,178348.0,363818.0,-185470.0,1084817.0,957549.0,127268.0,0.9035
2016-10-04,178339.0,366558.0,-188219.0,1113450.0,967689.0,145761.0,0.9194
2016-10-05,178383.0,366778.0,-188395.0,1133917.0,981522.0,152395.0,0.8781
2016-10-06,179150.0,366255.0,-187105.0,1144800.0,993846.0,150954.0,0.8968
2016-10-07,179481.0,373945.0,-194464.0,1157116.0,1019011.0,138105.0,0.8848
2016-10-10,179714.0,377735.0,-198021.0,1151909.0,1025291.0,126618.0,0.869
2016-10-13,180264.0,377676.0,-197412.0,1157807.0,1051062.0,106745.0,0.8374
2016-10-14,180298.0,379491.0,-199193.0,1201197.0,1083664.0,117533.0,0.8424
2016-10-17,181759.0,378217.0,-196458.0,1200833.0,1089989.0,110844.0,0.7981
2016-10-18,181591.0,379654.0,-198063.0,1240225.0,1077041.0,163184.0,0.9189
2016-10-19,181980.0,385202.0,-203222.0,1259269.0,1089718.0,169551.0,0.9158
2016-10-20,185190.0,384610.0,-199420.0,1277557.0,1119351.0,158206.0,0.9074
2016-10-21,185809.0,387693.0,-201884.0,1286987.0,1129135.0,157852.0,0.9214
2016-10-24,185888.0,392427.0,-206539.0,1320629.0,1152203.0,168426.0,0.9276
2016-10-25,186215.0,397631.0,-211416.0,1330595.0,1184546.0,146049.0,0.9191
2016-10-26,186328.0,399789.0,-213461.0,1346098.0,1201629.0,144469.0,0.8373
2016-10-27,182845.0,391544.0,-208699.0,894505.0,841279.0,53226.0,0.919
2016-10-28,183204.0,408084.0,-224880.0,966999.0,888821.0,78178.0,0.9431
2016-11-01,182563.0,408498.0,-225935.0,996211.0,914080.0,82131.0,0.9261
2016-11-02,183092.0,406514.0,-223422.0,1036910.0,957698.0,79212.0,0.893
2016-11-03,182999.0,404344.0,-221345.0,1057386.0,989247.0,68139.0,0.8838
2016-11-04,183660.0,402973.0,-219313.0,1093367.0,1053145.0,40222.0,0.8707
2016-11-07,186086.0,403096.0,-217010.0,1089199.0,1044376.0,44823.0,0.8855
2016-11-08,188186.0,402440.0,-214254.0,1109268.0,1072538.0,36730.0,0.9008
2016-11-09,184610.0,401551.0,-216941.0,1162514.0,1090865.0,71649.0,0.9151
2016-11-10,184523.0,404095.0,-219572.0,1194711.0,1103380.0,91331.0,0.8986
2016-11-11,185514.0,408304.0,-222790.0,1217399.0,1202388.0,15011.0,0.7581
2016-11-15,190424.0,404834.0,-214410.0,1213598.0,1270540.0,-56942.0,0.6726
2016-11-16,203074.0,405910.0,-202836.0,1231078.0,1272573.0,-41495.0,0.6897
2016-11-17,194885.0,406662.0,-211777.0,1244465.0,1282377.0,-37912.0,0.697
2016-11-18,188105.0,406705.0,-218600.0,1270556.0,1301988.0,-31432.0,0.6966
2016-11-21,189525.0,407907.0,-218382.0,1334862.0,1313921.0,20941.0,0.644
2016-11-22,190071.0,409525.0,-219454.0,1370307.0,1323142.0,47165.0,0.6672
2016-11-23,190639.0,410381.0,-219742.0,1396438.0,1339171.0,57267.0,0.6878
2016-11-24,187288.0,406570.0,-219282.0,847972.0,804237.0,43735.0,0.9118
2016-11-25,187217.0,404565.0,-217348.0,945598.0,832783.0,112815.0,0.9296
2016-11-28,186347.0,411391.0,-225044.0,1011234.0,860667.0,150567.0,0.9331
2016-11-29,185989.0,412938.0,-226949.0,1068106.0,869486.0,198620.0,0.9425
2016-11-30,186778.0,420854.0,-234076.0,1112245.0,887953.0,224292.0,1.0261
2016-12-01,185939.0,421677.0,-235738.0,1143562.0,890218.0,253344.0,1.0027
2016-12-02,187492.0,416975.0,-229483.0,1154737.0,900417.0,254320.0,0.9719
2016-12-05,187592.0,415722.0,-228130.0,1161637.0,905026.0,256611.0,0.9706
2016-12-06,187133.0,413616.0,-226483.0,1177837.0,908725.0,269112.0,0.9514
2016-12-07,187620.0,406064.0,-218444.0,1198654.0,925035.0,273619.0,0.9398
2016-12-08,187041.0,402242.0,-215201.0,1242847.0,931946.0,310901.0,1.023
2016-12-09,186888.0,403574.0,-216686.0,1262571.0,952783.0,309788.0,1.0483
2016-12-12,187200.0,390503.0,-203303.0,1256517.0,962297.0,294220.0,0.9948
2016-12-13,187374.0,391740.0,-204366.0,1261523.0,973572.0,287951.0,1.0078
2016-12-14,187729.0,388724.0,-200995.0,1256327.0,1000734.0,255593.0,0.9937
2016-12-15,188098.0,390719.0,-202621.0,1249357.0,1010107.0,239250.0,0.9744
2016-12-16,188449.0,391826.0,-203377.0,1249737.0,1019971.0,229766.0,0.9489
2016-12-19,189284.0,400238.0,-210954.0,1254938.0,1029602.0,225336.0,0.9193
2016-12-20,190810.0,406861.0,-216051.0,1255805.0,1049304.0,206501.0,0.874
2016-12-21,190789.0,412943.0,-222154.0,1259078.0,1059578.0,199500.0,0.884
2016-12-22,195173.0,419089.0,-223916.0,1263339.0,1087268.0,176071.0,0.8463
2016-12-23,194546.0,422454.0,-227908.0,1280581.0,1127438.0,153143.0,0.8577
2016-12-26,192074.0,425471.0,-233397.0,1326866.0,1154382.0,172484.0,0.7775
2016-12-27,192118.0,427064.0,-234946.0,1375754.0,1175269.0,200485.0,0.881
2016-12-28,192627.0,431654.0,-239027.0,1401447.0,1152214.0,249233.0,0.901
2016-12-29,174457.0,438973.0,-264516.0,879365.0,766374.0,112991.0,0.9833
2016-12-30,179134.0,448324.0,-269190.0,972537.0,806543.0,165994.0,1.0115
2017-01-02,179481.0,453376.0,-273895.0,1003775.0,819114.0,184661.0,0.9949
2017-01-03,178837.0,449772.0,-270935.0,1043586.0,827300.0,216286.0,1.0043
2017-01-04,179456.0,449952.0,-270496.0,1080482.0,842460.0,238022.0,0.9587
2017-01-05,179090.0,450187.0,-271097.0,1131491.0,855465.0,276026.0,1.022
2017-01-06,179435.0,454269.0,-274834.0,1166660.0,869266.0,297394.0,1.0283
2017-01-09,179112.0,461799.0,-282687.0,1179502.0,878445.0,301057.0,1.014
2017-01-10,179125.0,470121.0,-290996.0,1194587.0,892110.0,302477.0,1.0297
2017-01-11,179062.0,473828.0,-294766.0,1255123.0,901715.0,353408.0,1.1306
2017-01-12,179434.0,475722.0,-296288.0,1308256.0,927682.0,380574.0,1.1038
2017-01-13,179475.0,480458.0,-300983.0,1338362.0,961992.0,376370.0,1.0921
2017-01-16,186371.0,482049.0,-295678.0,1371310.0,1006774.0,364536.0,1.1198
2017-01-17,188628.0,484970.0,-296342.0,1394519.0,1036779.0,357740.0,1.0833
2017-01-18,188453.0,485929.0,-297476.0,1402973.0,1070418.0,332555.0,1.0716
2017-01-19,188217.0,488057.0,-299840.0,1418036.0,1080827.0,337209.0,1.0732
2017-01-20,187657.0,491927.0,-304270.0,1441895.0,1100412.0,341483.0,1.0072
2017-01-23,188029.0,496202.0,-308173.0,1464062.0,1129494.0,334568.0,1.0531
2017-01-24,187832.0,494381.0,-306549.0,1520072.0,1008862.0,511210.0,1.1318
2017-01-25,178692.0,484956.0,-306264.0,1010647.0,747346.0,263301.0,0.9698
2017-01-27,179325.0,491110.0,-311785.0,1099913.0,835522.0,264391.0,0.944
2017-01-30,180448.0,491853.0,-311405.0,1176134.0,907564.0,268570.0,0.9058
2017-01-31,182030.0,492928.0,-310898.0,1222321.0,964980.0,257341.0,0.8972
2017-02-01,191355.0,492445.0,-301090.0,1262884.0,979862.0,283022.0,0.9445
2017-02-02,200752.0,485625.0,-284873.0,1310690.0,993953.0,316737.0,0.9487
2017-02-03,202904.0,480626.0,-277722.0,1331408.0,1043421.0,287987.0,0.975
2017-02-06,203429.0,477673.0,-274244.0,1371944.0,1065781.0,306163.0,0.9867
2017-02-07,204118.0,473555.0,-269437.0,1393534.0,1100935.0,292599.0,0.9703
2017-02-08,205168.0,474218.0,-269050.0,1411938.0,1128097.0,283841.0,0.9555
2017-02-09,200102.0,473726.0,-273624.0,1445406.0,1131471.0,313935.0,0.9763
2017-02-10,199529.0,472324.0,-272795.0,1477793.0,1150361.0,327432.0,0.9629
2017-02-13,196490.0,470026.0,-273536.0,1497840.0,1164744.0,333096.0,0.9594
2017-02-14,196335.0,470389.0,-274054.0,1535031.0,1188777.0,346254.0,0.9469
2017-02-15,196285.0,468346.0,-272061.0,1570275.0,1233366.0,336909.0,0.8922
2017-02-16,196830.0,466002.0,-269172.0,1574807.0,1232796.0,342011.0,0.9333
2017-02-17,223832.0,427751.0,-203919.0,1573223.0,1296558.0,276665.0,0.9793
2017-02-20,221107.0,428917.0,-207810.0,1609518.0,1349749.0,259769.0,1.0216
2017-02-21,221157.0,433717.0,-212560.0,1649646.0,1408985.0,240661.0,1.0667
2017-02-22,219109.0,435175.0,-216066.0,1667092.0,1466657.0,200435.0,1.0522
2017-02-23,202855.0,418834.0,-215979.0,1040455.0,849861.0,190594.0,0.9331
2017-02-27,203510.0,430645.0,-227135.0,1084600.0,886963.0,197637.0,0.8879
2017-02-28,203481.0,447569.0,-244088.0,1124909.0,905495.0,219414.0,0.8796
2017-03-01,203272.0,448459.0,-245187.0,1167180.0,948931.0,218249.0,0.9041
2017-03-02,204095.0,442324.0,-238229.0,1181405.0,973354.0,208051.0,0.8779
2017-03-03,205274.0,439038.0,-233764.0,1187131.0,991300.0,195831.0,0.8559
2017-03-06,207935.0,435637.0,-227702.0,1192547.0,1016238.0,176309.0,0.8626
2017-03-07,214402.0,434751.0,-220349.0,1204174.0,1056396.0,147778.0,0.8508
2017-03-08,223192.0,434395.0,-211203.0,1244390.0,1105516.0,138874.0,0.8384
2017-03-09,232090.0,432973.0,-200883.0,1250254.0,1147007.0,103247.0,0.8198
2017-03-10,233083.0,429022.0,-195939.0,1251335.0,1218368.0,32967.0,0.7902
2017-03-14,219603.0,427289.0,-207686.0,1319274.0,1207450.0,111824.0,0.8555
2017-03-15,217683.0,427524.0,-209841.0,1334573.0,1219281.0,115292.0,0.9143
2017-03-16,218344.0,425294.0,-206950.0,1365305.0,1227112.0,138193.0,0.9593
2017-03-17,218384.0,424074.0,-205690.0,1386217.0,1243441.0,142776.0,0.9811
2017-03-20,217542.0,425430.0,-207888.0,1384336.0,1248398.0,135938.0,0.9387
2017-03-21,210460.0,427687.0,-217227.0,1372623.0,1279573.0,93050.0,0.8966
2017-03-22,208725.0,431238.0,-222513.0,1393346.0,1306541.0,86805.0,0.8397
2017-03-23,209451.0,431690.0,-222239.0,1404089.0,1309749.0,94340.0,0.9112
2017-03-24,209833.0,438248.0,-228415.0,1414360.0,1316717.0,97643.0,0.9234
2017-03-27,210829.0,430261.0,-219432.0,1434829.0,1357488.0,77341.0,0.9071
2017-03-28,210402.0,429335.0,-218933.0,1558570.0,1473113.0,85457.0,0.9545
2017-03-29,209223.0,432261.0,-223038.0,1688236.0,1591545.0,96691.0,1.0154
2017-03-30,186891.0,418072.0,-231181.0,1094699.0,1019991.0,74708.0,0.9224
2017-03-31,188070.0,426835.0,-238765.0,1148325.0,1064771.0,83554.0,0.8968
2017-04-03,188748.0,425927.0,-237179.0,1198507.0,1089290.0,109217.0,0.9561
2017-04-05,188416.0,428740.0,-240324.0,1231016.0,1118129.0,112887.0,0.9944
2017-04-06,189224.0,427308.0,-238084.0,1232313.0,1128914.0,103399.0,0.9686
2017-04-07,189824.0,425821.0,-235997.0,1257132.0,1142915.0,114217.0,0.9194
2017-04-10,190884.0,427714.0,-236830.0,1269658.0,1144719.0,124939.0,0.9431
2017-04-11,191733.0,436586.0,-244853.0,1293889.0,1140749.0,153140.0,1.0206
2017-04-12,192851.0,438213.0,-245362.0,1314002.0,1141883.0,172119.0,0.9834
2017-04-13,192833.0,443219.0,-250386.0,1340715.0,1149332.0,191383.0,0.9631
2017-04-17,194064.0,444087.0,-250023.0,1349457.0,1151780.0,197677.0,0.9499
2017-04-18,194415.0,436141.0,-241726.0,1373406.0,1158017.0,215389.0,0.9343
2017-04-19,194596.0,445716.0,-251120.0,1386641.0,1170891.0,215750.0,0.9038
2017-04-20,194690.0,452736.0,-258046.0,1378793.0,1173352.0,205441.0,0.9428
2017-04-21,195222.0,455625.0,-260403.0,1377264.0,1182715.0,194549.0,0.9096
2017-04-24,201444.0,457832.0,-256388.0,1451913.0,1221859.0,230054.0,1.0286
2017-04-25,203689.0,455272.0,-251583.0,1544655.0,1293824.0,250831.0,1.0955
2017-04-26,205996.0,457776.0,-251780.0,1628049.0,1348171.0,279878.0,1.1547
2017-04-27,202267.0,455468.0,-253201.0,971176.0,834633.0,136543.0,1.0245
2017-04-28,204203.0,482697.0,-278494.0,1048508.0,902732.0,145776.0,1.025
2017-05-02,206622.0,482370.0,-275748.0,1060693.0,915265.0,145428.0,1.0146
2017-05-03,207906.0,483252.0,-275346.0,1089433.0,932904.0,156529.0,0.9958
2017-05-04,211185.0,482415.0,-271230.0,1123904.0,952066.0,171838.0,1.065
2017-05-05,211105.0,480198.0,-269093.0,1148973.0,976039.0,172934.0,0.9914
2017-05-08,209032.0,484592.0,-275560.0,1171603.0,986153.0,185450.0,1.004
2017-05-09,209765.0,489343.0,-279578.0,1180227.0,1017284.0,162943.0,0.9944
2017-05-10,207391.0,484428.0,-277037.0,1219893.0,1040352.0,179541.0,1.0611
2017-05-11,206768.0,481809.0,-275041.0,1253212.0,1058443.0,194769.0,1.073
2017-05-12,208710.0,486316.0,-277606.0,1258603.0,1080848.0,177755.0,1.0271
2017-05-15,203933.0,487325.0,-283392.0,1264099.0,1086404.0,177695.0,1.0391
2017-05-16,203597.0,483596.0,-279999.0,1280408.0,1107863.0,172545.0,1.1128
2017-05-17,206553.0,485460.0,-278907.0,1320141.0,1152552.0,167589.0,1.1422
2017-05-18,200612.0,483838.0,-283226.0,1326433.0,1140936.0,185497.0,1.0294
2017-05-19,200214.0,492436.0,-292222.0,1340555.0,1126610.0,213945.0,1.0008
2017-05-22,199253.0,493242.0,-293989.0,1383325.0,1170267.0,213058.0,0.957
2017-05-23,197046.0,501820.0,-304774.0,1448983.0,1197533.0,251450.0,0.9438
2017-05-24,205275.0,503231.0,-297956.0,1517235.0,1235075.0,282160.0,0.9176
2017-05-25,194060.0,495939.0,-301879.0,1027256.0,879356.0,147900.0,1.0117
2017-05-26,199452.0,504862.0,-305410.0,1112166.0,922132.0,190034.0,1.0416
2017-05-29,60335.0,517398.0,-457063.0,926808.0,946102.0,-19294.0,1.0182
2017-05-30,208179.0,526247.0,-318068.0,1189826.0,956476.0,233350.0,1.0325
2017-05-31,214284.0,537368.0,-323084.0,1251177.0,1007859.0,243318.0,1.0678
2017-06-01,213983.0,538653.0,-324670.0,1265228.0,1022237.0,242991.0,1.0127
2017-06-02,214740.0,538095.0,-323355.0,1268105.0,1016683.0,251422.0,1.0124
2017-06-05,215775.0,536933.0,-321158.0,1287921.0,1017226.0,270695.0,1.0459
2017-06-06,215905.0,540728.0,-324823.0,1285771.0,1016041.0,269730.0,1.045
2017-06-07,215549.0,544549.0,-329000.0,1300510.0,1029032.0,271478.0,1.0774
2017-06-08,214383.0,546409.0,-332026.0,1302958.0,1033250.0,269708.0,1.0486
2017-06-09,216762.0,547083.0,-330321.0,1327627.0,1054824.0,272803.0,1.0739
2017-06-12,220896.0,544648.0,-323752.0,1346068.0,1091631.0,254437.0,1.0029
2017-06-13,227782.0,542137.0,-314355.0,1351852.0,1109843.0,242009.0,1.0
2017-06-14,235038.0,544986.0,-309948.0,1354656.0,1107705.0,246951.0,1.0417
2017-06-15,234970.0,546034.0,-311064.0,1353100.0,1130760.0,222340.0,0.9993
2017-06-16,236489.0,546073.0,-309584.0,1357411.0,1144441.0,212970.0,0.9917
2017-06-19,233294.0,546271.0,-312977.0,1357420.0,1144457.0,212963.0,1.0584
2017-06-20,230503.0,543431.0,-312928.0,1370598.0,1155788.0,214810.0,1.0503
2017-06-21,229941.0,540747.0,-310806.0,1387530.0,1174370.0,213160.0,1.048
2017-06-22,229689.0,530802.0,-301113.0,1391833.0,1169487.0,222346.0,1.0254
2017-06-23,226710.0,535547.0,-308837.0,1427210.0,1189207.0,238003.0,0.9525
2017-06-27,218789.0,532337.0,-313548.0,1471401.0,1228738.0,242663.0,0.8563
2017-06-28,214351.0,528685.0,-314334.0,1518451.0,1263047.0,255404.0,0.8773
2017-06-29,192960.0,513208.0,-320248.0,1025191.0,885418.0,139773.0,1.0769
2017-06-30,195396.0,521600.0,-326204.0,1097992.0,924669.0,173323.0,1.0554
2017-07-03,195224.0,526573.0,-331349.0,1132187.0,940359.0,191828.0,1.0911
2017-07-04,195503.0,530625.0,-335122.0,1151862.0,950947.0,200915.0,1.072
2017-07-05,196257.0,531219.0,-334962.0,1168290.0,947027.0,221263.0,1.1464
2017-07-06,196588.0,529424.0,-332836.0,1195157.0,949655.0,245502.0,1.1734
2017-07-07,198925.0,534768.0,-335843.0,1207596.0,962156.0,245440.0,1.1522
2017-07-10,198632.0,532732.0,-334100.0,1235183.0,932235.0,302948.0,1.212
2017-07-11,199244.0,530267.0,-331023.0,1249016.0,917356.0,331660.0,1.1828
2017-07-12,200501.0,531391.0,-330890.0,1285548.0,971991.0,313557.0,1.2337
2017-07-13,200820.0,527372.0,-326552.0,1325112.0,974121.0,350991.0,1.2479
2017-07-14,201089.0,537294.0,-336205.0,1329521.0,989432.0,340089.0,1.2754
2017-07-17,201697.0,538579.0,-336882.0,1359635.0,1003035.0,356600.0,1.285
2017-07-18,205930.0,551748.0,-345818.0,1379095.0,1030674.0,348421.0,1.1689
2017-07-19,206026.0,557707.0,-351681.0,1393806.0,1030498.0,363308.0,1.231
2017-07-20,208086.0,561196.0,-353110.0,1388094.0,1033626.0,354468.0,1.1254
2017-07-21,207407.0,564812.0,-357405.0,1362698.0,1030009.0,332689.0,1.1522
2017-07-24,212360.0,564657.0,-352297.0,1400899.0,1047063.0,353836.0,1.2247
2017-07-25,216033.0,576277.0,-360244.0,1416802.0,1069918.0,346884.0,1.25
2017-07-26,229306.0,587782.0,-358476.0,1459697.0,1088825.0,370872.0,1.3545
2017-07-27,214735.0,568081.0,-353346.0,979466.0,727382.0,252084.0,1.1815
2017-07-28,214742.0,588032.0,-373290.0,1048700.0,808574.0,240126.0,1.1025
2017-07-31,217300.0,600395.0,-383095.0,1095109.0,842748.0,252361.0,1.1304
2017-08-01,219430.0,607224.0,-387794.0,1110206.0,868342.0,241864.0,1.1093
2017-08-02,218674.0,603465.0,-384791.0,1114040.0,891845.0,222195.0,1.0345
2017-08-03,218562.0,607662.0,-389100.0,1135249.0,914597.0,220652.0,1.0309
2017-08-04,217079.0,609988.0,-392909.0,1160100.0,930600.0,229500.0,1.0749
2017-08-07,219469.0,612649.0,-393180.0,1170201.0,957177.0,213024.0,1.0533
2017-08-08,220015.0,615775.0,-395760.0,1204789.0,981043.0,223746.0,0.9354
2017-08-09,218554.0,617895.0,-399341.0,1251427.0,1003543.0,247884.0,0.8837
2017-08-10,217501.0,616171.0,-398670.0,1285555.0,1017800.0,267755.0,0.9247
2017-08-11,218899.0,618131.0,-399232.0,1334312.0,1078141.0,256171.0,0.8883
2017-08-14,220333.0,624247.0,-403914.0,1353884.0,1075937.0,277947.0,0.9246
2017-08-16,221366.0,628068.0,-406702.0,1354409.0,1097273.0,257136.0,0.9953
2017-08-17,222764.0,624635.0,-401871.0,1370629.0,1111451.0,259178.0,0.988
2017-08-18,228110.0,636698.0,-408588.0,1368655.0,1148149.0,220506.0,0.9357
2017-08-21,225891.0,643453.0,-417562.0,1391233.0,1164902.0,226331.0,0.8755
2017-08-22,225648.0,645085.0,-419437.0,1419540.0,1197092.0,222448.0,0.8998
2017-08-23,227314.0,655178.0,-427864.0,1416956.0,1196528.0,220428.0,0.9842
2017-08-24,228089.0,663379.0,-435290.0,1407001.0,1181388.0,225613.0,1.0121
2017-08-28,227029.0,667378.0,-440349.0,1414159.0,1151159.0,263000.0,1.0115
2017-08-29,224520.0,664134.0,-439614.0,1399038.0,1147302.0,251736.0,0.9159
2017-08-30,224137.0,671128.0,-446991.0,1397999.0,1131277.0,266722.0,0.9781
2017-08-31,208122.0,665606.0,-457484.0,928977.0,711758.0,217219.0,1.2159
2017-09-01,211498.0,679571.0,-468073.0,996392.0,747793.0,248599.0,1.2214
2017-09-04,212726.0,678645.0,-465919.0,1028569.0,770043.0,258526.0,1.1145
2017-09-05,213160.0,681975.0,-468815.0,1055255.0,781075.0,274180.0,1.1427
2017-09-06,212874.0,685181.0,-472307.0,1090011.0,803948.0,286063.0,1.1328
2017-09-07,213186.0,688502.0,-475316.0,1107816.0,822143.0,285673.0,1.1654
2017-09-08,213109.0,687760.0,-474651.0,1130894.0,842253.0,288641.0,1.17
2017-09-11,215503.0,691498.0,-475995.0,1159877.0,868568.0,291309.0,1.1837
2017-09-12,218983.0,697099.0,-478116.0,1181790.0,891482.0,290308.0,1.2488
2017-09-13,223682.0,696990.0,-473308.0,1201179.0,912608.0,288571.0,1.2731
2017-09-14,224378.0,704897.0,-480519.0,1214202.0,935542.0,278660.0,1.2651
2017-09-15,220601.0,713866.0,-493265.0,1229941.0,979880.0,250061.0,1.2279
2017-09-18,221116.0,720728.0,-499612.0,1237756.0,1005247.0,232509.0,1.253
2017-09-19,220805.0,720504.0,-499699.0,1257567.0,1032696.0,224871.0,1.2535
2017-09-20,223212.0,732563.0,-509351.0,1274343.0,1042967.0,231376.0,1.2304
2017-09-21,223713.0,737851.0,-514138.0,1268287.0,1063581.0,204706.0,1.1916
2017-09-22,221826.0,963703.0,-741877.0,1291230.0,2337956.0,-1046726.0,1.0018
2017-09-25,220655.0,739961.0,-519306.0,1291381.0,1070773.0,220608.0,0.926
2017-09-26,220655.0,741699.0,-521044.0,1320850.0,1098860.0,221990.0,0.9201
2017-09-27,219014.0,736852.0,-517838.0,1360617.0,1122281.0,238336.0,0.8263
2017-09-28,213687.0,728080.0,-514393.0,1024775.0,838138.0,186637.0,1.1326
2017-09-29,215999.0,739116.0,-523117.0,1107300.0,891168.0,216132.0,1.0633
2017-10-03,212055.0,744034.0,-531979.0,1140736.0,893658.0,247078.0,1.0748
2017-10-05,213506.0,753353.0,-539847.0,1196447.0,901262.0,295185.0,1.109
2017-10-06,214993.0,755471.0,-540478.0,1219499.0,906972.0,312527.0,1.1801
2017-10-09,215229.0,764018.0,-548789.0,1236526.0,913580.0,322946.0,1.1899
2017-10-10,216045.0,766428.0,-550383.0,1259252.0,930557.0,328695.0,1.2047
2017-10-11,225742.0,766998.0,-541256.0,1308485.0,954552.0,353933.0,1.1275
2017-10-12,223664.0,771547.0,-547883.0,1327980.0,970724.0,357256.0,1.2889
2017-10-13,226120.0,782360.0,-556240.0,1386095.0,1014304.0,371791.0,1.4006
2017-10-16,227011.0,785459.0,-558448.0,1426564.0,1038601.0,387963.0,1.3846
2017-10-17,227750.0,790447.0,-562697.0,1444811.0,1046412.0,398399.0,1.3339
2017-10-18,229695.0,801732.0,-572037.0,1429046.0,1049621.0,379425.0,1.3002
2017-10-19,229695.0,801732.0,-572037.0,1429229.0,1050782.0,378447.0,1.2026
2017-10-23,230314.0,797084.0,-566770.0,1440435.0,1070507.0,369928.0,1.2192
2017-10-24,229038.0,806002.0,-576964.0,1456648.0,1093203.0,363445.0,1.2658
2017-10-25,240294.0,785885.0,-545591.0,1494387.0,1121544.0,372843.0,1.3619
2017-10-26,223044.0,816461.0,-593417.0,1140172.0,796761.0,343411.0,1.2692
2017-10-27,228394.0,832599.0,-604205.0,1200631.0,852169.0,348462.0,1.1943
2017-10-30,229382.0,837755.0,-608373.0,1239995.0,882738.0,357257.0,1.2006
2017-10-31,230376.0,852922.0,-622546.0,1272254.0,918785.0,353469.0,1.2072
2017-11-01,233108.0,857188.0,-624080.0,1309265.0,956040.0,353225.0,1.2973
2017-11-02,235916.0,856664.0,-620748.0,1322321.0,977545.0,344776.0,1.2432
2017-11-03,234999.0,852432.0,-617433.0,1358287.0,1010961.0,347326.0,1.2796
2017-11-06,238702.0,851641.0,-612939.0,1371715.0,1040330.0,331385.0,1.254
2017-11-07,239506.0,852811.0,-613305.0,1411487.0,1083729.0,327758.0,1.1353
2017-11-08,243967.0,860693.0,-616726.0,1411809.0,1127182.0,284627.0,1.0695
2017-11-09,246399.0,866029.0,-619630.0,1395870.0,1150152.0,245718.0,1.1049
2017-11-10,245282.0,857138.0,-611856.0,1409568.0,1194186.0,215382.0,1.092
2017-11-13,247930.0,859119.0,-611189.0,1407751.0,1189959.0,217792.0,1.0116
2017-11-14,248236.0,861131.0,-612895.0,1361423.0,1194657.0,166766.0,0.9644
2017-11-15,251175.0,856193.0,-605018.0,1354704.0,1225944.0,128760.0,0.9219
2017-11-16,251670.0,857111.0,-605441.0,1365776.0,1225116.0,140660.0,0.9994
2017-11-17,252417.0,863772.0,-611355.0,1384610.0,1236719.0,147891.0,1.0075
2017-11-20,251807.0,869787.0,-617980.0,1383408.0,1250404.0,133004.0,1.0125
2017-11-21,251995.0,868251.0,-616256.0,1413622.0,1291714.0,121908.0,1.0371
2017-11-22,252988.0,867102.0,-614114.0,1422928.0,1304814.0,118114.0,1.0258
2017-11-23,251424.0,864679.0,-613255.0,1395626.0,1295540.0,100086.0,1.0601
2017-11-24,251135.6667,864375.0,-613239.3333,1398095.333,1292411.667,105683.6660000002,1.1216
2017-11-27,251823.0,868323.0,-616500.0,1414904.0,1294968.0,119936.0,1.1413
2017-11-28,251399.0,869823.0,-618424.0,1419215.0,1308675.0,110540.0,1.0679
2017-11-29,250741.0,868928.0,-618187.0,1430698.0,1317082.0,113616.0,1.0345
2017-11-30,232841.0,859871.0,-627030.0,1043851.0,962441.0,81410.0,1.1834
2017-12-01,234003.0,852243.0,-618240.0,1129817.0,1049329.0,80488.0,1.0697
2017-12-04,232938.0,841094.0,-608156.0,1169312.0,1082084.0,87228.0,1.0402
2017-12-05,236849.0,838868.0,-602019.0,1197223.0,1128239.0,68984.0,1.03
2017-12-06,241075.0,835395.0,-594320.0,1243879.0,1176226.0,67653.0,0.923
2017-12-07,237611.0,837563.0,-599952.0,1228850.0,1173635.0,55215.0,1.0788
2017-12-08,238929.0,836362.0,-597433.0,1264623.0,1186415.0,78208.0,1.1437
2017-12-11,244392.0,838818.0,-594426.0,1275173.0,1183413.0,91760.0,1.1606
2017-12-12,246386.0,832781.0,-586395.0,1306894.0,1204627.0,102267.0,1.0855
2017-12-13,259147.0,829353.0,-570206.0,1315944.0,1216964.0,98980.0,1.0313
2017-12-14,266101.0,826364.0,-560263.0,1302600.0,1230959.0,71641.0,1.1084
2017-12-15,260207.0,830065.0,-569858.0,1323532.0,1240361.0,83171.0,1.1196
2017-12-18,257358.0,836311.0,-578953.0,1358968.0,1239981.0,118987.0,1.1147
2017-12-19,257257.0,833994.0,-576737.0,1383308.0,1245417.0,137891.0,1.2175
2017-12-20,258168.0,837757.0,-579589.0,1416867.0,1247433.0,169434.0,1.2138
2017-12-21,257847.0,847684.0,-589837.0,1400769.0,1235081.0,165688.0,1.2398
2017-12-22,258574.0,845166.0,-586592.0,1405181.0,1233605.0,171576.0,1.2887
2017-12-26,265543.0,838909.0,-573366.0,1431011.0,1247237.0,183774.0,1.2869
2017-12-27,276658.0,831064.0,-554406.0,1422114.0,1211651.0,210463.0,1.2487
2017-12-28,188744.0,790266.0,-601522.0,867365.0,733561.0,133804.0,1.3273
2017-12-29,196525.0,800289.0,-603764.0,953464.0,774843.0,178621.0,1.3136
2018-01-01,197342.0,806389.0,-609047.0,969340.0,793625.0,175715.0,1.2418
2018-01-02,200518.0,804179.0,-603661.0,1002596.0,829137.0,173459.0,1.177
2018-01-03,204491.0,807218.0,-602727.0,1021082.0,852107.0,168975.0,1.1245
2018-01-04,208035.0,804993.0,-596958.0,1017783.0,864689.0,153094.0,1.2245
2018-01-05,211295.0,807686.0,-596391.0,1060282.0,913391.0,146891.0,1.2455
2018-01-08,217519.0,814827.0,-597308.0,1108458.0,928860.0,179598.0,1.2309
2018-01-09,216005.0,816170.0,-600165.0,1131421.0,946073.0,185348.0,1.2366
2018-01-10,218203.0,818604.0,-600401.0,1147187.0,960947.0,186240.0,1.1853
2018-01-11,219038.0,829250.0,-610212.0,1152864.0,991577.0,161287.0,1.2752
2018-01-12,219681.0,832930.0,-613249.0,1195843.0,1008796.0,187047.0,1.276
2018-01-15,220845.0,842808.0,-621963.0,1246268.0,1047650.0,198618.0,1.3235
2018-01-16,220536.0,846794.0,-626258.0,1277212.0,1059203.0,218009.0,1.2442
2018-01-17,223844.0,855821.0,-631977.0,1315610.0,1074889.0,240721.0,1.3496
2018-01-18,225892.0,847098.0,-621206.0,1307063.0,1062664.0,244399.0,1.2191
2018-01-19,225633.0,856935.0,-631302.0,1359897.0,1093560.0,266337.0,1.3048
2018-01-22,228707.0,862022.0,-633315.0,1351523.0,1132298.0,219225.0,1.3304
2018-01-23,236382.0,872229.0,-635847.0,1378660.0,1155895.0,222765.0,1.4119
2018-01-24,236017.0,878966.0,-642949.0,1402663.0,1181694.0,220969.0,1.3715
2018-01-25,207168.0,865502.0,-658334.0,1031368.0,765984.0,265384.0,1.2927
2018-01-29,209482.0,876887.0,-667405.0,1114249.0,826705.0,287544.0,1.2485
2018-01-30,209445.0,897260.0,-687815.0,1151942.0,857056.0,294886.0,1.1583
2018-01-31,210424.0,916061.0,-705637.0,1168199.0,889096.0,279103.0,1.0887
2018-02-01,199399.0,912319.0,-712920.0,1167532.0,913875.0,253657.0,1.0337
2018-02-02,200456.0,905731.0,-705275.0,1230505.0,973600.0,256905.0,0.9029
2018-02-05,196093.0,910759.0,-714666.0,1258339.0,997163.0,261176.0,0.9027
2018-02-06,198706.0,914575.0,-715869.0,1323641.0,1021372.0,302269.0,0.9314
2018-02-07,203387.0,908565.0,-705178.0,1361810.0,1060202.0,301608.0,0.8376
2018-02-08,204031.0,912350.0,-708319.0,1374287.0,1048296.0,325991.0,0.929
2018-02-09,205094.0,906674.0,-701580.0,1402826.0,1087515.0,315311.0,0.9182
2018-02-12,206517.0,906565.0,-700048.0,1400068.0,1111850.0,288218.0,0.93
2018-02-14,207837.0,911076.0,-703239.0,1439726.0,1118594.0,321132.0,0.8879
2018-02-15,208840.0,911028.0,-702188.0,1444624.0,1091997.0,352627.0,0.9533
2018-02-16,206321.0,918852.0,-712531.0,1455138.0,1094482.0,360656.0,0.9049
2018-02-19,208393.0,919173.0,-710780.0,1436085.0,1108773.0,327312.0,0.8921
2018-02-20,209543.0,925241.0,-715698.0,1453441.0,1147285.0,306156.0,0.906
2018-02-21,207666.0,935309.0,-727643.0,1464271.0,1147960.0,316311.0,0.9622
2018-02-22,165667.0,909570.0,-743903.0,984973.0,716433.0,268540.0,1.2888
2018-02-23,165941.0,926082.0,-760141.0,1076962.0,742830.0,334132.0,1.286
2018-02-26,165534.0,934575.0,-769041.0,1122698.0,754648.0,368050.0,1.3124
2018-02-27,170260.0,949181.0,-778921.0,1162551.0,766890.0,395661.0,1.1912
2018-02-28,173432.0,969494.0,-796062.0,1199211.0,788002.0,411209.0,1.1268
2018-03-01,178499.0,970820.0,-792321.0,1201855.0,804628.0,397227.0,1.0895
2018-03-05,183103.0,967991.0,-784888.0,1228862.0,838958.0,389904.0,1.024
2018-03-06,185321.0,964583.0,-779262.0,1277206.0,860313.0,416893.0,0.9258
2018-03-07,187546.0,958883.0,-771337.0,1304862.0,889106.0,415756.0,0.8694
2018-03-08,205661.0,951407.0,-745746.0,1315827.0,890078.0,425749.0,0.9816
2018-03-09,211780.0,935645.0,-723865.0,1340273.0,913145.0,427128.0,0.9532
2018-03-12,214304.0,938620.0,-724316.0,1384631.0,910537.0,474094.0,1.0853
2018-03-13,218004.0,950842.0,-732838.0,1401933.0,933520.0,468413.0,1.0745
2018-03-14,219650.0,954161.0,-734511.0,1418829.0,952411.0,466418.0,1.0886
2018-03-15,218595.0,959920.0,-741325.0,1410599.0,969085.0,441514.0,1.0375
2018-03-16,218691.0,955351.0,-736660.0,1412258.0,996705.0,415553.0,0.9469
2018-03-19,207054.0,946744.0,-739690.0,1446557.0,1041847.0,404710.0,0.9057
2018-03-20,208993.0,946100.0,-737107.0,1437194.0,1053956.0,383238.0,0.9067
2018-03-21,208363.0,938722.0,-730359.0,1437432.0,1051763.0,385669.0,0.9271
2018-03-22,204105.0,931759.0,-727654.0,1435380.0,1029655.0,405725.0,0.9277
2018-03-23,204273.0,918791.0,-714518.0,1432063.0,1053667.0,378396.0,0.8945
2018-03-26,204202.0,906124.0,-701922.0,1439901.0,1076955.0,362946.0,0.9986
2018-03-27,204177.0,913498.0,-709321.0,1460501.0,1082678.0,377823.0,1.005
2018-03-28,184849.0,881670.0,-696821.0,1073926.0,778904.0,295022.0,1.3017
2018-04-02,186402.0,892863.0,-706461.0,1139202.0,794110.0,345092.0,1.2832
2018-04-03,186225.0,901411.0,-715186.0,1170256.0,810491.0,359765.0,1.2851
2018-04-04,189641.0,877674.0,-688033.0,1213108.0,855293.0,357815.0,1.1305
2018-04-05,187310.0,883717.0,-696407.0,1241980.0,831461.0,410519.0,1.2798
2018-04-06,188247.0,887101.0,-698854.0,1254645.0,841273.0,413372.0,1.308
2018-04-09,187637.0,884993.0,-697356.0,1271579.0,851134.0,420445.0,1.2893
2018-04-10,188534.0,890733.0,-702199.0,1298504.0,841052.0,457452.0,1.31
2018-04-11,190332.0,890946.0,-700614.0,1332754.0,863786.0,468968.0,1.2803
2018-04-12,192157.0,883341.0,-691184.0,1348117.0,887087.0,461030.0,1.337
2018-04-13,195265.0,890494.0,-695229.0,1377158.0,908618.0,468540.0,1.3337
2018-04-16,195344.0,895819.0,-700475.0,1395076.0,925692.0,469384.0,1.342
2018-04-17,193834.0,906437.0,-712603.0,1414214.0,941011.0,473203.0,1.3088
2018-04-18,193731.6667,909187.0,-715455.3333,1437130.333,944046.3333,493083.99970000004,1.2365
2018-04-19,197348.0,917478.0,-720130.0,1447057.0,947103.0,499954.0,1.3064
2018-04-20,200754.0,921923.0,-721169.0,1450313.0,955965.0,494348.0,1.2843
2018-04-23,201563.0,922990.0,-721427.0,1462492.0,968890.0,493602.0,1.285
2018-04-24,202387.0,926983.0,-724596.0,1463396.0,938367.0,525029.0,1.2909
2018-04-25,202905.0,934557.0,-731652.0,1482592.0,952223.0,530369.0,1.2176
2018-04-26,184569.0,930320.0,-745751.0,1138038.0,671775.0,466263.0,1.3199
2018-04-27,190067.0,989243.0,-799176.0,1221530.0,730811.0,490719.0,1.3416
2018-04-30,190856.0,994089.0,-803233.0,1273648.0,754317.0,519331.0,1.3243
2018-05-02,191383.0,994328.0,-802945.0,1293580.0,792731.0,500849.0,1.2892
2018-05-03,190521.0,994298.0,-803777.0,1310852.0,797478.0,513374.0,1.2148
2018-05-04,191605.0,995514.0,-803909.0,1338020.0,822501.0,515519.0,1.19
2018-05-07,192451.0,998035.0,-805584.0,1364283.0,827538.0,536745.0,1.2571
2018-05-08,194337.0,991118.0,-796781.0,1385870.0,832907.0,552963.0,1.2688
2018-05-09,196587.0,989405.0,-792818.0,1414747.0,852696.0,562051.0,1.2943
2018-05-10,198948.0,983664.0,-784716.0,1418097.0,869453.0,548644.0,1.1699
2018-05-11,215253.0,982824.0,-767571.0,1452245.0,896836.0,555409.0,1.2266
2018-05-14,220663.0,981451.0,-760788.0,1471019.0,931305.0,539714.0,1.22
2018-05-15,216259.0,995860.0,-779601.0,1522745.0,943195.0,579550.0,1.1721
2018-05-16,216413.0,998277.0,-781864.0,1541747.0,952517.0,589230.0,1.0643
2018-05-17,223516.0,1001451.0,-777935.0,1538001.0,956305.0,581696.0,1.0731
2018-05-18,224029.0,991149.0,-767120.0,1546336.0,995019.0,551317.0,1.0066
2018-05-21,226602.0,994471.0,-767869.0,1555011.0,993240.0,561771.0,0.9416
2018-05-22,228087.0,1000901.0,-772814.0,1558540.0,1005590.0,552950.0,0.9393
2018-05-23,223204.0,994595.0,-771391.0,1567307.0,1038241.0,529066.0,0.8869
2018-05-24,226293.0,992286.0,-765993.0,1565669.0,1035790.0,529879.0,0.9928
2018-05-25,220198.0,1000431.0,-780233.0,1575777.0,1026451.0,549326.0,1.1102
2018-05-28,216533.6667,1003250.0,-786716.3333,1580978.333,1010435.0,570543.3330000001,1.1758
2018-05-29,218228.0,998060.0,-779832.0,1616224.0,1033842.0,582382.0,1.0458
2018-05-30,219100.0,1001696.0,-782596.0,1640219.0,1058544.0,581675.0,1.0725
2018-05-31,205165.0,977850.0,-772685.0,1148153.0,730625.0,417528.0,1.3032
2018-06-01,211628.0,989437.0,-777809.0,1222207.0,788145.0,434062.0,1.1616
2018-06-04,216731.0,987836.0,-771105.0,1263338.0,836283.0,427055.0,0.9936
2018-06-05,222224.0,988590.0,-766366.0,1284927.0,881548.0,403379.0,0.9352
2018-06-06,221222.0,991125.0,-769903.0,1296506.0,911837.0,384669.0,0.9959
2018-06-07,220597.0,997793.0,-777196.0,1321627.0,881593.0,440034.0,1.1487
2018-06-08,223835.0,1001396.0,-777561.0,1380990.0,911853.0,469137.0,1.1124
2018-06-11,226164.0,998296.0,-772132.0,1414932.0,932411.0,482521.0,1.145
2018-06-12,222600.0,990563.0,-767963.0,1428312.0,955576.0,472736.0,1.1897
2018-06-13,226459.0,988693.0,-762234.0,1439644.0,976776.0,462868.0,1.1993
2018-06-14,226431.0,994898.0,-768467.0,1433223.0,974116.0,459107.0,1.1421
2018-06-15,223006.0,988337.0,-765331.0,1488458.0,979263.0,509195.0,1.105
2018-06-18,222800.0,986689.0,-763889.0,1488081.0,983362.0,504719.0,1.0779
2018-06-19,216831.0,983464.0,-766633.0,1524687.0,1012620.0,512067.0,1.0385
2018-06-20,213211.0,995305.0,-782094.0,1535226.0,1010148.0,525078.0,1.1272
2018-06-21,213040.0,995637.0,-782597.0,1514048.0,993595.0,520453.0,1.0609
2018-06-22,207907.0,1002677.0,-794770.0,1524076.0,1005971.0,518105.0,1.1837
2018-06-25,203889.0,990782.0,-786893.0,1506146.0,1012288.0,493858.0,1.0597
2018-06-26,202013.0,987427.0,-785414.0,1521217.0,1022884.0,498333.0,1.0581
2018-06-27,208404.6667,978429.0,-770024.3333,1523839.667,1035023.667,488815.9999999999,0.9599
2018-06-28,172493.0,923164.0,-750671.0,1128340.0,773389.0,354951.0,1.1549
2018-06-29,174307.0,940200.0,-765893.0,1185544.0,806941.0,378603.0,1.1446
2018-07-02,176917.0,941188.0,-764271.0,1204101.0,818712.0,385389.0,1.0781
2018-07-03,178935.0,940745.0,-761810.0,1231147.0,835635.0,395512.0,1.0984
2018-07-04,182267.0,942704.0,-760437.0,1246345.0,846296.0,400049.0,1.2026
2018-07-05,182429.0,942284.0,-759855.0,1243988.0,833667.0,410321.0,1.1418
2018-07-06,183052.0,946491.0,-763439.0,1252774.0,831808.0,420966.0,1.1415
2018-07-09,183654.0,947477.0,-763823.0,1288225.0,845979.0,442246.0,1.1805
2018-07-10,184421.0,947118.0,-762697.0,1303951.0,846028.0,457923.0,1.2652
2018-07-11,179967.0,944177.0,-764210.0,1321603.0,860009.0,461594.0,1.219
2018-07-12,190171.0,948698.0,-758527.0,1376114.0,883271.0,492843.0,1.2536
2018-07-13,194024.0,960421.0,-766397.0,1394912.0,894775.0,500137.0,1.2395
2018-07-16,193331.0,958875.0,-765544.0,1417134.0,900648.0,516486.0,1.0881
2018-07-17,195943.0,978212.0,-782269.0,1442085.0,911866.0,530219.0,1.2029
2018-07-18,194830.0,975122.0,-780292.0,1487797.0,940818.0,546979.0,1.1023
2018-07-19,196328.0,980704.0,-784376.0,1522773.0,935357.0,587416.0,1.1352
2018-07-20,196467.0,992342.0,-795875.0,1528081.0,951195.0,576886.0,1.1749
2018-07-23,196213.0,996887.0,-800674.0,1521255.0,950152.0,571103.0,1.2642
2018-07-24,198405.0,1005862.0,-807457.0,1534546.0,960737.0,573809.0,1.2735
2018-07-25,197915.0,1006333.0,-808418.0,1533655.0,959519.0,574136.0,1.2996
2018-07-26,186057.0,970410.0,-784353.0,1128808.0,607007.0,521801.0,1.4214
2018-07-27,188530.0,974659.0,-786129.0,1205029.0,665489.0,539540.0,1.3864
2018-07-30,189936.0,993166.0,-803230.0,1244369.0,693711.0,550658.0,1.4302
2018-07-31,188076.0,999667.0,-811591.0,1283252.0,720768.0,562484.0,1.3687
2018-08-01,188067.0,1001193.0,-813126.0,1321222.0,746622.0,574600.0,1.2068
2018-08-02,193958.0,998912.0,-804954.0,1342070.0,759139.0,582931.0,1.1749
2018-08-03,193914.0,991677.0,-797763.0,1348192.0,781881.0,566311.0,1.2737
2018-08-06,194500.0,990798.0,-796298.0,1359426.0,810834.0,548592.0,1.2905
2018-08-07,197103.0,997123.0,-800020.0,1368994.0,840510.0,528484.0,1.2536
2018-08-08,196732.0,1003283.0,-806551.0,1380078.0,854786.0,525292.0,1.3404
2018-08-09,197032.0,1007450.0,-810418.0,1391265.0,843118.0,548147.0,1.2978
2018-08-10,197448.0,1004648.0,-807200.0,1404884.0,857988.0,546896.0,1.2231
2018-08-13,191243.0,1007749.0,-816506.0,1425987.0,884513.0,541474.0,1.1359
2018-08-14,196711.0,1010335.0,-813624.0,1444760.0,900317.0,544443.0,1.1949
2018-08-16,197699.0,1013931.0,-816232.0,1446180.0,908371.0,537809.0,1.1436
2018-08-17,197294.0,1015075.0,-817781.0,1491371.0,932408.0,558963.0,1.2153
2018-08-20,197144.0,1020374.0,-823230.0,1510751.0,950165.0,560586.0,1.2642
2018-08-21,197723.0,1024339.0,-826616.0,1508149.0,948094.0,560055.0,1.2299
2018-08-23,199885.0,1024201.0,-824316.0,1512078.0,959048.0,553030.0,1.2154
2018-08-24,201289.0,1024571.0,-823282.0,1513430.0,968327.0,545103.0,1.1196
2018-08-27,200654.0,1024234.0,-823580.0,1523968.0,963436.0,560532.0,1.3081
2018-08-28,199128.0,1025278.0,-826150.0,1512448.0,958009.0,554439.0,1.3451
2018-08-29,205887.0,1032595.0,-826708.0,1530533.0,986312.0,544221.0,1.2609
2018-08-30,187307.0,1010356.0,-823049.0,1179556.0,671759.0,507797.0,1.2707
2018-08-31,190729.0,1015190.0,-824461.0,1255392.0,757240.0,498152.0,1.174
2018-09-03,194651.0,1017362.0,-822711.0,1291182.0,790798.0,500384.0,1.0368
2018-09-04,195992.0,1013166.0,-817174.0,1322435.0,841335.0,481100.0,0.9503
2018-09-05,193741.0,1018747.0,-825006.0,1398489.0,898853.0,499636.0,0.9255
2018-09-06,195410.0,1020022.0,-824612.0,1438175.0,930012.0,508163.0,1.0453
2018-09-07,196448.0,1025095.0,-828647.0,1472534.0,961571.0,510963.0,1.1005
2018-09-10,196239.0,1032295.0,-836056.0,1522879.0,1014824.0,508055.0,0.9574
2018-09-11,195656.0,1032906.0,-837250.0,1537264.0,1046193.0,491071.0,0.8435
2018-09-12,194362.0,1038629.0,-844267.0,1540263.0,1038236.0,502027.0,0.9458
2018-09-14,194381.0,1039591.0,-845210.0,1549355.0,1019554.0,529801.0,1.0045
2018-09-17,195212.0,1033999.0,-838787.0,1541225.0,1040786.0,500439.0,0.9173
2018-09-18,194833.0,1029125.0,-834292.0,1574987.0,1069008.0,505979.0,0.8118
2018-09-19,196262.0,1027860.0,-831598.0,1589562.0,1070069.0,519493.0,0.8331
2018-09-21,193989.0,1011898.0,-817909.0,1600657.0,1105243.0,495414.0,0.8118
2018-09-24,186405.0,1007460.0,-821055.0,1645097.0,1152861.0,492236.0,0.7585
2018-09-25,183697.0,999777.0,-816080.0,1687414.0,1173115.0,514299.0,0.8302
2018-09-26,184229.0,1015039.0,-830810.0,1729889.0,1182929.0,546960.0,0.829
2018-09-27,180326.0,996403.0,-816077.0,1229154.0,764284.0,464870.0,1.0944
2018-09-28,182999.0,1013238.0,-830239.0,1299022.0,811368.0,487654.0,1.0712
2018-10-01,213781.0,1021166.0,-807385.0,1367444.0,853696.0,513748.0,1.1485
2018-10-03,237674.0,1021294.0,-783620.0,1392896.0,900233.0,492663.0,1.0098
2018-10-04,256183.0,1015300.0,-759117.0,1425321.0,964792.0,460529.0,0.9859
2018-10-05,259227.0,1008209.0,-748982.0,1505085.0,1048290.0,456795.0,0.8802
2018-10-08,276922.0,997041.0,-720119.0,1535740.0,1060800.0,474940.0,0.916
2018-10-09,279348.0,993070.0,-713722.0,1541612.0,1075208.0,466404.0,0.8923
2018-10-10,251550.0,999900.0,-748350.0,1568813.0,1069785.0,499028.0,1.037
2018-10-11,250643.0,990841.0,-740198.0,1568716.0,1088333.0,480383.0,0.9203
2018-10-12,244276.0,994782.0,-750506.0,1599373.0,1085539.0,513834.0,1.013
2018-10-15,239627.0,993752.0,-754125.0,1624833.0,1103408.0,521425.0,1.0183
2018-10-16,239625.0,994182.0,-754557.0,1652627.0,1106408.0,546219.0,1.0378
2018-10-17,246699.0,986869.0,-740170.0,1647107.0,1088835.0,558272.0,0.9197
2018-10-19,278689.0,986399.0,-707710.0,1653597.0,1150561.0,503036.0,0.8767
2018-10-22,295278.0,982201.0,-686923.0,1689228.0,1161981.0,527247.0,0.8985
2018-10-23,292545.0,990162.0,-697617.0,1719458.0,1193751.0,525707.0,0.8658
2018-10-24,298535.0,999446.0,-700911.0,1760388.0,1203967.0,556421.0,0.9078
2018-10-25,282146.0,947111.0,-664965.0,1265875.0,839722.0,426153.0,1.2805
2018-10-26,285835.0,1047064.0,-761229.0,1507360.0,968316.0,539044.0,1.0263
2018-10-29,288054.0,1066955.0,-778901.0,1587780.0,972980.0,614800.0,1.2729
2018-10-30,283804.0,1075709.0,-791905.0,1621857.0,989721.0,632136.0,1.1036
2018-10-31,283419.0,1083488.0,-800069.0,1690896.0,1030625.0,660271.0,1.2694
2018-11-01,277020.0,1074051.0,-797031.0,1657597.0,996247.0,661350.0,1.2441
2018-11-02,262954.0,1056641.0,-793687.0,1739076.0,1015653.0,723423.0,1.32
2018-11-05,263371.0,1056057.0,-792686.0,1769365.0,1025958.0,743407.0,1.2688
2018-11-06,261841.0,1050722.0,-788881.0,1795285.0,1035103.0,760182.0,1.178
2018-11-07,261841.0,1050722.0,-788881.0,1797362.0,1035924.0,761438.0,1.213
2018-11-09,267910.0,1052118.0,-784208.0,1815752.0,1055033.0,760719.0,1.2307
2018-11-12,266299.0,1046131.0,-779832.0,1830049.0,1069924.0,760125.0,1.0713
2018-11-13,265796.0,1050428.0,-784632.0,1847153.0,1092352.0,754801.0,1.1956
2018-11-14,272081.0,1048201.0,-776120.0,1863020.0,1118065.0,744955.0,1.1961
2018-11-15,271748.0,1051420.0,-779672.0,1872493.0,1139320.0,733173.0,1.2364
2018-11-16,271982.0,1044445.0,-772463.0,1894611.0,1177254.0,717357.0,1.2342
2018-11-19,267948.0,1039083.0,-771135.0,1907610.0,1210006.0,697604.0,1.2959
2018-11-20,280252.0,1040714.0,-760462.0,1902803.0,1224385.0,678418.0,1.1446
2018-11-21,280682.0,1055695.0,-775013.0,1922979.0,1219938.0,703041.0,1.1633
2018-11-22,285466.0,1049373.0,-763907.0,1914852.0,1193187.0,721665.0,1.0663
2018-11-26,289192.0,1050985.0,-761793.0,1954746.0,1208337.0,746409.0,1.2422
2018-11-27,296328.0,1044872.0,-748544.0,1926107.0,1207286.0,718821.0,1.2973
2018-11-28,293639.0,1036869.0,-743230.0,1936724.0,1217162.0,719562.0,1.2893
2018-11-29,254301.0,1029856.0,-775555.0,1453819.0,822614.0,631205.0,1.4287
2018-11-30,264215.0,1051464.0,-787249.0,1569708.0,901635.0,668073.0,1.2884
2018-12-03,260572.0,1053609.0,-793037.0,1601616.0,936950.0,664666.0,1.1854
2018-12-04,261306.0,1047282.0,-785976.0,1628027.0,963414.0,664613.0,1.1297
2018-12-05,264667.0,1043884.0,-779217.0,1620811.0,1005584.0,615227.0,0.9924
2018-12-06,276929.0,1040928.0,-763999.0,1623548.0,1037774.0,585774.0,1.0661
2018-12-07,285640.0,1046540.0,-760900.0,1655568.0,1059332.0,596236.0,1.1463
2018-12-10,288819.0,1049469.0,-760650.0,1643252.0,1074298.0,568954.0,1.0145
2018-12-11,292365.0,1051462.0,-759097.0,1692817.0,1116849.0,575968.0,1.0713
2018-12-12,291102.0,1064775.0,-773673.0,1704556.0,1122235.0,582321.0,1.2242
2018-12-13,263572.0,1059634.0,-796062.0,1727018.0,1085460.0,641558.0,1.1663
2018-12-14,245116.0,1055927.0,-810811.0,1758339.0,1090345.0,667994.0,1.1571
2018-12-17,236190.0,1054507.0,-818317.0,1768193.0,1103901.0,664292.0,1.2372
2018-12-18,228894.0,1054809.0,-825915.0,1776232.0,1112175.0,664057.0,1.267
2018-12-19,224865.0,1051138.0,-826273.0,1787143.0,1126303.0,660840.0,1.2662
2018-12-20,221939.0,1053321.0,-831382.0,1786767.0,1122028.0,664739.0,1.2107
2018-12-21,225556.0,1041658.0,-816102.0,1797413.0,1129684.0,667729.0,0.9584
2018-12-24,234910.0,1034154.0,-799244.0,1823133.0,1136661.0,686472.0,0.9339
2018-12-26,233203.0,1026414.0,-793211.0,1850247.0,1176857.0,673390.0,1.1003
2018-12-27,204679.0,978324.0,-773645.0,1291053.0,741457.0,549596.0,1.2056
2018-12-28,199808.0,989929.0,-790121.0,1365046.0,750737.0,614309.0,1.2354
2018-12-31,202417.0,997235.0,-794818.0,1410752.0,765311.0,645441.0,1.1751
2019-01-01,201492.0,999656.0,-798164.0,1413287.0,768598.0,644689.0,1.2268
2019-01-02,205163.0,995470.0,-790307.0,1454762.0,836940.0,617822.0,1.0235
2019-01-03,208394.0,998084.0,-789690.0,1493846.0,884950.0,608896.0,1.0138
2019-01-04,206481.0,1003322.0,-796841.0,1526484.0,926822.0,599662.0,1.098
2019-01-07,200011.0,1002664.0,-802653.0,1555418.0,940445.0,614973.0,1.0988
2019-01-08,202806.0,1007015.0,-804209.0,1575748.0,966897.0,608851.0,1.178
2019-01-09,199011.0,1001465.0,-802454.0,1619883.0,989760.0,630123.0,1.2107
2019-01-10,194192.0,1002418.0,-808226.0,1630528.0,991803.0,638725.0,1.0948
2019-01-11,193356.0,1009685.0,-816329.0,1655507.0,1019545.0,635962.0,1.0117
2019-01-14,193831.0,1011764.0,-817933.0,1685349.0,1050944.0,634405.0,0.9633
2019-01-15,193076.0,1014484.0,-821408.0,1728961.0,1062780.0,666181.0,1.0802
2019-01-16,191065.0,1012884.0,-821819.0,1761217.0,1099262.0,661955.0,1.0771
2019-01-17,190678.0,1011614.0,-820936.0,1755035.0,1117382.0,637653.0,1.1118
2019-01-18,190624.0,1018155.0,-827531.0,1764622.0,1138477.0,626145.0,1.1148
2019-01-21,190097.0,1021592.0,-831495.0,1792455.0,1152130.0,640325.0,1.1409
2019-01-22,191223.0,1021310.0,-830087.0,1838159.0,1162207.0,675952.0,1.0931
2019-01-23,192082.0,1024181.0,-832099.0,1851881.0,1197024.0,654857.0,0.9725
2019-01-24,198386.0,1023361.0,-824975.0,1849369.0,1206688.0,642681.0,1.0489
2019-01-25,193922.0,1029058.0,-835136.0,1877270.0,1224618.0,652652.0,0.9913
2019-01-28,199994.0,1026123.0,-826129.0,1913568.0,1269669.0,643899.0,0.8856
2019-01-29,207635.0,1033629.0,-825994.0,1948399.0,1309409.0,638990.0,0.8852
2019-01-30,201760.0,1026250.0,-824490.0,1973074.0,1344534.0,628540.0,0.9396
2019-01-31,185098.0,996296.0,-811198.0,1468046.0,888182.0,579864.0,1.4315
2019-02-01,185644.0,997363.0,-811719.0,1569465.0,949086.0,620379.0,1.1352
2019-02-04,183668.0,996922.0,-813254.0,1617662.0,981967.0,635695.0,1.2111
2019-02-05,180609.0,996226.0,-815617.0,1638705.0,1002306.0,636399.0,1.1986
2019-02-06,184952.0,1003268.0,-818316.0,1703415.0,1011624.0,691791.0,1.273
2019-02-07,193122.0,1008881.0,-815759.0,1704236.0,987754.0,716482.0,1.2991
2019-02-08,191823.0,1006156.0,-814333.0,1743159.0,1017622.0,725537.0,1.1618
2019-02-11,193837.0,1011620.0,-817783.0,1779462.0,1037537.0,741925.0,1.1176
2019-02-12,192468.0,1013376.0,-820908.0,1813150.0,1060046.0,753104.0,0.9905
2019-02-13,194609.0,1010183.0,-815574.0,1823625.0,1082835.0,740790.0,0.9203
2019-02-14,198400.0,997198.0,-798798.0,1805296.0,1097352.0,707944.0,1.0761
2019-02-15,204070.0,996238.0,-792168.0,1823155.0,1127234.0,695921.0,1.0188
2019-02-18,198785.0,994311.0,-795526.0,1837224.0,1153438.0,683786.0,0.9202
2019-02-19,198486.0,994250.0,-795764.0,1845554.0,1150012.0,695542.0,0.922
2019-02-20,192637.0,998078.0,-805441.0,1886410.0,1146203.0,740207.0,1.0801
2019-02-21,191945.0,998699.0,-806754.0,1839295.0,1119200.0,720095.0,1.1109
2019-02-22,187231.0,1002081.0,-814850.0,1832766.0,1121395.0,711371.0,1.0655
2019-02-25,181176.0,993920.0,-812744.0,1829885.0,1130069.0,699816.0,1.1666
2019-02-26,187738.0,981349.0,-793611.0,1834628.0,1140641.0,693987.0,1.1165
2019-02-27,191554.0,971690.0,-780136.0,1886169.0,1173601.0,712568.0,1.0925
2019-02-28,174330.0,943136.0,-768806.0,1401145.0,785069.0,616076.0,1.4645
2019-03-01,177034.0,946340.0,-769306.0,1471546.0,821038.0,650508.0,1.4365
2019-03-05,160658.0,943206.0,-782548.0,1517101.0,847957.0,669144.0,1.5526
2019-03-06,164469.0,935636.0,-771167.0,1542192.0,859745.0,682447.0,1.4603
2019-03-07,175285.0,937850.0,-762565.0,1544006.0,870180.0,673826.0,1.2419
2019-03-08,175657.0,930862.0,-755205.0,1575287.0,908243.0,667044.0,1.2459
2019-03-11,178586.0,927807.0,-749221.0,1606684.0,921831.0,684853.0,1.3371
2019-03-12,180175.0,925877.0,-745702.0,1680312.0,983984.0,696328.0,1.44
2019-03-13,182152.0,923858.0,-741706.0,1745251.0,1052547.0,692704.0,1.4468
2019-03-14,182815.0,924908.0,-742093.0,1718117.0,1032590.0,685527.0,1.2848
2019-03-15,187245.0,927276.0,-740031.0,1777308.0,1129286.0,648022.0,1.356
2019-03-18,186373.0,929000.0,-742627.0,1801040.0,1148654.0,652386.0,1.2697
2019-03-19,192324.0,928014.0,-735690.0,1817498.0,1163915.0,653583.0,1.3084
2019-03-20,197911.0,931219.0,-733308.0,1813051.0,1144766.0,668285.0,1.2494
2019-03-22,201015.0,929576.0,-728561.0,1833381.0,1178201.0,655180.0,1.1201
2019-03-25,193847.0,927261.0,-733414.0,1899039.0,1205757.0,693282.0,1.0624
2019-03-26,191879.0,929056.0,-737177.0,1943253.0,1291262.0,651991.0,1.2276
2019-03-27,187442.0,935965.0,-748523.0,1963836.0,1316477.0,647359.0,1.1519
2019-03-28,158622.0,893466.0,-734844.0,1446581.0,878770.0,567811.0,1.3105
2019-03-29,159391.0,906106.0,-746715.0,1494218.0,915796.0,578422.0,1.1658
2019-04-01,173135.0,910324.0,-737189.0,1537515.0,926332.0,611183.0,1.0868
2019-04-02,176887.0,918719.0,-741832.0,1564616.0,943463.0,621153.0,1.1143
2019-04-03,179082.0,926842.0,-747760.0,1588722.0,932770.0,655952.0,0.9679
2019-04-04,182955.0,935340.0,-752385.0,1575014.0,914009.0,661005.0,1.0717
2019-04-05,184571.0,949603.0,-765032.0,1597065.0,938034.0,659031.0,1.1218
2019-04-08,184258.0,954633.0,-770375.0,1619012.0,971127.0,647885.0,0.9384
2019-04-09,184170.0,965081.0,-780911.0,1635864.0,990161.0,645703.0,1.0787
2019-04-10,180469.0,970191.0,-789722.0,1654062.0,1028110.0,625952.0,0.8906
2019-04-11,180796.0,970833.0,-790037.0,1593658.0,976016.0,617642.0,1.0089
2019-04-12,182567.0,974136.0,-791569.0,1604366.0,987580.0,616786.0,1.0723
2019-04-15,185465.0,969421.0,-783956.0,1649358.0,1017878.0,631480.0,1.1008
2019-04-16,187448.0,972729.0,-785281.0,1687992.0,1035013.0,652979.0,1.2602
2019-04-18,188672.0,970751.0,-782079.0,1667862.0,1029666.0,638196.0,1.0952
2019-04-22,181608.0,958557.0,-776949.0,1723711.0,1039299.0,684412.0,0.8923
2019-04-23,181653.0,958242.0,-776589.0,1804935.0,1084998.0,719937.0,0.8536
2019-04-24,179470.0,958910.0,-779440.0,1843793.0,1122391.0,721402.0,1.0756
2019-04-25,146308.0,914773.0,-768465.0,1338171.0,754767.0,583404.0,1.2076
2019-04-26,147318.0,968312.0,-820994.0,1454386.0,811483.0,642903.0,1.3103
2019-04-30,148162.0,977605.0,-829443.0,1498400.0,863697.0,634703.0,1.0742
2019-05-02,151398.0,986219.0,-834821.0,1504777.0,875115.0,629662.0,1.1131
2019-05-03,152794.0,999323.0,-846529.0,1554675.0,904056.0,650619.0,1.1185
2019-05-06,159165.0,999263.0,-840098.0,1585459.0,936871.0,648588.0,0.9913
2019-05-07,160781.0,995356.0,-834575.0,1609232.0,965803.0,643429.0,0.8136
2019-05-08,161089.0,998470.0,-837381.0,1623687.0,1017145.0,606542.0,0.7598
2019-05-09,161094.0,993093.0,-831999.0,1548206.0,999840.0,548366.0,1.0069
2019-05-10,162204.0,989360.0,-827156.0,1569140.0,1030229.0,538911.0,0.9662
2019-05-13,163718.0,983422.0,-819704.0,1601048.0,1068851.0,532197.0,0.8699
2019-05-14,165810.0,1004396.0,-838586.0,1595515.0,1081269.0,514246.0,0.9743
2019-05-15,166675.0,998071.0,-831396.0,1600670.0,1106849.0,493821.0,0.8295
2019-05-16,172805.0,1002597.0,-829792.0,1528327.0,1097597.0,430730.0,1.0392
2019-05-17,175304.0,998534.0,-823230.0,1564019.0,1136951.0,427068.0,1.0082
2019-05-20,180872.0,999160.0,-818288.0,1603922.0,1133962.0,469960.0,1.0118
2019-05-21,182752.0,994665.0,-811913.0,1643930.0,1182747.0,461183.0,0.9539
2019-05-22,186362.0,999253.0,-812891.0,1665650.0,1238338.0,427312.0,0.9386
2019-05-23,194423.0,994063.0,-799640.0,1647827.0,1186451.0,461376.0,0.837
2019-05-24,196119.0,993444.0,-797325.0,1674067.0,1183579.0,490488.0,0.9997
2019-05-27,195357.0,986426.0,-791069.0,1694229.0,1199075.0,495154.0,1.0706
2019-05-28,197873.0,991958.0,-794085.0,1682954.0,1203313.0,479641.0,1.069
2019-05-29,192382.0,985917.0,-793535.0,1688331.0,1201630.0,486701.0,0.9125
2019-05-30,170124.0,955761.0,-785637.0,1286663.0,841855.0,444808.0,1.2844
2019-05-31,170446.0,958464.0,-788018.0,1391291.0,883737.0,507554.0,1.0667
2019-06-03,167036.0,966814.0,-799778.0,1450960.0,883521.0,567439.0,1.3345
2019-06-04,170925.0,964648.0,-793723.0,1463156.0,899103.0,564053.0,1.1795
2019-06-06,174541.0,968461.0,-793920.0,1468053.0,915129.0,552924.0,0.9586
2019-06-07,177086.0,967044.0,-789958.0,1471524.0,912939.0,558585.0,0.9848
2019-06-10,177358.0,966954.0,-789596.0,1481648.0,921052.0,560596.0,0.9541
2019-06-11,178270.0,976143.0,-797873.0,1512643.0,913070.0,599573.0,1.121
2019-06-12,179295.0,973453.0,-794158.0,1515032.0,913787.0,601245.0,0.9667
2019-06-13,161792.0,970324.0,-808532.0,1494539.0,907804.0,586735.0,1.0141
2019-06-14,161290.0,966323.0,-805033.0,1519590.0,926591.0,592999.0,0.8518
2019-06-17,164365.0,968697.0,-804332.0,1560218.0,942728.0,617490.0,0.7576
2019-06-18,163512.0,967560.0,-804048.0,1589276.0,959691.0,629585.0,0.8036
2019-06-19,164133.0,965384.0,-801251.0,1607073.0,969927.0,637146.0,0.8055
2019-06-20,163998.0,976212.0,-812214.0,1579142.0,951026.0,628116.0,1.1096
2019-06-21,165119.0,977773.0,-812654.0,1605934.0,972812.0,633122.0,0.9963
2019-06-24,165829.0,970538.0,-804709.0,1624256.0,987937.0,636319.0,0.9705
2019-06-25,169399.0,973580.0,-804181.0,1606334.0,967046.0,639288.0,1.1483
2019-06-26,168562.0,970449.0,-801887.0,1592271.0,945907.0,646364.0,1.2857
2019-06-27,140604.0,952423.0,-811819.0,1175402.0,648245.0,527157.0,1.2314
2019-06-28,140738.0,955473.0,-814735.0,1212645.0,684705.0,527940.0,1.01
2019-07-01,138997.0,963339.0,-824342.0,1230675.0,688800.0,541875.0,1.1101
2019-07-02,138662.0,963031.0,-824369.0,1251180.0,703167.0,548013.0,1.0797
2019-07-03,139202.0,974143.0,-834941.0,1262335.0,709615.0,552720.0,1.0697
2019-07-04,142039.0,970979.0,-828940.0,1243813.0,714087.0,529726.0,1.0097
2019-07-05,146683.0,966183.0,-819500.0,1272788.0,756342.0,516446.0,0.8643
2019-07-08,147792.0,958815.0,-811023.0,1311051.0,797130.0,513921.0,0.6952
2019-07-09,150209.0,962099.0,-811890.0,1352323.0,849733.0,502590.0,0.7237
2019-07-10,151101.0,961645.0,-810544.0,1375340.0,869056.0,506284.0,0.6836
2019-07-11,151749.0,967900.0,-816151.0,1359345.0,821127.0,538218.0,0.9374
2019-07-12,153982.0,967602.0,-813620.0,1399615.0,839647.0,559968.0,0.8719
2019-07-15,155577.0,969150.0,-813573.0,1421841.0,841838.0,580003.0,0.8534
2019-07-16,154863.0,978466.0,-823603.0,1439627.0,841360.0,598267.0,0.9506
2019-07-17,160610.0,976753.0,-816143.0,1466357.0,850297.0,616060.0,1.0162
2019-07-18,163749.0,977225.0,-813476.0,1432959.0,860598.0,572361.0,0.8658
2019-07-19,169812.0,974986.0,-805174.0,1449123.0,901595.0,547528.0,0.747
2019-07-22,181016.0,986885.0,-805869.0,1469257.0,907079.0,562178.0,0.7458
2019-07-23,186378.0,985335.0,-798957.0,1467553.0,926176.0,541377.0,0.7403
2019-07-24,191061.0,974399.0,-783338.0,1454154.0,957668.0,496486.0,0.7184
2019-07-25,169380.0,947067.0,-777687.0,1191450.0,775735.0,415715.0,1.1514
2019-07-26,171043.0,960382.0,-789339.0,1238437.0,804526.0,433911.0,1.1816
2019-07-29,176455.0,964997.0,-788542.0,1281507.0,840827.0,440680.0,0.9918
2019-07-30,172994.0,975676.0,-802682.0,1330617.0,847001.0,483616.0,0.7875
2019-07-31,178157.0,999807.0,-821650.0,1373259.0,863330.0,509929.0,0.8855
2019-08-01,185631.0,1012912.0,-827281.0,1385241.0,914214.0,471027.0,0.8879
2019-08-02,189115.0,1031444.0,-842329.0,1441227.0,964530.0,476697.0,0.9234
2019-08-05,193386.0,1036367.0,-842981.0,1515345.0,1026414.0,488931.0,0.788
2019-08-06,197465.0,1038207.0,-840742.0,1542734.0,1037827.0,504907.0,0.9066
2019-08-07,205811.0,1029283.0,-823472.0,1550187.0,1034603.0,515584.0,0.7595
2019-08-08,201260.0,1035978.0,-834718.0,1537540.0,1013723.0,523817.0,0.952
2019-08-09,198140.0,1011115.0,-812975.0,1558950.0,1042250.0,516700.0,0.9864
2019-08-13,201375.0,993755.0,-792380.0,1584088.0,1079717.0,504371.0,0.7314
2019-08-14,201639.0,992108.0,-790469.0,1584388.0,1077793.0,506595.0,0.9101
2019-08-16,212211.0,1003510.0,-791299.0,1607672.0,1107696.0,499976.0,0.9724
2019-08-19,211696.0,998877.0,-787181.0,1601918.0,1124502.0,477416.0,0.9296
2019-08-20,203023.0,995936.0,-792913.0,1613911.0,1139205.0,474706.0,0.8726
2019-08-21,209741.0,994272.0,-784531.0,1629482.0,1174149.0,455333.0,0.744
2019-08-22,220127.0,994109.0,-773982.0,1623236.0,1145872.0,477364.0,0.7458
2019-08-23,222270.0,1013683.0,-791413.0,1651759.0,1193617.0,458142.0,0.7916
2019-08-26,212798.0,1015480.0,-802682.0,1700656.0,1184932.0,515724.0,0.9918
2019-08-27,213739.0,1020811.0,-807072.0,1744731.0,1196615.0,548116.0,1.0039
2019-08-28,210706.0,1022044.0,-811338.0,1775641.0,1238881.0,536760.0,0.8783
2019-08-29,225619.0,1091245.0,-865626.0,1800849.0,1274457.0,526392.0,0.7545
2019-08-30,196819.0,1042565.0,-845746.0,1463446.0,938802.0,524644.0,1.0566
2019-09-03,202762.0,1045837.0,-843075.0,1484741.0,954233.0,530508.0,0.7901
2019-09-04,206492.0,1053676.0,-847184.0,1499643.0,969866.0,529777.0,0.8989
2019-09-05,208464.0,1053297.0,-844833.0,1437797.0,928373.0,509424.0,0.9757
2019-09-06,203127.0,1054479.0,-851352.0,1488430.0,962194.0,526236.0,1.0481
2019-09-09,199296.0,1054329.0,-855033.0,1511817.0,956438.0,555379.0,1.1636
2019-09-11,198729.0,1056668.0,-857939.0,1552725.0,972178.0,580547.0,1.2027
2019-09-12,204784.0,1048320.0,-843536.0,1518346.0,979248.0,539098.0,1.0331
2019-09-13,206685.0,1053330.0,-846645.0,1555152.0,1000038.0,555114.0,1.1476
2019-09-16,208595.0,1053370.0,-844775.0,1580004.0,1040841.0,539163.0,0.9792
2019-09-17,224175.0,1051190.0,-827015.0,1634110.0,1088952.0,545158.0,0.7777
2019-09-18,224330.0,1056710.0,-832380.0,1645802.0,1108688.0,537114.0,0.8001
2019-09-19,232590.0,1058735.0,-826145.0,1573239.0,1084001.0,489238.0,0.8132
2019-09-20,213477.0,1038271.0,-824794.0,1714861.0,1134571.0,580290.0,1.2067
2019-09-23,212743.0,1012936.0,-800193.0,1820708.0,1163974.0,656734.0,1.2716
2019-09-24,208824.0,1033223.0,-824399.0,1811832.0,1159070.0,652762.0,1.1813
2019-09-25,199237.0,1043659.0,-844422.0,1817311.0,1159068.0,658243.0,1.0189
2019-09-26,161849.0,1037208.0,-875359.0,1329448.0,801440.0,528008.0,1.1652
2019-09-27,166853.0,1044553.0,-877700.0,1371157.0,861255.0,509902.0,1.0121
2019-09-30,171798.0,1059325.0,-887527.0,1418844.0,892648.0,526196.0,0.857
2019-10-01,173417.0,1065038.0,-891621.0,1472133.0,947890.0,524243.0,0.7385
2019-10-03,182605.0,1075983.0,-893378.0,1431634.0,925756.0,505878.0,0.9452
2019-10-04,193466.0,1075809.0,-882343.0,1492103.0,988053.0,504050.0,0.7759
2019-10-07,196431.0,1075663.0,-879232.0,1505791.0,975816.0,529975.0,0.7922
2019-10-09,188371.0,1077735.0,-889364.0,1522070.0,979582.0,542488.0,1.0341
2019-10-10,193314.0,1066915.0,-873601.0,1475395.0,953375.0,522020.0,0.9146
2019-10-11,196753.0,1068316.0,-871563.0,1501133.0,991280.0,509853.0,0.8794
2019-10-14,192425.0,1068097.0,-875672.0,1531702.0,995792.0,535910.0,0.926
2019-10-15,194606.0,1067140.0,-872534.0,1558963.0,1003500.0,555463.0,1.0532
2019-10-16,191654.0,1071739.0,-880085.0,1557159.0,996511.0,560648.0,1.0079
2019-10-17,201038.0,1071112.0,-870074.0,1521003.0,927584.0,593419.0,1.085
2019-10-18,203663.0,1063977.0,-860314.0,1554058.0,967160.0,586898.0,1.1177
2019-10-22,210086.0,1081559.0,-871473.0,1576975.0,975105.0,601870.0,1.0494
2019-10-23,209705.0,1083792.0,-874087.0,1599119.0,988324.0,610795.0,1.0305
2019-10-24,194272.0,1082441.0,-888169.0,1503689.0,933297.0,570392.0,0.9437
2019-10-25,179440.0,1079499.0,-900059.0,1549475.0,968914.0,580561.0,0.9755
2019-10-29,179102.0,1068407.0,-889305.0,1586869.0,946129.0,640740.0,1.2313
2019-10-30,180693.0,1053705.0,-873012.0,1634010.0,986324.0,647686.0,1.2359
2019-10-31,159979.0,998540.0,-838561.0,1363868.0,742477.0,621391.0,1.1962
2019-11-01,161673.0,1084111.0,-922438.0,1507096.0,793120.0,713976.0,1.2101
2019-11-04,166596.0,1082547.0,-915951.0,1538582.0,824283.0,714299.0,1.1451
2019-11-05,170704.0,1078325.0,-907621.0,1553212.0,848337.0,704875.0,1.064
2019-11-06,171976.0,1085510.0,-913534.0,1574604.0,871807.0,702797.0,1.2284
2019-11-07,172275.0,1085140.0,-912865.0,1501525.0,838577.0,662948.0,1.0903
2019-11-08,170961.0,1081179.0,-910218.0,1536425.0,868169.0,668256.0,1.0486
2019-11-11,172899.0,1084860.0,-911961.0,1565736.0,890449.0,675287.0,1.1207
2019-11-13,175057.0,1080129.0,-905072.0,1571859.0,909006.0,662853.0,0.8501
2019-11-14,175723.0,1085789.0,-910066.0,1546099.0,896371.0,649728.0,1.0006
2019-11-15,175321.0,1097985.0,-922664.0,1591299.0,943701.0,647598.0,1.0596
2019-11-18,175447.0,1104049.0,-928602.0,1589909.0,941271.0,648638.0,1.0013
2019-11-19,175677.0,1109901.0,-934224.0,1611421.0,951476.0,659945.0,1.1284
2019-11-20,173564.0,1109372.0,-935808.0,1628537.0,974300.0,654237.0,1.1711
2019-11-21,170573.0,1101606.0,-931033.0,1577058.0,963625.0,613433.0,1.0526
2019-11-22,171041.0,1095198.0,-924157.0,1604213.0,989150.0,615063.0,0.959
2019-11-25,177426.0,1109736.0,-932310.0,1651384.0,1009732.0,641652.0,1.2355
2019-11-26,186463.0,1124453.0,-937990.0,1716833.0,1039932.0,676901.0,1.2077
2019-11-27,185391.0,1135227.0,-949836.0,1694518.0,1007975.0,686543.0,1.3154
2019-11-28,154780.0,1109320.0,-954540.0,1448274.0,764469.0,683805.0,1.4244
2019-11-29,159080.0,1118333.0,-959253.0,1503291.0,823750.0,679541.0,1.1907
2019-12-02,163060.0,1128704.0,-965644.0,1512899.0,813277.0,699622.0,1.1266
2019-12-03,168837.0,1129694.0,-960857.0,1504726.0,829378.0,675348.0,0.9853
2019-12-04,170029.0,1146072.0,-976043.0,1505364.0,836060.0,669304.0,1.1667
2019-12-05,169940.0,1139505.0,-969565.0,1461328.0,825879.0,635449.0,1.0686
2019-12-06,172656.0,1145218.0,-972562.0,1521587.0,858698.0,662889.0,0.8987
2019-12-09,172870.0,1152076.0,-979206.0,1523979.0,838652.0,685327.0,0.9467
2019-12-10,168655.0,1151959.0,-983304.0,1537000.0,858355.0,678645.0,0.8753
2019-12-11,166844.0,1158322.0,-991478.0,1549633.0,889394.0,660239.0,0.8995
2019-12-12,168546.0,1168714.0,-1000168.0,130.0,2.0,128.0,1.1141
2019-12-13,166016.0,1177082.0,-1011066.0,1569776.0,871349.0,698427.0,1.1973
2019-12-16,165634.0,1176563.0,-1010929.0,1545832.0,857849.0,687983.0,1.0973
2019-12-17,166202.0,1166882.0,-1000680.0,1570179.0,878473.0,691706.0,1.2164
2019-12-18,167025.0,1161975.0,-994950.0,1574421.0,884389.0,690032.0,1.291
2019-12-19,167570.0,1156312.0,-988742.0,1580802.0,840970.0,739832.0,1.2095
2019-12-20,169027.0,1161401.0,-992374.0,1634348.0,839452.0,794896.0,1.248
2019-12-23,171165.0,1160302.0,-989137.0,1645104.0,797253.0,847851.0,1.2131
2019-12-24,172295.0,1148417.0,-976122.0,1636380.0,767476.0,868904.0,1.1632
2019-12-26,122562.0,1100836.0,-978274.0,1352815.0,618058.0,734757.0,1.1766
2019-12-27,123196.0,1107452.0,-984256.0,1428159.0,662181.0,765978.0,1.3353
2019-12-30,124970.0,1115025.0,-990055.0,1434269.0,662930.0,771339.0,1.1572
2019-12-31,128498.0,1133323.0,-1004825.0,1428142.0,672875.0,755267.0,0.9616
2020-01-01,129287.0,1130705.0,-1001418.0,1434266.0,671022.0,763244.0,0.9353
2020-01-02,132484.0,1135424.0,-1002940.0,1456953.0,665879.0,791074.0,1.2174
2020-01-03,134076.0,1130500.0,-996424.0,1518474.0,723202.0,795272.0,1.0743
2020-01-06,136998.0,1122320.0,-985322.0,1536410.0,764257.0,772153.0,0.9025
2020-01-07,137906.0,1126729.0,-988823.0,1593925.0,788133.0,805792.0,0.9423
2020-01-08,139482.0,1128475.0,-988993.0,1590990.0,811431.0,779559.0,1.0638
2020-01-09,138266.0,1137569.0,-999303.0,1574162.0,751077.0,823085.0,1.2858
2020-01-10,139918.0,1130597.0,-990679.0,1617158.0,786546.0,830612.0,1.2161
2020-01-13,139350.0,1133397.0,-994047.0,1640377.0,803723.0,836654.0,1.2363
2020-01-14,138847.0,1135623.0,-996776.0,1683776.0,826078.0,857698.0,1.2275
2020-01-15,139174.0,1138193.0,-999019.0,1683178.0,848013.0,835165.0,1.078
2020-01-16,139034.0,1139288.0,-1000254.0,1620804.0,821910.0,798894.0,1.1111
2020-01-17,140517.0,1140916.0,-1000399.0,1658230.0,855324.0,802906.0,1.0541
2020-01-20,140570.0,1143299.0,-1002729.0,1705971.0,912775.0,793196.0,0.8144
2020-01-21,145235.0,1135593.0,-990358.0,1702605.0,949461.0,753144.0,0.8101
2020-01-22,144337.0,1133800.0,-989463.0,1719304.0,1003404.0,715900.0,0.7523
2020-01-23,151002.0,1134930.0,-983928.0,1668180.0,950749.0,717431.0,0.9652
2020-01-24,153492.0,1137899.0,-984407.0,1688777.0,989324.0,699453.0,1.0952
2020-01-27,142122.0,1138287.0,-996165.0,1699986.0,1032406.0,667580.0,0.8534
2020-01-28,143550.0,1140110.0,-996560.0,1688506.0,1052459.0,636047.0,0.7938
2020-01-29,146177.0,1141781.0,-995604.0,1713069.0,1067933.0,645136.0,0.8979
2020-01-30,127505.0,1051741.0,-924236.0,1233482.0,772901.0,460581.0,1.0881
2020-01-31,141181.0,1068177.0,-926996.0,1321313.0,894933.0,426380.0,0.927
2020-02-03,154971.0,1059367.0,-904396.0,1451651.0,1010526.0,441125.0,0.8034
2020-02-04,153775.0,1047845.0,-894070.0,1496240.0,1005124.0,491116.0,1.0482
2020-02-05,158169.0,1048057.0,-889888.0,1520892.0,1020382.0,500510.0,1.1501
2020-02-06,155383.0,1056966.0,-901583.0,1457701.0,960372.0,497329.0,1.142
2020-02-07,157908.0,1062232.0,-904324.0,1500887.0,989263.0,511624.0,1.1116
2020-02-10,157906.0,1062669.0,-904763.0,1520336.0,988459.0,531877.0,1.0349
2020-02-11,157182.0,1076621.0,-919439.0,1543694.0,972658.0,571036.0,1.1076
2020-02-12,156137.0,1090370.0,-934233.0,1561748.0,964279.0,597469.0,1.2189
2020-02-13,152964.0,1089290.0,-936326.0,1498289.0,934640.0,563649.0,1.0196
2020-02-14,152766.0,1091590.0,-938824.0,1512957.0,948056.0,564901.0,0.8883
2020-02-17,152140.0,1095553.0,-943413.0,1516316.0,943244.0,573072.0,0.8029
2020-02-18,141265.0,1099423.0,-958158.0,1536764.0,970509.0,566255.0,0.7945
2020-02-19,142160.0,1110858.0,-968698.0,1566711.0,958263.0,608448.0,0.9743
2020-02-20,144346.0,1108381.0,-964035.0,1514757.0,942284.0,572473.0,1.0113
2020-02-24,147827.0,1098235.0,-950408.0,1588148.0,1028937.0,559211.0,0.839
2020-02-25,155134.0,1105015.0,-949881.0,1574418.0,1034296.0,540122.0,0.8288
2020-02-26,164998.0,1111987.0,-946989.0,1628550.0,1098847.0,529703.0,0.8245
2020-02-27,142186.0,1014587.0,-872401.0,1214160.0,846239.0,367921.0,1.151
2020-02-28,165130.0,1066680.0,-901550.0,1323311.0,941250.0,382061.0,0.9039
2020-03-02,165263.0,1048212.0,-882949.0,1426755.0,935274.0,491481.0,0.9202
2020-03-03,163974.0,1037968.0,-873994.0,1503270.0,957364.0,545906.0,1.0106
2020-03-04,166153.0,1039761.0,-873608.0,1539014.0,989464.0,549550.0,0.903
2020-03-05,168838.0,1040268.0,-871430.0,1434912.0,937506.0,497406.0,1.116
2020-03-06,175058.0,1032600.0,-857542.0,1512000.0,1023011.0,488989.0,0.9726
2020-03-09,178017.0,1042523.0,-864506.0,1614099.0,1073354.0,540745.0,0.8125
2020-03-11,182833.0,1034243.0,-851410.0,1665165.0,1093786.0,571379.0,0.8448
2020-03-12,189061.0,1000790.0,-811729.0,1638371.0,1097612.0,540759.0,0.8714
2020-03-13,196642.0,963344.0,-766702.0,1666059.0,1032509.0,633550.0,0.8768
2020-03-16,207207.0,947169.0,-739962.0,1694567.0,1080674.0,613893.0,0.745
2020-03-17,214312.0,945752.0,-731440.0,1717088.0,1065109.0,651979.0,0.7566
2020-03-18,221666.0,953969.0,-732303.0,1763008.0,1079610.0,683398.0,0.7057
2020-03-19,226027.0,966915.0,-740888.0,1683000.0,1027642.0,655358.0,0.8677
2020-03-20,229145.0,961222.0,-732077.0,1748566.0,1056568.0,691998.0,0.8965
2020-03-23,227684.0,937427.0,-709743.0,1713949.0,1024753.0,689196.0,0.7551
2020-03-24,225893.0,913282.0,-687389.0,1703767.0,978375.0,725392.0,0.8227
2020-03-25,218970.0,887540.0,-668570.0,1713856.0,965731.0,748125.0,0.9709
2020-03-26,160566.0,753549.0,-592983.0,1176427.0,652230.0,524197.0,1.2881
2020-03-27,153147.0,740484.0,-587337.0,1207240.0,673227.0,534013.0,1.0713
2020-03-30,163129.0,789577.0,-626448.0,1259330.0,689902.0,569428.0,0.9456
2020-03-31,174802.0,837115.0,-662313.0,1287586.0,667018.0,620568.0,1.0219
2020-04-01,169210.0,833262.0,-664052.0,1278507.0,675402.0,603105.0,1.0892
2020-04-03,167762.0,826047.0,-658285.0,1312893.0,710225.0,602668.0,0.9805
2020-04-07,166349.0,820946.0,-654597.0,1358035.0,715410.0,642625.0,1.2933
2020-04-08,166307.0,794186.0,-627879.0,1352978.0,745893.0,607085.0,1.1378
2020-04-09,168919.0,778090.0,-609171.0,1337908.0,701964.0,635944.0,1.2653
2020-04-13,169874.0,785444.0,-615570.0,1353445.0,711580.0,641865.0,1.1793
2020-04-15,168727.0,772900.0,-604173.0,1389132.0,731636.0,657496.0,1.0412
2020-04-16,169557.0,785365.0,-615808.0,1375949.0,698386.0,677563.0,1.1768
2020-04-17,173151.0,787230.0,-614079.0,1403197.0,735975.0,667222.0,1.1812
2020-04-20,175490.0,775735.0,-600245.0,1403351.0,748075.0,655276.0,1.1135
2020-04-21,180302.0,773984.0,-593682.0,1407269.0,789771.0,617498.0,0.9468
2020-04-22,179380.0,777559.0,-598179.0,1424362.0,797232.0,627130.0,1.0503
2020-04-23,173731.0,768944.0,-595213.0,1389749.0,769436.0,620313.0,1.161
2020-04-24,167959.0,773144.0,-605185.0,1413149.0,793377.0,619772.0,1.0591
2020-04-27,149467.0,791556.0,-642089.0,1453083.0,803998.0,649085.0,1.0887
2020-04-28,131667.0,803969.0,-672302.0,1462546.0,788147.0,674399.0,1.2173
2020-04-29,136584.0,806107.0,-669523.0,1470680.0,778068.0,692612.0,1.2861
2020-04-30,124555.0,792030.0,-667475.0,1321152.0,632458.0,688694.0,1.4617
2020-05-04,126647.0,787520.0,-660873.0,1338411.0,689222.0,649189.0,1.0356
2020-05-05,123250.0,780214.0,-656964.0,1353270.0,716817.0,636453.0,0.9164
2020-05-06,125019.0,798476.0,-673457.0,1394387.0,736493.0,657894.0,1.0151
2020-05-07,130789.0,800489.0,-669700.0,1329722.0,741149.0,588573.0,1.0752
2020-05-08,138349.0,781461.0,-643112.0,1355253.0,782650.0,572603.0,0.9775
2020-05-11,139531.0,789499.0,-649968.0,1384864.0,803957.0,580907.0,0.9184
2020-05-12,128904.0,812446.0,-683542.0,1393203.0,826802.0,566401.0,0.9228
2020-05-13,134767.0,832739.0,-697972.0,1384924.0,826278.0,558646.0,0.8789
2020-05-14,133173.0,839925.0,-706752.0,1338396.0,812942.0,525454.0,0.8919
2020-05-15,135737.0,857227.0,-721490.0,1355097.0,841537.0,513560.0,0.8273
2020-05-18,137499.0,855442.0,-717943.0,1373807.0,914603.0,459204.0,0.6973
2020-05-19,142201.0,874132.0,-731931.0,1434619.0,882662.0,551957.0,0.767
2020-05-20,139883.0,900423.0,-760540.0,1442510.0,884174.0,558336.0,0.8682
2020-05-21,141267.0,894189.0,-752922.0,1420687.0,870816.0,549871.0,0.9027
2020-05-22,147934.0,902440.0,-754506.0,1493063.0,942674.0,550389.0,0.8427
2020-05-26,149122.0,926588.0,-777466.0,1487499.0,933794.0,553705.0,0.8182
2020-05-27,165517.0,959639.0,-794122.0,1562666.0,913370.0,649296.0,1.196
2020-05-28,137949.0,923161.0,-785212.0,1402620.0,714693.0,687927.0,1.2886
2020-05-29,165482.0,963111.0,-797629.0,1460759.0,756027.0,704732.0,1.3309
2020-06-01,168399.0,939889.0,-771490.0,1502148.0,808188.0,693960.0,1.2374
2020-06-02,170927.0,918928.0,-748001.0,1531277.0,833815.0,697462.0,1.3077
2020-06-03,169359.0,914077.0,-744718.0,1574625.0,843765.0,730860.0,1.2576
2020-06-04,168368.0,915807.0,-747439.0,1491763.0,775099.0,716664.0,1.1526
2020-06-05,164496.0,926835.0,-762339.0,1568784.0,829094.0,739690.0,1.1756
2020-06-08,168024.0,917637.0,-749613.0,1606623.0,861004.0,745619.0,1.0633
2020-06-09,164813.0,914342.0,-749529.0,1634293.0,870405.0,763888.0,0.9733
2020-06-10,163681.0,927575.0,-763894.0,1645567.0,883060.0,762507.0,1.0837
2020-06-11,164477.0,920867.0,-756390.0,1593478.0,848683.0,744795.0,1.047
2020-06-12,163255.0,935281.0,-772026.0,1621924.0,910751.0,711173.0,1.1062
2020-06-15,163305.0,930082.0,-766777.0,1621328.0,954092.0,667236.0,1.0128
2020-06-16,160722.0,935691.0,-774969.0,1639744.0,968604.0,671140.0,0.9915
2020-06-17,158634.0,936856.0,-778222.0,1650352.0,989103.0,661249.0,0.9946
2020-06-18,165698.0,939605.0,-773907.0,1605824.0,924009.0,681815.0,1.1422
2020-06-19,170193.0,939699.0,-769506.0,1665878.0,956896.0,708982.0,1.1894
2020-06-22,166709.0,919278.0,-752569.0,1663446.0,973479.0,689967.0,1.2054
2020-06-23,166835.0,900228.0,-733393.0,1624700.0,941718.0,682982.0,1.2822
2020-06-24,158249.0,877098.0,-718849.0,1575876.0,916977.0,658899.0,0.9839
2020-06-25,73667.0,807990.0,-734323.0,1192362.0,608961.0,583401.0,1.1237
2020-06-26,79309.0,814888.0,-735579.0,1280979.0,685270.0,595709.0,1.0202
2020-06-29,81117.0,830771.0,-749654.0,1301252.0,747134.0,554118.0,0.9987
2020-06-30,89966.0,843176.0,-753210.0,1350767.0,768625.0,582142.0,0.9264
2020-07-01,93798.0,849493.0,-755695.0,1358478.0,774684.0,583794.0,1.1358
2020-07-02,95076.0,842709.0,-747633.0,1332256.0,723026.0,609230.0,1.113
2020-07-03,97311.0,838550.0,-741239.0,1362416.0,743131.0,619285.0,1.0627
2020-07-06,100319.0,842404.0,-742085.0,1431847.0,786060.0,645787.0,1.1326
2020-07-07,99055.0,835306.0,-736251.0,1446398.0,811968.0,634430.0,1.2171
2020-07-08,97395.0,836422.0,-739027.0,1484401.0,834498.0,649903.0,1.0646
2020-07-09,96747.0,835898.0,-739151.0,1409349.0,771377.0,637972.0,1.1432
2020-07-10,91278.0,831905.0,-740627.0,1444957.0,829454.0,615503.0,1.0186
2020-07-13,89929.0,828804.0,-738875.0,1448236.0,852752.0,595484.0,0.9458
2020-07-14,88247.0,823756.0,-735509.0,1450729.0,900754.0,549975.0,0.7958
2020-07-15,89726.0,823674.0,-733948.0,1475289.0,908110.0,567179.0,0.818
2020-07-16,88372.0,823264.0,-734892.0,1372825.0,795222.0,577603.0,1.0255
2020-07-17,89810.0,828824.0,-739014.0,1429344.0,836198.0,593146.0,1.1299
2020-07-20,94333.0,827266.0,-732933.0,1452636.0,869819.0,582817.0,1.1376
2020-07-21,95257.0,831577.0,-736320.0,1491556.0,893704.0,597852.0,1.2264
2020-07-22,89474.0,822858.0,-733384.0,1514391.0,907372.0,607019.0,1.1874
2020-07-23,92253.0,826020.0,-733767.0,1418210.0,835206.0,583004.0,1.191
2020-07-24,99029.0,822093.0,-723064.0,1420301.0,887139.0,533162.0,1.1036
2020-07-27,96176.0,828430.0,-732254.0,1438964.0,898018.0,540946.0,0.9528
2020-07-28,97581.0,838060.0,-740479.0,1451478.0,900866.0,550612.0,1.1085
2020-07-29,101107.0,840322.0,-739215.0,1462405.0,917221.0,545184.0,0.9846
2020-07-30,73485.0,797679.0,-724194.0,1179919.0,664861.0,515058.0,1.0973
2020-07-31,83390.0,810545.0,-727155.0,1250052.0,732957.0,517095.0,0.998
2020-08-03,75142.0,809228.0,-734086.0,1253743.0,790730.0,463013.0,0.8562
2020-08-04,74985.0,812668.0,-737683.0,1271926.0,777430.0,494496.0,1.0377
2020-08-05,72667.0,814680.0,-742013.0,1291760.0,815459.0,476301.0,0.9557
2020-08-06,72739.0,810756.0,-738017.0,1223261.0,742800.0,480461.0,1.1004
2020-08-07,71405.0,811735.0,-740330.0,1255909.0,798512.0,457397.0,1.123
2020-08-10,67875.0,807264.0,-739389.0,1267790.0,815951.0,451839.0,1.1117
2020-08-11,68343.0,802323.0,-733980.0,1275250.0,847372.0,427878.0,1.055
2020-08-12,69274.0,801926.0,-732652.0,1284764.0,874588.0,410176.0,1.0564
2020-08-13,69558.0,798501.0,-728943.0,1223101.0,809823.0,413278.0,1.0134
2020-08-14,70335.0,792118.0,-721783.0,1262343.0,845522.0,416821.0,0.9183
2020-08-17,70886.0,797628.0,-726742.0,1307292.0,865807.0,441485.0,1.0157
2020-08-18,71505.0,795916.0,-724411.0,1311108.0,857812.0,453296.0,1.1334
2020-08-19,76718.0,791529.0,-714811.0,1312970.0,870385.0,442585.0,1.1133
2020-08-20,74991.0,788849.0,-713858.0,1251608.0,836003.0,415605.0,0.991
2020-08-21,82221.0,787623.0,-705402.0,1312025.0,864922.0,447103.0,1.0433
2020-08-24,84180.0,789404.0,-705224.0,1346505.0,875096.0,471409.0,1.1748
2020-08-25,87303.0,790605.0,-703302.0,1365741.0,884714.0,481027.0,1.1828
2020-08-26,89490.0,788261.0,-698771.0,1414306.0,937526.0,476780.0,1.3008
2020-08-27,74706.0,756888.0,-682182.0,1173349.0,715076.0,458273.0,1.2556
2020-08-28,79277.0,755626.0,-676349.0,1272280.0,794612.0,477668.0,1.3027
2020-08-31,79734.0,766256.0,-686522.0,1270566.0,874790.0,395776.0,0.8828
2020-09-01,78458.0,760980.0,-682522.0,1281068.0,879874.0,401194.0,0.9367
2020-09-02,78541.0,764037.0,-685496.0,1277284.0,912418.0,364866.0,0.9655
2020-09-03,79785.0,759890.0,-680105.0,1200543.0,851140.0,349403.0,0.9616
2020-09-04,75619.0,756354.0,-680735.0,1216604.0,879166.0,337438.0,0.878
2020-09-07,74371.0,756786.0,-682415.0,1263957.0,923793.0,340164.0,0.8736
2020-09-08,74562.0,757509.0,-682947.0,1266390.0,918290.0,348100.0,0.8679
2020-09-09,70869.0,762725.0,-691856.0,1313860.0,961093.0,352767.0,0.8231
2020-09-10,68673.0,761347.0,-692674.0,1248578.0,870643.0,377935.0,0.9635
2020-09-11,68404.0,766913.0,-698509.0,1307462.0,933987.0,373475.0,0.9556
2020-09-14,70471.0,769943.0,-699472.0,1356807.0,984886.0,371921.0,0.8553
2020-09-15,73260.0,773844.0,-700584.0,1350948.0,973710.0,377238.0,0.9472
2020-09-16,74378.0,775563.0,-701185.0,1358948.0,993912.0,365036.0,0.9859
2020-09-17,74383.0,772434.0,-698051.0,1284003.0,926015.0,357988.0,0.881
2020-09-18,74362.0,768455.0,-694093.0,1310316.0,937151.0,373165.0,0.8573
2020-09-21,73624.0,759995.0,-686371.0,1327147.0,959470.0,367677.0,0.7491
2020-09-22,72213.0,769684.0,-697471.0,1355970.0,973332.0,382638.0,0.7547
2020-09-23,71999.0,782760.0,-710761.0,1401445.0,985658.0,415787.0,0.7869
2020-09-24,68629.0,755829.0,-687200.0,1095147.0,751582.0,343565.0,0.8859
2020-09-25,61988.0,765597.0,-703609.0,1190122.0,800401.0,389721.0,1.04
2020-09-28,62212.0,776519.0,-714307.0,1224386.0,800125.0,424261.0,1.1202
2020-09-29,69171.0,777527.0,-708356.0,1228820.0,828815.0,400005.0,1.0053
2020-09-30,73528.0,779853.0,-706325.0,1270575.0,853878.0,416697.0,1.0758
2020-10-01,72995.0,777430.0,-704435.0,1197959.0,742223.0,455736.0,1.1364
2020-10-05,74167.0,774078.0,-699911.0,1267327.0,810936.0,456391.0,1.0026
2020-10-06,74095.0,770769.0,-696674.0,1290055.0,824981.0,465074.0,1.1474
2020-10-07,73419.0,767874.0,-694455.0,1341083.0,878961.0,462122.0,1.1423
2020-10-08,73827.0,765403.0,-691576.0,1278920.0,834647.0,444273.0,1.0919
2020-10-09,73602.0,765948.0,-692346.0,1340478.0,892176.0,448302.0,1.1873
2020-10-12,76762.0,765811.0,-689049.0,1366120.0,959031.0,407089.0,1.0047
2020-10-13,76358.0,766283.0,-689925.0,1366014.0,971249.0,394765.0,0.9675
2020-10-14,77183.0,768852.0,-691669.0,1380572.0,970955.0,409617.0,1.0121
2020-10-15,72840.0,766930.0,-694090.0,1298053.0,901041.0,397012.0,0.9214
2020-10-16,72668.0,772649.0,-699981.0,1334239.0,925977.0,408262.0,0.9444
2020-10-19,73446.0,779089.0,-705643.0,1365033.0,959751.0,405282.0,1.0263
2020-10-20,74766.0,780980.0,-706214.0,1363515.0,980659.0,382856.0,1.0771
2020-10-21,75828.0,781173.0,-705345.0,1368534.0,971268.0,397266.0,1.0943
2020-10-22,77474.0,782625.0,-705151.0,1260915.0,875292.0,385623.0,1.0165
2020-10-23,78059.0,785332.0,-707273.0,1296279.0,912936.0,383343.0,0.983
2020-10-26,78003.0,782969.0,-704966.0,1297664.0,919185.0,378479.0,0.8541
2020-10-27,78361.0,774377.0,-696016.0,1366654.0,971712.0,394942.0,1.1147
2020-10-28,78692.0,772006.0,-693314.0,1378829.0,1017559.0,361270.0,0.9385
2020-10-29,51890.0,772249.0,-720359.0,1045234.0,684516.0,360718.0,1.196
2020-10-30,53566.0,823794.0,-770228.0,1201450.0,830020.0,371430.0,1.0586
2020-11-02,54507.0,825759.0,-771252.0,1229119.0,837653.0,391466.0,1.1849
2020-11-03,57727.0,825552.0,-767825.0,1292439.0,867592.0,424847.0,1.2693
2020-11-04,61198.0,827691.0,-766493.0,1311445.0,888459.0,422986.0,1.2329
2020-11-05,63209.0,825686.0,-762477.0,1259951.0,787285.0,472666.0,1.2412
2020-11-06,63618.0,815690.0,-752072.0,1370960.0,852861.0,518099.0,1.3453
2020-11-09,64459.0,813244.0,-748785.0,1428476.0,928715.0,499761.0,1.333
2020-11-10,65369.0,809692.0,-744323.0,1499263.0,983743.0,515520.0,1.3367
2020-11-11,66208.0,807563.0,-741355.0,1544007.0,1026652.0,517355.0,1.297
2020-11-12,66915.0,809994.0,-743079.0,1407038.0,949022.0,458016.0,1.1067
2020-11-13,66183.0,810418.0,-744235.0,1430925.0,1006796.0,424129.0,1.1311
2020-11-17,63110.0,807942.0,-744832.0,1462309.0,1006637.0,455672.0,1.2089
2020-11-18,63190.0,810201.0,-747011.0,1524676.0,1049609.0,475067.0,1.2706
2020-11-19,63512.0,804998.0,-741486.0,1430823.0,993046.0,437777.0,1.0389
2020-11-20,63383.0,802589.0,-739206.0,1472421.0,1031063.0,441358.0,1.1225
2020-11-23,63527.0,801290.0,-737763.0,1477197.0,1048171.0,429026.0,1.078
2020-11-24,66525.0,799918.0,-733393.0,1531642.0,1087352.0,444290.0,1.2897
2020-11-25,65865.0,803629.0,-737764.0,1551718.0,1117998.0,433720.0,0.9885
2020-11-26,57492.0,795014.0,-737522.0,1223287.0,808344.0,414943.0,1.1225
2020-11-27,60034.0,799091.0,-739057.0,1311232.0,918306.0,392926.0,1.0301
2020-12-01,60951.0,798190.0,-737239.0,1344266.0,947665.0,396601.0,1.1211
2020-12-02,60736.0,800043.0,-739307.0,1375044.0,964867.0,410177.0,1.0322
2020-12-03,62008.0,805321.0,-743313.0,1285343.0,887942.0,397401.0,1.1419
2020-12-04,63119.0,802711.0,-739592.0,1361782.0,947853.0,413929.0,1.1849
2020-12-07,63759.0,797988.0,-734229.0,1375537.0,985401.0,390136.0,1.2297
2020-12-08,64341.0,793358.0,-729017.0,1354417.0,978522.0,375895.0,1.1878
2020-12-09,64814.0,787829.0,-723015.0,1375217.0,997723.0,377494.0,1.3028
2020-12-10,70043.0,788463.0,-718420.0,1282002.0,929679.0,352323.0,1.101
2020-12-11,70633.0,780875.0,-710242.0,1336617.0,993540.0,343077.0,1.0586
2020-12-14,72960.0,780460.0,-707500.0,1354085.0,1020496.0,333589.0,1.0463
2020-12-15,72572.0,780553.0,-707981.0,1383429.0,1037481.0,345948.0,1.0435
2020-12-16,74105.0,778547.0,-704442.0,1427429.0,1074483.0,352946.0,1.0882
2020-12-17,83102.0,773929.0,-690827.0,1317004.0,1002557.0,314447.0,1.1883
2020-12-18,82495.0,771131.0,-688636.0,1378872.0,1047566.0,331306.0,1.0827
2020-12-21,84462.0,770846.0,-686384.0,1460259.0,1103810.0,356449.0,0.8067
2020-12-22,83676.0,777551.0,-693875.0,1460267.0,1066367.0,393900.0,0.9188
2020-12-23,84412.0,782010.0,-697598.0,1448336.0,1067533.0,380803.0,1.0557
2020-12-24,84447.0,781248.0,-696801.0,1349863.0,979970.0,369893.0,1.1213
2020-12-28,84160.0,788242.0,-704082.0,1421254.0,1028472.0,392782.0,1.1741
2020-12-29,81993.0,790160.0,-708167.0,1467817.0,1092588.0,375229.0,1.167
2020-12-30,83066.0,807154.0,-724088.0,1522450.0,1119946.0,402504.0,1.175
2020-12-31,30538.0,795523.0,-764985.0,1032891.0,741294.0,291597.0,1.127
2021-01-01,32489.0,802401.0,-769912.0,1135617.0,828805.0,306812.0,1.0274
2021-01-04,35029.0,802087.0,-767058.0,1216708.0,877391.0,339317.0,1.0059
2021-01-05,33719.0,796854.0,-763135.0,1216227.0,902355.0,313872.0,1.2057
2021-01-06,34919.0,797309.0,-762390.0,1311211.0,917050.0,394161.0,1.0109
2021-01-07,41343.0,803048.0,-761705.0,1200331.0,841430.0,358901.0,1.0366
2021-01-08,48005.0,797512.0,-749507.0,1290188.0,908262.0,381926.0,1.1381
2021-01-11,49589.0,787616.0,-738027.0,1335560.0,942840.0,392720.0,1.117
2021-01-12,54774.0,800227.0,-745453.0,1344025.0,981545.0,362480.0,1.1413
2021-01-13,54493.0,805929.0,-751436.0,1447262.0,1050735.0,396527.0,1.0497
2021-01-14,54340.0,810625.0,-756285.0,1277916.0,943438.0,334478.0,1.0382
2021-01-15,52038.0,809661.0,-757623.0,1340993.0,1029189.0,311804.0,0.8699
2021-01-18,52118.0,818132.0,-766014.0,1359139.0,1023490.0,335649.0,0.8038
2021-01-19,52887.0,832438.0,-779551.0,1377390.0,1019895.0,357495.0,0.9504
2021-01-20,52092.0,832026.0,-779934.0,1376466.0,1041199.0,335267.0,0.9797
2021-01-21,55544.0,828170.0,-772626.0,1264294.0,941523.0,322771.0,0.9713
2021-01-22,46290.0,823245.0,-776955.0,1298089.0,1019556.0,278533.0,0.7713
2021-01-25,48614.0,832654.0,-784040.0,1359997.0,1040551.0,319446.0,0.7655
2021-01-27,49245.0,840897.0,-791652.0,1395291.0,1070605.0,324686.0,0.6829
2021-01-28,29993.0,829072.0,-799079.0,1050083.0,754558.0,295525.0,0.9838
2021-01-29,31385.0,849891.0,-818506.0,1186810.0,875828.0,310982.0,0.836
2021-02-01,35960.0,846568.0,-810608.0,1335936.0,1009417.0,326519.0,1.2406
2021-02-02,34414.0,844723.0,-810309.0,1387981.0,1052981.0,335000.0,1.2112
2021-02-03,37996.0,843612.0,-805616.0,1364801.0,1060161.0,304640.0,1.2501
2021-02-04,37999.0,842869.0,-804870.0,1221038.0,911042.0,309996.0,1.1137
2021-02-05,35284.0,840650.0,-805366.0,1311915.0,981420.0,330495.0,1.0584
2021-02-08,34620.0,847290.0,-812670.0,1351137.0,1034498.0,316639.0,1.0649
2021-02-09,33912.0,849068.0,-815156.0,1384945.0,1068568.0,316377.0,1.0242
2021-02-10,32708.0,850334.0,-817626.0,1427827.0,1096562.0,331265.0,0.9555
2021-02-11,31547.0,848642.0,-817095.0,1320513.0,993177.0,327336.0,1.0021
2021-02-12,32272.0,850136.0,-817864.0,1359057.0,1068725.0,290332.0,0.9776
2021-02-15,32207.0,851950.0,-819743.0,1412080.0,1100244.0,311836.0,1.1573
2021-02-16,32234.0,858576.0,-826342.0,1480215.0,1144807.0,335408.0,0.955
2021-02-17,33940.0,860551.0,-826611.0,1492193.0,1161044.0,331149.0,0.9094
2021-02-18,35983.0,862584.0,-826601.0,1329284.0,1018956.0,310328.0,0.8945
2021-02-19,35282.0,863697.0,-828415.0,1430806.0,1078860.0,351946.0,0.8344
2021-02-22,36050.0,867500.0,-831450.0,1511603.0,1111037.0,400566.0,0.751
2021-02-23,36384.0,874054.0,-837670.0,1570681.0,1139878.0,430803.0,0.7978
2021-02-24,38220.0,878954.0,-840734.0,1570608.0,1150603.0,420005.0,1.0587
2021-02-25,32388.0,852482.0,-820094.0,1092412.0,777721.0,314691.0,0.9927
2021-02-26,34922.0,862429.0,-827507.0,1234703.0,931507.0,303196.0,0.7337
2021-03-01,36889.0,869094.0,-832205.0,1267176.0,942513.0,324663.0,0.817
2021-03-02,38546.0,873346.0,-834800.0,1283547.0,973526.0,310021.0,0.8816
2021-03-03,41208.0,874886.0,-833678.0,1390055.0,1036497.0,353558.0,1.1057
2021-03-04,41764.0,877038.0,-835274.0,1229631.0,911420.0,318211.0,0.9412
2021-03-05,41666.0,870952.0,-829286.0,1304588.0,981812.0,322776.0,0.8187
2021-03-08,45593.0,877000.0,-831407.0,1341278.0,1022804.0,318474.0,0.8022
2021-03-09,43664.0,883354.0,-839690.0,1410632.0,1057670.0,352962.0,0.8672
2021-03-10,43345.0,887289.0,-843944.0,1269523.0,937369.0,332154.0,0.9163
2021-03-12,45060.0,882335.0,-837275.0,1381086.0,1057946.0,323140.0,0.7641
2021-03-15,45439.0,881864.0,-836425.0,1419279.0,1086279.0,333000.0,0.7339
2021-03-16,46583.0,886140.0,-839557.0,1431548.0,1099450.0,332098.0,0.7
2021-03-17,47989.0,884684.0,-836695.0,1446783.0,1111834.0,334949.0,0.6541
2021-03-18,46607.0,884266.0,-837659.0,1265028.0,945955.0,319073.0,0.7775
2021-03-19,44578.0,883734.0,-839156.0,1371483.0,1005805.0,365678.0,0.8684
2021-03-22,44533.0,890426.0,-845893.0,1430610.0,1046652.0,383958.0,0.8119
2021-03-23,44087.0,892881.0,-848794.0,1457992.0,1062715.0,395277.0,0.9357
2021-03-24,40393.0,888096.0,-847703.0,1471402.0,1072259.0,399143.0,0.768
2021-03-25,27765.0,870476.0,-842711.0,1060343.0,726779.0,333564.0,0.9623
2021-03-26,28803.0,887778.0,-858975.0,1161460.0,815510.0,345950.0,0.9634
2021-03-30,29847.0,900830.0,-870983.0,1199871.0,831544.0,368327.0,1.087
2021-03-31,29102.0,891704.0,-862602.0,1314446.0,973508.0,340938.0,0.914
2021-04-01,29193.0,908223.0,-879030.0,1132009.0,804782.0,327227.0,1.0038
2021-04-05,27737.0,899199.0,-871462.0,1209025.0,924933.0,284092.0,0.7976
2021-04-06,27129.0,904057.0,-876928.0,1280801.0,969978.0,310823.0,0.8264
2021-04-07,28205.0,913799.0,-885594.0,1293187.0,975339.0,317848.0,1.0053
2021-04-08,29830.0,921336.0,-891506.0,1146634.0,837022.0,309612.0,0.9549
2021-04-09,31872.0,928285.0,-896413.0,1223536.0,907791.0,315745.0,0.8908
2021-04-12,33558.0,926245.0,-892687.0,1280423.0,978624.0,301799.0,0.6755
2021-04-13,34041.0,934841.0,-900800.0,1349647.0,1022883.0,326764.0,0.9236
2021-04-15,49220.0,947900.0,-898680.0,1263349.0,933422.0,329927.0,0.9408
2021-04-16,51368.0,960497.0,-909129.0,1370649.0,1010205.0,360444.0,0.9529
2021-04-19,52228.0,958789.0,-906561.0,1438840.0,1081852.0,356988.0,0.9153
2021-04-20,52116.0,968723.0,-916607.0,1424031.0,1090237.0,333794.0,0.8322
2021-04-22,56355.0,969066.0,-912711.0,1314866.0,944102.0,370764.0,0.9411
2021-04-23,57085.0,977081.0,-919996.0,1381720.0,993015.0,388705.0,0.9419
2021-04-26,61851.0,983648.0,-921797.0,1457694.0,1038736.0,418958.0,1.0281
2021-04-27,63326.0,986200.0,-922874.0,1519236.0,1067027.0,452209.0,1.1366
2021-04-28,71523.0,980684.0,-909161.0,1576608.0,1119902.0,456706.0,1.2534
2021-04-29,45785.0,916851.0,-871066.0,1097940.0,701427.0,396513.0,1.1501
2021-04-30,57395.0,1131022.0,-1073627.0,1370854.0,920781.0,450073.0,0.8845
2021-05-03,55806.0,1144128.0,-1088322.0,1490068.0,1041792.0,448276.0,0.8846
2021-05-04,53925.0,1151751.0,-1097826.0,1541154.0,1060989.0,480165.0,0.7977
2021-05-05,62232.0,1162229.0,-1099997.0,1566577.0,1102151.0,464426.0,0.9077
2021-05-06,61864.0,1165059.0,-1103195.0,1427939.0,949803.0,478136.0,0.9718
2021-05-07,63320.0,1164361.0,-1101041.0,1490893.0,1036797.0,454096.0,0.9714
2021-05-10,62097.0,1162138.0,-1100041.0,1573068.0,1113255.0,459813.0,0.9851
2021-05-11,61617.0,1157786.0,-1096169.0,1590318.0,1192185.0,398133.0,0.9442
2021-05-12,61664.0,1154118.0,-1092454.0,1470216.0,1077095.0,393121.0,0.8713
2021-05-14,58732.0,1157718.0,-1098986.0,1609702.0,1186093.0,423609.0,0.7886
2021-05-17,63124.0,1173398.0,-1110274.0,1640159.0,1235427.0,404732.0,1.0542
2021-05-18,66784.0,1185799.0,-1119015.0,1795965.0,1315323.0,480642.0,1.0268
2021-05-19,71168.0,1184796.0,-1113628.0,1813129.0,1352483.0,460646.0,0.9151
2021-05-20,73022.0,1184077.0,-1111055.0,1602483.0,1178022.0,424461.0,0.8276
2021-05-21,73520.0,1188719.0,-1115199.0,1696261.0,1277790.0,418471.0,0.956
2021-05-24,78168.0,1191056.0,-1112888.0,1686387.0,1294261.0,392126.0,0.9189
2021-05-25,87511.0,1186102.0,-1098591.0,1718701.0,1322777.0,395924.0,0.8632
2021-05-26,89182.0,1174907.0,-1085725.0,1803062.0,1360352.0,442710.0,0.9499
2021-05-27,73629.0,1121550.0,-1047921.0,1262060.0,937108.0,324952.0,0.9828
2021-05-28,78517.0,1137835.0,-1059318.0,1402139.0,1071632.0,330507.0,0.9204
2021-05-31,81627.0,1146817.0,-1065190.0,1456742.0,1118691.0,338051.0,1.0241
2021-06-01,84269.0,1162145.0,-1077876.0,1514669.0,1188593.0,326076.0,0.8855
2021-06-02,87619.0,1169123.0,-1081504.0,1505038.0,1192861.0,312177.0,0.8806
2021-06-03,76708.0,1172490.0,-1095782.0,1331732.0,1053043.0,278689.0,0.9432
2021-06-04,80462.0,1173590.0,-1093128.0,1463034.0,1175543.0,287491.0,0.8372
2021-06-07,88284.0,1182602.0,-1094318.0,1539022.0,1226793.0,312229.0,0.8481
2021-06-08,93973.0,1185526.0,-1091553.0,1579626.0,1265595.0,314031.0,0.7943
2021-06-09,90626.0,1182629.0,-1092003.0,1520964.0,1284265.0,236699.0,0.7152
2021-06-10,93190.0,1182450.0,-1089260.0,1387894.0,1107547.0,280347.0,0.8576
2021-06-11,100079.0,1187194.0,-1087115.0,1493064.0,1220597.0,272467.0,0.8197
2021-06-14,98805.0,1188520.0,-1089715.0,1554264.0,1256746.0,297518.0,0.8228
2021-06-15,99487.0,1188610.0,-1089123.0,1585350.0,1285304.0,300046.0,0.8724
2021-06-16,95530.0,1193831.0,-1098301.0,1654639.0,1350105.0,304534.0,0.7502
2021-06-17,93270.0,1199386.0,-1106116.0,1462145.0,1156183.0,305962.0,0.7625
2021-06-18,89609.0,1203693.0,-1114084.0,1510969.0,1210670.0,300299.0,0.7863
2021-06-21,80729.0,1206808.0,-1126079.0,1554378.0,1233094.0,321284.0,0.8847
2021-06-22,80965.0,1213541.0,-1132576.0,1677028.0,1281062.0,395966.0,0.7899
2021-06-23,78837.0,1229747.0,-1150910.0,1794025.0,1344729.0,449296.0,0.7584
2021-06-24,34537.0,1154931.0,-1120394.0,1182999.0,914602.0,268397.0,0.9624
2021-06-25,38822.0,1187620.0,-1148798.0,1317177.0,1031165.0,286012.0,0.9968
2021-06-28,43213.0,1210579.0,-1167366.0,1411756.0,1131606.0,280150.0,0.8537
2021-06-29,43049.0,1237551.0,-1194502.0,1516043.0,1225279.0,290764.0,0.7497
2021-06-30,46353.0,1254892.0,-1208539.0,1522512.0,1237446.0,285066.0,0.7401
2021-07-01,49247.0,1270258.0,-1221011.0,1375238.0,1102867.0,272371.0,0.833
2021-07-02,49408.0,1277831.0,-1228423.0,1369258.0,1143143.0,226115.0,0.8526
2021-07-05,49547.0,1292457.0,-1242910.0,1412107.0,1181216.0,230891.0,0.9582
2021-07-06,57128.0,1294532.0,-1237404.0,1488720.0,1223702.0,265018.0,0.9572
2021-07-07,58306.0,1302158.0,-1243852.0,1569688.0,1306534.0,263154.0,1.0296
2021-07-08,59735.0,1296326.0,-1236591.0,1449601.0,1200328.0,249273.0,0.8218
2021-07-09,55119.0,1312128.0,-1257009.0,1636371.0,1332356.0,304015.0,0.7808
2021-07-12,56392.0,1312921.0,-1256529.0,1657617.0,1369174.0,288443.0,0.7418
2021-07-13,66695.0,1315714.0,-1249019.0,1645313.0,1368926.0,276387.0,0.9221
2021-07-14,67583.0,1319306.0,-1251723.0,1672004.0,1393411.0,278593.0,0.9554
2021-07-15,67904.0,1320215.0,-1252311.0,1509118.0,1205739.0,303379.0,0.9183
2021-07-16,71116.0,1334275.0,-1263159.0,1624998.0,1322097.0,302901.0,0.8578
2021-07-19,65539.0,1337468.0,-1271929.0,1657846.0,1426015.0,231831.0,0.7091
2021-07-20,63529.0,1348368.0,-1284839.0,1756455.0,1485718.0,270737.0,0.6497
2021-07-22,69671.0,1358109.0,-1288438.0,1517606.0,1244103.0,273503.0,0.7844
2021-07-23,70298.0,1355542.0,-1285244.0,1638021.0,1334103.0,303918.0,0.8557
2021-07-26,79537.0,1358981.0,-1279444.0,1680930.0,1408282.0,272648.0,0.8608
2021-07-27,78427.0,1360893.0,-1282466.0,1767007.0,1468009.0,298998.0,0.7575
2021-07-28,81019.0,1376214.0,-1295195.0,1750955.0,1445850.0,305105.0,0.7526
2021-07-29,58449.0,1293701.0,-1235252.0,1383904.0,998686.0,385218.0,0.9305
2021-07-30,71386.0,1315423.0,-1244037.0,1503658.0,1143794.0,359864.0,0.8887
2021-08-02,87050.0,1331982.0,-1244932.0,1671947.0,1241476.0,430471.0,0.9425
2021-08-03,98103.0,1324609.0,-1226506.0,1878776.0,1347322.0,531454.0,1.2295
2021-08-04,95617.0,1322248.0,-1226631.0,1937808.0,1455357.0,482451.0,1.2057
2021-08-05,104313.0,1354158.0,-1249845.0,1660903.0,1196936.0,463967.0,1.0586
2021-08-06,119329.0,1370070.0,-1250741.0,1679790.0,1257234.0,422556.0,0.9684
2021-08-09,126888.0,1375824.0,-1248936.0,1633987.0,1269789.0,364198.0,0.9711
2021-08-10,132444.0,1377587.0,-1245143.0,1755275.0,1396178.0,359097.0,0.9261
2021-08-11,150423.0,1391591.0,-1241168.0,1780651.0,1409008.0,371643.0,0.8639
2021-08-12,150624.0,1393439.0,-1242815.0,1613585.0,1200916.0,412669.0,1.0092
2021-08-13,144741.0,1397897.0,-1253156.0,1937636.0,1404317.0,533319.0,1.1119
2021-08-16,158085.0,1405360.0,-1247275.0,1991082.0,1451246.0,539836.0,1.0836
2021-08-17,163880.0,1407326.0,-1243446.0,2122537.0,1515173.0,607364.0,1.0487
2021-08-18,155701.0,1428902.0,-1273201.0,1792454.0,1283112.0,509342.0,0.8849
2021-08-20,148158.0,1431488.0,-1283330.0,1991769.0,1380069.0,611700.0,0.8106
2021-08-23,148171.0,1443850.0,-1295679.0,2020383.0,1380771.0,639612.0,0.804
2021-08-24,145835.0,1459385.0,-1313550.0,2088269.0,1448500.0,639769.0,1.0378
2021-08-25,149532.0,1466849.0,-1317317.0,2149163.0,1470920.0,678243.0,0.9613
2021-08-26,51687.0,1353615.0,-1301928.0,1665604.0,970656.0,694948.0,0.994
2021-08-27,53687.0,1373621.0,-1319934.0,1798817.0,1077888.0,720929.0,1.0832
2021-08-30,55134.0,1389709.0,-1334575.0,1967025.0,1195135.0,771890.0,1.2664
2021-08-31,61913.0,1394635.0,-1332722.0,2136970.0,1321309.0,815661.0,1.2544
2021-09-01,65207.0,1426316.0,-1361109.0,2089936.0,1355885.0,734051.0,0.9955
2021-09-02,66178.0,1448411.0,-1382233.0,1815163.0,1081084.0,734079.0,1.0633
2021-09-03,86038.0,1475487.0,-1389449.0,1943231.0,1241224.0,702007.0,0.9677
2021-09-06,97548.0,1486747.0,-1389199.0,2088186.0,1344010.0,744176.0,0.8917
2021-09-07,101842.0,1491786.0,-1389944.0,2114023.0,1355516.0,758507.0,0.8634
2021-09-08,102225.0,1497181.0,-1394956.0,2006106.0,1366437.0,639669.0,0.9326
2021-09-09,101371.0,1496466.0,-1395095.0,1872221.0,1161877.0,710344.0,0.9694
2021-09-13,100844.0,1495029.0,-1394185.0,1979759.0,1297033.0,682726.0,0.9145
2021-09-14,101167.0,1491282.0,-1390115.0,2027203.0,1361887.0,665316.0,0.8811
2021-09-15,119132.0,1486825.0,-1367693.0,2124454.0,1445269.0,679185.0,1.0285
2021-09-16,129049.0,1480129.0,-1351080.0,1916262.0,1256252.0,660010.0,1.0139
2021-09-17,131145.0,1479883.0,-1348738.0,2116616.0,1417227.0,699389.0,0.8891
2021-09-20,137331.0,1463921.0,-1326590.0,2072723.0,1433589.0,639134.0,0.7509
2021-09-21,149687.0,1485450.0,-1335763.0,2167289.0,1504363.0,662926.0,0.8234
2021-09-22,152333.0,1502415.0,-1350082.0,2253102.0,1547822.0,705280.0,0.8063
2021-09-23,145751.0,1508076.0,-1362325.0,1994498.0,1326875.0,667623.0,0.9762
2021-09-24,166817.0,1499904.0,-1333087.0,2091328.0,1439294.0,652034.0,0.9118
2021-09-27,165139.0,1506365.0,-1341226.0,2130679.0,1498102.0,632577.0,0.9055
2021-09-28,157041.0,1503808.0,-1346767.0,2276841.0,1602029.0,674812.0,0.7947
2021-09-29,155140.0,1513205.0,-1358065.0,2346190.0,1693364.0,652826.0,0.8281
2021-09-30,89983.0,1408018.0,-1318035.0,1541211.0,1122915.0,418296.0,0.8204
2021-10-01,90966.0,1421162.0,-1330196.0,1679098.0,1254900.0,424198.0,0.8095
2021-10-04,93740.0,1434916.0,-1341176.0,1798493.0,1320303.0,478190.0,0.8897
2021-10-05,97075.0,1446554.0,-1349479.0,1819508.0,1348267.0,471241.0,0.9389
2021-10-06,99257.0,1444511.0,-1345254.0,1913088.0,1451090.0,461998.0,0.7339
2021-10-07,106903.0,1471414.0,-1364511.0,1647409.0,1199310.0,448099.0,0.9046
2021-10-08,111368.0,1483343.0,-1371975.0,1762209.0,1307715.0,454494.0,0.8964
2021-10-11,114105.0,1494960.0,-1380855.0,1860245.0,1424605.0,435640.0,1.0063
2021-10-12,116594.0,1501698.0,-1385104.0,1875509.0,1461250.0,414259.0,1.021
2021-10-13,134361.0,1502726.0,-1368365.0,1984083.0,1555773.0,428310.0,1.0595
2021-10-14,135750.0,1498320.0,-1362570.0,1839801.0,1410339.0,429462.0,0.983
2021-10-18,142680.0,1488384.0,-1345704.0,1946266.0,1554288.0,391978.0,0.9852
2021-10-19,138961.0,1477618.0,-1338657.0,2043991.0,1649397.0,394594.0,0.8823
2021-10-20,139141.0,1498662.0,-1359521.0,2033649.0,1682704.0,350945.0,0.7686
2021-10-21,132573.0,1509523.0,-1376950.0,1886951.0,1525814.0,361137.0,0.7503
2021-10-22,123783.0,1514275.0,-1390492.0,2024850.0,1694805.0,330045.0,0.7245
2021-10-25,122498.0,1518768.0,-1396270.0,2063161.0,1728527.0,334634.0,0.7746
2021-10-26,123115.0,1530010.0,-1406895.0,2053267.0,1720760.0,332507.0,0.8309
2021-10-27,123994.0,1530223.0,-1406229.0,2116419.0,1800758.0,315661.0,0.7361
2021-10-28,81682.0,1402244.0,-1320562.0,1417328.0,1239228.0,178100.0,0.7171
2021-10-29,86515.0,1682359.0,-1595844.0,1767757.0,1556455.0,211302.0,0.6511
2021-11-01,90021.0,1703658.0,-1613637.0,1868654.0,1632784.0,235870.0,0.7805
2021-11-02,92248.0,1713767.0,-1621519.0,1896876.0,1694861.0,202015.0,0.7091
2021-11-03,91436.0,1728956.0,-1637520.0,1660316.0,1461445.0,198871.0,0.7388
2021-11-04,91436.0,1728938.0,-1637502.0,1694367.0,1514011.0,180356.0,0.7815
2021-11-08,92857.0,1749032.0,-1656175.0,1899875.0,1667307.0,232568.0,0.811
2021-11-09,93107.0,1771202.0,-1678095.0,1898461.0,1681871.0,216590.0,0.731
2021-11-10,101455.0,1776778.0,-1675323.0,1961575.0,1769689.0,191886.0,0.704
2021-11-11,101290.0,1778050.0,-1676760.0,1797687.0,1622759.0,174928.0,0.6958
2021-11-12,103241.0,1784588.0,-1681347.0,1998698.0,1760073.0,238625.0,0.7907
2021-11-15,112407.0,1794023.0,-1681616.0,2050735.0,1801562.0,249173.0,0.7018
2021-11-16,116253.0,1792598.0,-1676345.0,2079320.0,1860602.0,218718.0,0.6496
2021-11-17,121930.0,1788613.0,-1666683.0,2114567.0,1913887.0,200680.0,0.6341
2021-11-18,119337.0,1790409.0,-1671072.0,1949914.0,1691335.0,258579.0,0.6535
2021-11-22,116767.0,1798387.0,-1681620.0,2194577.0,1853791.0,340786.0,0.5604
2021-11-23,110059.0,1800342.0,-1690283.0,2264300.0,1872989.0,391311.0,0.6916
2021-11-24,118381.0,1811071.0,-1692690.0,2261719.0,1859449.0,402270.0,0.7024
2021-11-25,106084.0,1702690.0,-1596606.0,1756688.0,1289668.0,467020.0,0.974
2021-11-26,104331.0,1716970.0,-1612639.0,1947287.0,1519892.0,427395.0,0.6463
2021-11-29,104907.0,1742068.0,-1637161.0,1973954.0,1549603.0,424351.0,0.7417
2021-11-30,103874.0,1790079.0,-1686205.0,2105976.0,1612475.0,493501.0,0.7421
2021-12-01,112855.0,1815790.0,-1702935.0,2304310.0,1761609.0,542701.0,0.9045
2021-12-02,119935.0,1821550.0,-1701615.0,2048164.0,1460141.0,588023.0,1.0191
2021-12-03,116169.0,1828736.0,-1712567.0,2121047.0,1542464.0,578583.0,0.767
2021-12-06,110903.0,1834312.0,-1723409.0,2246291.0,1660560.0,585731.0,0.6514
2021-12-07,116168.0,1850419.0,-1734251.0,2324938.0,1659596.0,665342.0,0.8902
2021-12-08,121974.0,1846468.0,-1724494.0,2322417.0,1724779.0,597638.0,1.0685
2021-12-09,119942.0,1847901.0,-1727959.0,2060741.0,1429592.0,631149.0,0.9546
2021-12-10,118652.0,1853181.0,-1734529.0,2105202.0,1505041.0,600161.0,0.9507
2021-12-13,121417.0,1853204.0,-1731787.0,2237151.0,1668270.0,568881.0,0.7304
2021-12-14,120569.0,1849241.0,-1728672.0,2252498.0,1767728.0,484770.0,0.7309
2021-12-15,118696.0,1847789.0,-1729093.0,2339388.0,1800743.0,538645.0,0.6953
2021-12-16,116296.0,1857055.0,-1740759.0,2092913.0,1568868.0,524045.0,0.7455
2021-12-17,113452.0,1845588.0,-1732136.0,2268219.0,1806699.0,461520.0,0.6391
2021-12-20,104363.0,1838623.0,-1734260.0,2357456.0,1914630.0,442826.0,0.5956
2021-12-21,107703.0,1840140.0,-1732437.0,2326408.0,1786611.0,539797.0,0.6989
2021-12-22,111350.0,1843471.0,-1732121.0,2302756.0,1766509.0,536247.0,0.8228
2021-12-23,115378.0,1844090.0,-1728712.0,2139396.0,1472265.0,667131.0,0.7981
2021-12-24,122772.0,1842503.0,-1719731.0,2114173.0,1497422.0,616751.0,0.7897
2021-12-27,143919.0,1850842.0,-1706923.0,2318729.0,1602847.0,715882.0,0.9802
2021-12-28,148284.0,1847863.0,-1699579.0,2381700.0,1646216.0,735484.0,0.9943
2021-12-29,152530.0,1852923.0,-1700393.0,2483254.0,1701263.0,781991.0,0.8876
2021-12-30,116623.0,1748867.0,-1632244.0,1579067.0,1083030.0,496037.0,1.0171
2021-12-31,125548.0,1777011.0,-1651463.0,1673397.0,1192113.0,481284.0,1.106
2022-01-03,133941.0,1797820.0,-1663879.0,1775038.0,1303300.0,471738.0,1.2758
2022-01-04,135041.0,1807782.0,-1672741.0,1772849.0,1329960.0,442889.0,1.2782
2022-01-05,140308.0,1824749.0,-1684441.0,1866999.0,1433345.0,433654.0,1.3059
2022-01-06,141153.0,1831878.0,-1690725.0,1709470.0,1260294.0,449176.0,0.987
2022-01-07,146110.0,1838168.0,-1692058.0,1741159.0,1334562.0,406597.0,0.9383
2022-01-10,143108.0,1839677.0,-1696569.0,1855454.0,1431961.0,423493.0,1.0949
2022-01-11,143344.0,1832047.0,-1688703.0,1826992.0,1452107.0,374885.0,1.0485
2022-01-12,144726.0,1836233.0,-1691507.0,1918796.0,1524208.0,394588.0,1.0569
2022-01-13,145608.0,1829079.0,-1683471.0,1851312.0,1418388.0,432924.0,0.9553
2022-01-14,142910.0,1838107.0,-1695197.0,2050149.0,1580479.0,469670.0,0.9191
2022-01-17,143133.0,1837964.0,-1694831.0,2052687.0,1591945.0,460742.0,0.8885
2022-01-18,143979.0,1820805.0,-1676826.0,2055559.0,1669950.0,385609.0,0.7685
2022-01-19,144170.0,1834896.0,-1690726.0,2257430.0,1756143.0,501287.0,0.6862
2022-01-20,138650.0,1849542.0,-1710892.0,2012344.0,1618276.0,394068.0,0.7177
2022-01-21,140503.0,1833295.0,-1692792.0,2126051.0,1751168.0,374883.0,0.6998
2022-01-24,140451.0,1827769.0,-1687318.0,2302535.0,1881227.0,421308.0,0.569
2022-01-25,134439.0,1828103.0,-1693664.0,2200935.0,1819356.0,381579.0,0.7849
2022-01-27,78963.0,1741719.0,-1662756.0,1613905.0,1363241.0,250664.0,0.8902
2022-01-28,96923.0,1773754.0,-1676831.0,1710857.0,1506264.0,204593.0,0.7551
2022-01-31,101872.0,1800599.0,-1698727.0,1787922.0,1587030.0,200892.0,0.745
2022-02-01,113077.0,1826698.0,-1713621.0,1914356.0,1652249.0,262107.0,0.788
2022-02-02,111345.0,1830539.0,-1719194.0,1947462.0,1659236.0,288226.0,0.9849
2022-02-03,111297.0,1820148.0,-1708851.0,1775661.0,1505519.0,270142.0,0.7865
2022-02-04,113021.0,1818617.0,-1705596.0,1939174.0,1651873.0,287301.0,0.7185
2022-02-07,111557.0,1806205.0,-1694648.0,2048258.0,1765250.0,283008.0,0.607
2022-02-08,112276.0,1817917.0,-1705641.0,2119937.0,1793887.0,326050.0,0.6484
2022-02-09,117255.0,1833369.0,-1716114.0,2146489.0,1756314.0,390175.0,0.8347
2022-02-10,118447.0,1839725.0,-1721278.0,1898818.0,1523593.0,375225.0,0.9
2022-02-11,118450.0,1818580.0,-1700130.0,2044465.0,1673633.0,370832.0,0.8106
2022-02-14,113518.0,1813119.0,-1699601.0,2138792.0,1764556.0,374236.0,0.6323
2022-02-15,108006.0,1837632.0,-1729626.0,2312800.0,1787667.0,525133.0,0.8353
2022-02-16,114989.0,1848613.0,-1733624.0,2341566.0,1811186.0,530380.0,0.7765
2022-02-17,117147.0,1849144.0,-1731997.0,2080473.0,1567370.0,513103.0,0.7727
2022-02-18,110929.0,1850291.0,-1739362.0,2184343.0,1713920.0,470423.0,0.8117
2022-02-21,111528.0,1848044.0,-1736516.0,2241465.0,1742821.0,498644.0,0.8493
2022-02-22,110242.0,1853371.0,-1743129.0,2350306.0,1794993.0,555313.0,0.8173
2022-02-23,110533.0,1868236.0,-1757703.0,2457083.0,1850531.0,606552.0,0.7625
2022-02-24,92993.0,1704914.0,-1611921.0,1915784.0,1337973.0,577811.0,0.8141
2022-02-25,95221.0,1745191.0,-1649970.0,2100605.0,1470058.0,630547.0,0.8882
2022-02-28,95919.0,1782245.0,-1686326.0,2263734.0,1544098.0,719636.0,0.9199
2022-03-02,97884.0,1777012.0,-1679128.0,2367180.0,1700830.0,666350.0,0.7258
2022-03-03,100036.0,1793806.0,-1693770.0,2182377.0,1473332.0,709045.0,0.811
2022-03-04,96547.0,1807990.0,-1711443.0,2284721.0,1593460.0,691261.0,0.7139
2022-03-07,101992.0,1805684.0,-1703692.0,2455056.0,1766305.0,688751.0,0.5711
2022-03-08,119313.0,1813240.0,-1693927.0,2615385.0,1883585.0,731800.0,0.6443
2022-03-09,122082.0,1806230.0,-1684148.0,2588456.0,1835516.0,752940.0,0.7928
2022-03-10,139256.0,1806440.0,-1667184.0,2284204.0,1597266.0,686938.0,0.7892
2022-03-11,140937.0,1813773.0,-1672836.0,2346589.0,1641852.0,704737.0,0.7926
2022-03-14,142415.0,1803771.0,-1661356.0,2416077.0,1695502.0,720575.0,0.9207
2022-03-15,142014.0,1788676.0,-1646662.0,2470888.0,1786757.0,684131.0,0.7733
2022-03-16,143672.0,1804012.0,-1660340.0,2581522.0,1810061.0,771461.0,0.899
2022-03-17,141906.0,1803546.0,-1661640.0,2438775.0,1608777.0,829998.0,0.9617
2022-03-21,144888.0,1818522.0,-1673634.0,2636895.0,1780147.0,856748.0,0.74
2022-03-22,141443.0,1839315.0,-1697872.0,2629439.0,1769912.0,859527.0,0.8469
2022-03-23,141093.0,1831147.0,-1690054.0,2637258.0,1810570.0,826688.0,0.7004
2022-03-24,126716.0,1825690.0,-1698974.0,2499236.0,1691874.0,807362.0,0.7864
2022-03-25,127449.0,1813821.0,-1686372.0,2560907.0,1768913.0,791994.0,0.7529
2022-03-28,128410.0,1814355.0,-1685945.0,2610253.0,1786513.0,823740.0,0.7854
2022-03-29,128494.0,1813660.0,-1685166.0,2667780.0,1804710.0,863070.0,0.8616
2022-03-30,126218.0,1806657.0,-1680439.0,2733070.0,1811247.0,921823.0,0.9888
2022-03-31,95205.0,1680010.0,-1584805.0,1644070.0,1107782.0,536288.0,0.8878
2022-04-01,95396.0,1706073.0,-1610677.0,1724540.0,1227377.0,497163.0,1.0967
2022-04-04,83116.0,1707047.0,-1623931.0,1943246.0,1397011.0,546235.0,1.1964
2022-04-05,89485.0,1704419.0,-1614934.0,2036968.0,1479106.0,557862.0,0.9005
2022-04-06,88204.0,1714726.0,-1626522.0,2034082.0,1527824.0,506258.0,0.7702
2022-04-07,89696.0,1722270.0,-1632574.0,1849300.0,1383329.0,465971.0,0.7418
2022-04-08,90294.0,1745936.0,-1655642.0,1950388.0,1470468.0,479920.0,0.8101
2022-04-11,91365.0,1748015.0,-1656650.0,1918890.0,1514399.0,404491.0,0.7398
2022-04-12,89217.0,1749106.0,-1659889.0,1912585.0,1532262.0,380323.0,0.7316
2022-04-13,89734.0,1760919.0,-1671185.0,1893008.0,1498859.0,394149.0,0.7238
2022-04-18,89649.0,1773487.0,-1683838.0,2015742.0,1615215.0,400527.0,0.6203
2022-04-19,92633.0,1784315.0,-1691682.0,2116599.0,1682981.0,433618.0,0.5678
2022-04-20,91804.0,1785530.0,-1693726.0,2179061.0,1715178.0,463883.0,0.657
2022-04-21,91035.0,1785606.0,-1694571.0,2090809.0,1571316.0,519493.0,0.7861
2022-04-22,91306.0,1776517.0,-1685211.0,2203651.0,1692688.0,510963.0,0.6725
2022-04-25,92684.0,1770665.0,-1677981.0,2268094.0,1806213.0,461881.0,0.7055
2022-04-26,93926.0,1791326.0,-1697400.0,2403431.0,1810891.0,592540.0,0.7892
2022-04-27,89424.0,1807015.0,-1717591.0,2543938.0,1886122.0,657816.0,0.7432
2022-04-28,78034.0,1684617.0,-1606583.0,1671592.0,1303102.0,368490.0,1.03
2022-04-29,87706.0,1777463.0,-1689757.0,2039756.0,1568368.0,471388.0,0.7828
2022-05-02,91052.0,1803815.0,-1712763.0,1964513.0,1571746.0,392767.0,0.8236
2022-05-04,96538.0,1809783.0,-1713245.0,2081363.0,1728975.0,352388.0,0.578
2022-05-05,93935.0,1830053.0,-1736118.0,1838986.0,1504308.0,334678.0,0.7088
2022-05-06,97004.0,1838203.0,-1741199.0,2073245.0,1717028.0,356217.0,0.6416
2022-05-09,98060.0,1844170.0,-1746110.0,2192805.0,1803949.0,388856.0,0.6647
2022-05-10,96698.0,1851261.0,-1754563.0,2282732.0,1870402.0,412330.0,0.6675
2022-05-11,98503.0,1861724.0,-1763221.0,2420350.0,1965574.0,454776.0,0.6683
2022-05-12,99124.0,1836735.0,-1737611.0,2331702.0,1971280.0,360422.0,0.6027
2022-05-13,96809.0,1828765.0,-1731956.0,2344846.0,1956966.0,387880.0,0.5885
2022-05-16,97218.0,1829937.0,-1732719.0,2355409.0,1939942.0,415467.0,0.6444
2022-05-17,101442.0,1837750.0,-1736308.0,2453410.0,1976463.0,476947.0,0.9204
2022-05-18,103547.0,1829889.0,-1726342.0,2551025.0,2053006.0,498019.0,0.7578
2022-05-19,106126.0,1815937.0,-1709811.0,2392314.0,1897877.0,494437.0,0.6424
2022-05-20,105559.0,1846983.0,-1741424.0,2584368.0,1939832.0,644536.0,0.8612
2022-05-23,106593.0,1849854.0,-1743261.0,2620221.0,1943582.0,676639.0,0.8219
2022-05-24,113722.0,1852442.0,-1738720.0,2731189.0,2044127.0,687062.0,0.7893
2022-05-25,119439.0,1853421.0,-1733982.0,2751904.0,2071982.0,679922.0,0.6941
2022-05-26,99818.0,1738015.0,-1638197.0,1909872.0,1421079.0,488793.0,0.9884
2022-05-27,101090.0,1750624.0,-1649534.0,2158385.0,1581888.0,576497.0,1.0381
2022-05-30,102048.0,1773122.0,-1671074.0,2233572.0,1609056.0,624516.0,1.0504
2022-05-31,100740.0,1805762.0,-1705022.0,2285308.0,1602900.0,682408.0,0.9025
2022-06-01,101130.0,1817260.0,-1716130.0,2346226.0,1712963.0,633263.0,0.8212
2022-06-02,101106.0,1827912.0,-1726806.0,2099339.0,1511237.0,588102.0,0.9213
2022-06-03,103086.0,1863808.0,-1760722.0,2242891.0,1564813.0,678078.0,0.7659
2022-06-06,100110.0,1908987.0,-1808877.0,2220823.0,1543136.0,677687.0,0.7842
2022-06-07,98569.0,1917245.0,-1818676.0,2258511.0,1642948.0,615563.0,0.6894
2022-06-08,95221.0,1932654.0,-1837433.0,2200643.0,1649992.0,550651.0,0.6644
2022-06-09,95392.0,1943837.0,-1848445.0,2058327.0,1455063.0,603264.0,0.9229
2022-06-10,95797.0,1936798.0,-1841001.0,2236770.0,1639180.0,597590.0,0.7357
2022-06-13,100669.0,1917928.0,-1817259.0,2334059.0,1793617.0,540442.0,0.6272
2022-06-14,101159.0,1914196.0,-1813037.0,2388272.0,1833462.0,554810.0,0.6418
2022-06-15,104319.0,1908507.0,-1804188.0,2442141.0,1865985.0,576156.0,0.6816
2022-06-16,105760.0,1876697.0,-1770937.0,2397186.0,1846967.0,550219.0,0.6355
2022-06-17,108890.0,1902079.0,-1793189.0,2557884.0,1959035.0,598849.0,0.6748
2022-06-20,106325.0,1893332.0,-1787007.0,2579799.0,2024719.0,555080.0,0.7061
2022-06-21,104947.0,1911542.0,-1806595.0,2597260.0,1949137.0,648123.0,0.8986
2022-06-22,106572.0,1901514.0,-1794942.0,2767999.0,2053889.0,714110.0,0.7454
2022-06-23,103427.0,1912405.0,-1808978.0,2503148.0,1763746.0,739402.0,0.7917
2022-06-24,106176.0,1931109.0,-1824933.0,2522847.0,1761743.0,761104.0,0.8614
2022-06-27,112855.0,1928077.0,-1815222.0,2587280.0,1799790.0,787490.0,0.8531
2022-06-28,119620.0,1910737.0,-1791117.0,2667618.0,1843443.0,824175.0,0.8334
2022-06-29,122357.0,1907991.0,-1785634.0,2689255.0,1875320.0,813935.0,0.8509
2022-06-30,117326.0,1765444.0,-1648118.0,1917987.0,1311504.0,606483.0,0.9878
2022-07-01,125400.0,1796646.0,-1671246.0,2086960.0,1484373.0,602587.0,1.0134
2022-07-04,126295.0,1807536.0,-1681241.0,2167329.0,1568988.0,598341.0,1.0233
2022-07-05,134413.0,1794094.0,-1659681.0,2260085.0,1657903.0,602182.0,0.8716
2022-07-06,134337.0,1802670.0,-1668333.0,2357156.0,1724584.0,632572.0,1.1817
2022-07-07,138087.0,1819582.0,-1681495.0,2107164.0,1465778.0,641386.0,1.0314
2022-07-08,136990.0,1825146.0,-1688156.0,2133957.0,1482956.0,651001.0,1.0073
2022-07-11,137151.0,1835852.0,-1698701.0,2257898.0,1596704.0,661194.0,1.0868
2022-07-12,135276.0,1827042.0,-1691766.0,2279593.0,1686326.0,593267.0,0.8109
2022-07-13,138011.0,1832657.0,-1694646.0,2244097.0,1689458.0,554639.0,0.7287
2022-07-14,145971.0,1818523.0,-1672552.0,2043490.0,1458239.0,585251.0,0.8462
2022-07-15,145885.0,1822660.0,-1676775.0,2218922.0,1595816.0,623106.0,0.9152
2022-07-18,146255.0,1831826.0,-1685571.0,2308942.0,1638112.0,670830.0,1.0834
2022-07-19,151051.0,1822556.0,-1671505.0,2398932.0,1728505.0,670427.0,1.1563
2022-07-20,161147.0,1802336.0,-1641189.0,2371833.0,1716498.0,655335.0,1.1179
2022-07-21,160008.0,1790316.0,-1630308.0,2102044.0,1426965.0,675079.0,1.0505
2022-07-22,157528.0,1788431.0,-1630903.0,2286681.0,1572013.0,714668.0,1.1037
2022-07-25,183068.0,1793131.0,-1610063.0,2322282.0,1613760.0,708522.0,0.9887
2022-07-26,182844.0,1787053.0,-1604209.0,2339503.0,1639263.0,700240.0,0.8635
2022-07-27,178353.0,1789680.0,-1611327.0,2490596.0,1721204.0,769392.0,1.0872
2022-07-28,131194.0,1608135.0,-1476941.0,1810213.0,1230231.0,579982.0,1.1385
2022-07-29,152235.0,1619518.0,-1467283.0,2042304.0,1430693.0,611611.0,1.0715
2022-08-01,160026.0,1627308.0,-1467282.0,2128399.0,1495961.0,632438.0,1.2272
2022-08-02,153179.0,1636473.0,-1483294.0,2160586.0,1491604.0,668982.0,1.1621
2022-08-03,148266.0,1656440.0,-1508174.0,2147576.0,1545855.0,601721.0,1.0459
2022-08-04,174156.0,1654865.0,-1480709.0,1900331.0,1335723.0,564608.0,0.9012
2022-08-05,185291.0,1657887.0,-1472596.0,2013182.0,1447458.0,565724.0,0.8835
2022-08-08,185104.0,1667010.0,-1481906.0,2164090.0,1532194.0,631896.0,1.0822
2022-08-10,185151.0,1651082.0,-1465931.0,2165702.0,1543976.0,621726.0,1.0211
2022-08-11,199049.0,1645983.0,-1446934.0,1968117.0,1364293.0,603824.0,1.0115
2022-08-12,210345.0,1640898.0,-1430553.0,2126563.0,1476646.0,649917.0,1.0193
2022-08-16,210981.0,1636785.0,-1425804.0,2209815.0,1543229.0,666586.0,1.0168
2022-08-17,207640.0,1624235.0,-1416595.0,2334788.0,1620355.0,714433.0,1.1112
2022-08-18,205854.0,1621087.0,-1415233.0,2090258.0,1450013.0,640245.0,1.0168
2022-08-19,204847.0,1605864.0,-1401017.0,2241940.0,1653206.0,588734.0,0.7342
2022-08-22,204824.0,1590077.0,-1385253.0,2331884.0,1709894.0,621990.0,0.6779
2022-08-23,178320.0,1591885.0,-1413565.0,2430414.0,1735633.0,694781.0,0.8423
2022-08-24,177677.0,1600546.0,-1422869.0,2445419.0,1763308.0,682111.0,0.9075
2022-08-25,154364.0,1447595.0,-1293231.0,1806784.0,1327313.0,479471.0,0.8715
2022-08-26,154762.0,1462778.0,-1308016.0,2020688.0,1482899.0,537789.0,0.8186
2022-08-29,159272.0,1475479.0,-1316207.0,2061974.0,1591678.0,470296.0,0.8295
2022-08-30,160659.0,1504041.0,-1343382.0,2197237.0,1590668.0,606569.0,1.2298
2022-09-01,161776.0,1501642.0,-1339866.0,1805775.0,1370891.0,434884.0,0.9053
2022-09-02,165379.0,1492741.0,-1327362.0,1942437.0,1539181.0,403256.0,0.8813
2022-09-05,164698.0,1526083.0,-1361385.0,2020420.0,1567404.0,453016.0,1.0201
2022-09-06,162034.0,1543237.0,-1381203.0,2101476.0,1634937.0,466539.0,0.8897
2022-09-07,158463.0,1549204.0,-1390741.0,2171511.0,1729886.0,441625.0,0.8527
2022-09-08,162316.0,1554352.0,-1392036.0,1800432.0,1509456.0,290976.0,0.9847
2022-09-09,164654.0,1556068.0,-1391414.0,2039933.0,1662478.0,377455.0,0.898
2022-09-12,165467.0,1555943.0,-1390476.0,2088636.0,1685034.0,403602.0,0.9525
2022-09-13,172538.0,1559867.0,-1387329.0,2076639.0,1671931.0,404708.0,1.0769
2022-09-14,174629.0,1557041.0,-1382412.0,2107938.0,1755428.0,352510.0,1.0807
2022-09-15,181779.0,1542508.0,-1360729.0,1870996.0,1647049.0,223947.0,0.8237
2022-09-16,190025.0,1526110.0,-1336085.0,2132127.0,1878884.0,253243.0,0.6811
2022-09-19,194013.0,1524912.0,-1330899.0,2064113.0,1838580.0,225533.0,0.7772
2022-09-20,199250.0,1539340.0,-1340090.0,2078028.0,1788241.0,289787.0,0.9199
2022-09-21,195467.0,1537444.0,-1341977.0,2155992.0,1867616.0,288376.0,0.8003
2022-09-22,187148.0,1563036.0,-1375888.0,1949224.0,1711296.0,237928.0,0.7544
2022-09-23,188237.0,1543512.0,-1355275.0,2172398.0,1932396.0,240002.0,0.6122
2022-09-26,150700.0,1545176.0,-1394476.0,2370752.0,2004993.0,365759.0,0.5912
2022-09-27,146168.0,1550696.0,-1404528.0,2461570.0,2022835.0,438735.0,0.5881
2022-09-28,142525.0,1531082.0,-1388557.0,2600743.0,2060105.0,540638.0,0.6098
2022-09-29,116060.0,1414053.0,-1297993.0,1716930.0,1516260.0,200670.0,0.8182
2022-09-30,121105.0,1450908.0,-1329803.0,1892595.0,1656255.0,236340.0,1.0357
2022-10-03,127536.0,1441206.0,-1313670.0,2037471.0,1815485.0,221986.0,0.7615
2022-10-04,129231.0,1474850.0,-1345619.0,2119936.0,1756238.0,363698.0,1.0351
2022-10-06,125520.0,1484862.0,-1359342.0,1782903.0,1522035.0,260868.0,0.8776
2022-10-07,126270.0,1502531.0,-1376261.0,1878532.0,1631965.0,246567.0,0.8423
2022-10-10,126602.0,1511539.0,-1384937.0,2147892.0,1848462.0,299430.0,0.9121
2022-10-11,129612.0,1502548.0,-1372936.0,2216407.0,1971603.0,244804.0,0.6751
2022-10-12,126449.0,1515794.0,-1389345.0,2282572.0,1971748.0,310824.0,0.8681
2022-10-13,127226.0,1508990.0,-1381764.0,2094085.0,1807278.0,286807.0,0.7994
2022-10-14,127579.0,1530354.0,-1402775.0,2174338.0,1806308.0,368030.0,0.7725
2022-10-17,128654.0,1540475.0,-1411821.0,2344632.0,1918977.0,425655.0,1.0272
2022-10-18,131290.0,1551148.0,-1419858.0,2336144.0,1880642.0,455502.0,1.02
2022-10-19,133944.0,1553427.0,-1419483.0,2514992.0,2000892.0,514100.0,0.9623
2022-10-20,134478.0,1553532.0,-1419054.0,2226534.0,1702501.0,524033.0,0.9104
2022-10-21,131256.0,1554392.0,-1423136.0,2530682.0,1880391.0,650291.0,0.9147
2022-10-24,131256.0,1554392.0,-1423136.0,2451180.0,1828495.0,622685.0,1.0369
2022-10-25,130148.0,1569157.0,-1439009.0,2394801.0,1770958.0,623843.0,0.8962
2022-10-27,103204.0,1429862.0,-1326658.0,1741480.0,1277553.0,463927.0,0.981
2022-10-28,107161.0,1549484.0,-1442323.0,2028669.0,1518408.0,510261.0,0.8785
2022-10-31,109723.0,1562997.0,-1453274.0,2094453.0,1548016.0,546437.0,1.0445
2022-11-01,113737.0,1571487.0,-1457750.0,2420209.0,1712834.0,707375.0,0.9864
2022-11-02,111636.0,1581729.0,-1470093.0,2385218.0,1675731.0,709487.0,0.8973
2022-11-03,115653.0,1599699.0,-1484046.0,2051556.0,1478501.0,573055.0,1.0041
2022-11-04,119241.0,1607858.0,-1488617.0,2428619.0,1766850.0,661769.0,0.9285
2022-11-07,120470.0,1611686.0,-1491216.0,2405699.0,1757108.0,648591.0,0.9508
2022-11-09,123382.0,1623204.0,-1499822.0,2561016.0,1868578.0,692438.0,0.8498
2022-11-10,118872.0,1633790.0,-1514918.0,2215758.0,1641647.0,574111.0,0.8562
2022-11-11,127256.0,1640457.0,-1513201.0,2471538.0,1820205.0,651333.0,0.9981
2022-11-14,125409.0,1651275.0,-1525866.0,2478857.0,1858790.0,620067.0,0.8873
2022-11-15,125322.0,1654932.0,-1529610.0,2487993.0,1885681.0,602312.0,1.0674
2022-11-16,131405.0,1650475.0,-1519070.0,2577320.0,1920633.0,656687.0,1.0436
2022-11-17,137517.0,1667127.0,-1529610.0,2243134.0,1642012.0,601122.0,0.852
2022-11-18,137375.0,1672672.0,-1535297.0,2542758.0,1877883.0,664875.0,0.7846
2022-11-21,134877.0,1673226.0,-1538349.0,2586141.0,1933289.0,652852.0,0.7641
2022-11-22,133841.0,1675270.0,-1541429.0,2573571.0,1926975.0,646596.0,0.8945
2022-11-23,130612.0,1672675.0,-1542063.0,2740961.0,1936328.0,804633.0,0.9215
2022-11-24,93798.0,1540503.0,-1446705.0,1961170.0,1444577.0,516593.0,1.2266
2022-11-25,97199.0,1549441.0,-1452242.0,2263374.0,1699735.0,563639.0,0.9753
2022-11-28,97242.0,1550953.0,-1453711.0,2393387.0,1814928.0,578459.0,1.0098
2022-11-29,102875.0,1552223.0,-1449348.0,2345731.0,1808676.0,537055.0,0.9867
2022-11-30,111083.0,1550300.0,-1439217.0,2443532.0,1839529.0,604003.0,1.1874
2022-12-01,116618.0,1571740.0,-1455122.0,2121632.0,1527671.0,593961.0,0.9824
2022-12-02,119190.0,1579970.0,-1460780.0,2244942.0,1735328.0,509614.0,0.8154
2022-12-05,119396.0,1606377.0,-1486981.0,2323880.0,1793275.0,530605.0,0.8863
2022-12-06,119337.0,1618433.0,-1499096.0,2357165.0,1844680.0,512485.0,0.8171
2022-12-07,121580.0,1618079.0,-1496499.0,2397762.0,1929563.0,468199.0,0.725
2022-12-08,124761.0,1631055.0,-1506294.0,2075579.0,1608597.0,466982.0,0.9224
2022-12-09,125283.0,1624654.0,-1499371.0,2393089.0,1937951.0,455138.0,0.7558
2022-12-12,125300.0,1629415.0,-1504115.0,2531967.0,2018546.0,513421.0,0.8807
2022-12-13,125179.0,1626445.0,-1501266.0,2499137.0,2027366.0,471771.0,1.0027
2022-12-14,125076.0,1636821.0,-1511745.0,2415602.0,1984918.0,430684.0,0.9542
2022-12-15,126738.0,1627183.0,-1500445.0,2037170.0,1695341.0,341829.0,0.7251
2022-12-16,130985.0,1633957.0,-1502972.0,2300247.0,1929440.0,370807.0,0.7056
2022-12-19,123661.0,1646362.0,-1522701.0,2454218.0,2003770.0,450448.0,0.8666
2022-12-20,118463.0,1649600.0,-1531137.0,2429415.0,2024073.0,405342.0,0.8422
2022-12-21,118069.0,1658094.0,-1540025.0,2616837.0,2175427.0,441410.0,0.5843
2022-12-22,120034.0,1671148.0,-1551114.0,2180180.0,1732532.0,447648.0,0.6974
2022-12-23,122587.0,1679439.0,-1556852.0,2468550.0,1950835.0,517715.0,0.6303
2022-12-26,120035.0,1706717.0,-1586682.0,2427043.0,1965555.0,461488.0,0.9147
2022-12-27,123242.0,1714774.0,-1591532.0,2419587.0,1976108.0,443479.0,1.0091
2022-12-28,128462.0,1706194.0,-1577732.0,2421616.0,1976837.0,444779.0,0.9862
2022-12-29,107755.0,1550857.0,-1443102.0,1588196.0,1330348.0,257848.0,1.2291
2022-12-30,109706.0,1576606.0,-1466900.0,1956560.0,1669091.0,287469.0,0.8106
2023-01-02,118437.0,1609061.0,-1490624.0,2074067.0,1797275.0,276792.0,0.9142
2023-01-03,122029.0,1631051.0,-1509022.0,2206091.0,1847711.0,358380.0,0.9934
2023-01-04,119931.0,1637251.0,-1517320.0,2326946.0,2031669.0,295277.0,0.6588
2023-01-05,119556.0,1663148.0,-1543592.0,1939129.0,1600279.0,338850.0,0.7751
2023-01-06,119351.0,1679026.0,-1559675.0,2386194.0,1928310.0,457884.0,0.6498
2023-01-09,117733.0,1706548.0,-1588815.0,2440532.0,1920789.0,519743.0,0.7934
2023-01-10,114244.0,1711731.0,-1597487.0,2577799.0,2071787.0,506012.0,0.6349
2023-01-11,113333.0,1723706.0,-1610373.0,2591718.0,2098456.0,493262.0,0.7381
2023-01-12,114815.0,1731926.0,-1617111.0,2104248.0,1695924.0,408324.0,0.7621
2023-01-13,115403.0,1746677.0,-1631274.0,2433784.0,1989745.0,444039.0,0.8993
2023-01-16,116526.0,1742396.0,-1625870.0,2540408.0,2152944.0,387464.0,0.6978
2023-01-17,116829.0,1747538.0,-1630709.0,2535811.0,2092094.0,443717.0,0.8866
2023-01-18,119228.0,1748479.0,-1629251.0,2641764.0,2233126.0,408638.0,1.0634
2023-01-19,121899.0,1741392.0,-1619493.0,2045510.0,1662815.0,382695.0,0.8785
2023-01-20,120498.0,1745500.0,-1625002.0,2550994.0,2006607.0,544387.0,0.7872
2023-01-23,121653.0,1755114.0,-1633461.0,2763016.0,2106117.0,656899.0,0.8493
2023-01-24,124379.0,1757058.0,-1632679.0,2835362.0,2057566.0,777796.0,0.7451
2023-01-25,99237.0,1610607.0,-1511370.0,2101020.0,1556190.0,544830.0,0.7486
2023-01-27,112646.0,1636069.0,-1523423.0,2557444.0,1995680.0,561764.0,0.6192
2023-01-30,120388.0,1662302.0,-1541914.0,2642531.0,2004607.0,637924.0,0.6762
2023-01-31,127829.0,1670752.0,-1542923.0,2655464.0,2029957.0,625507.0,0.7245
2023-02-01,129029.0,1642389.0,-1513360.0,2605943.0,2115848.0,490095.0,0.6219
2023-02-02,131786.0,1654997.0,-1523211.0,2353442.0,1835429.0,518013.0,0.7688
2023-02-03,131843.0,1644503.0,-1512660.0,2391283.0,2001616.0,389667.0,0.9971
2023-02-06,129563.0,1641740.0,-1512177.0,2563499.0,2187668.0,375831.0,0.8436
2023-02-07,130542.0,1649505.0,-1518963.0,2658739.0,2179313.0,479426.0,0.7982
2023-02-08,132456.0,1660484.0,-1528028.0,2744878.0,2317118.0,427760.0,0.9574
2023-02-09,132348.0,1661084.0,-1528736.0,2279675.0,1823495.0,456180.0,0.871
2023-02-10,135975.0,1655128.0,-1519153.0,2493565.0,2083697.0,409868.0,0.8662
2023-02-13,135112.0,1657358.0,-1522246.0,2778761.0,2287013.0,491748.0,0.7088
2023-02-14,133683.0,1661702.0,-1528019.0,2621485.0,2164387.0,457098.0,0.9438
2023-02-15,135196.0,1661653.0,-1526457.0,2713523.0,2209560.0,503963.0,1.0509
2023-02-16,133425.0,1659878.0,-1526453.0,2544068.0,1882429.0,661639.0,0.8027
2023-02-17,132624.0,1650750.0,-1518126.0,2846660.0,2220107.0,626553.0,0.6923
2023-02-20,129831.0,1654722.0,-1524891.0,3045654.0,2360840.0,684814.0,0.6171
2023-02-21,131782.0,1652590.0,-1520808.0,2861067.0,2194939.0,666128.0,0.6954
2023-02-22,137146.0,1644462.0,-1507316.0,3153999.0,2445415.0,708584.0,0.5961
2023-02-23,110654.0,1554681.0,-1444027.0,2356043.0,1810403.0,545640.0,0.8097
2023-02-24,111728.0,1557662.0,-1445934.0,2537955.0,2027380.0,510575.0,0.7017
2023-02-27,116452.0,1566234.0,-1449782.0,2772662.0,2173959.0,598703.0,0.8214
2023-02-28,125110.0,1604644.0,-1479534.0,2856981.0,2231316.0,625665.0,0.7196
2023-03-01,122423.0,1603358.0,-1480935.0,2939369.0,2276525.0,662844.0,0.9408
2023-03-02,125584.0,1613045.0,-1487461.0,2451400.0,1896202.0,555198.0,0.7662
2023-03-03,129607.0,1609641.0,-1480034.0,2733707.0,2155380.0,578327.0,1.0923
2023-03-06,122455.0,1603778.0,-1481323.0,2634173.0,2035740.0,598433.0,0.9745
2023-03-08,124051.0,1603549.0,-1479498.0,2956257.0,2306293.0,649964.0,1.1404
2023-03-09,126848.0,1598915.0,-1472067.0,2363653.0,1862961.0,500692.0,0.8186
2023-03-10,137177.0,1605283.0,-1468106.0,2686850.0,2210080.0,476770.0,0.7242
2023-03-13,146182.0,1610203.0,-1464021.0,2958743.0,2428471.0,530272.0,0.5871
2023-03-14,167351.0,1629191.0,-1461840.0,3164709.0,2541218.0,623491.0,0.6272
2023-03-15,174963.0,1631976.0,-1457013.0,3084348.0,2581546.0,502802.0,0.5931
2023-03-16,173482.0,1636003.0,-1462521.0,2863420.0,2254285.0,609135.0,0.7296
2023-03-17,174750.0,1652036.0,-1477286.0,2969185.0,2409118.0,560067.0,0.7896
2023-03-20,179833.0,1646173.0,-1466340.0,3001464.0,2577326.0,424138.0,0.7342
2023-03-21,180546.0,1650539.0,-1469993.0,3101068.0,2634499.0,466569.0,0.8429
2023-03-22,178206.0,1638811.0,-1460605.0,2984510.0,2650233.0,334277.0,0.837
2023-03-23,180563.0,1627575.0,-1447012.0,2742808.0,2282296.0,460512.0,0.722
2023-03-24,187443.0,1618057.0,-1430614.0,2936444.0,2446809.0,489635.0,0.7029
2023-03-27,189721.0,1609730.0,-1420009.0,3322395.0,2608265.0,714130.0,0.753
2023-03-28,195305.0,1581683.0,-1386378.0,3226820.0,2581461.0,645359.0,0.7894
2023-03-29,162616.0,1459273.0,-1296657.0,2177513.0,1727178.0,450335.0,0.9834
2023-03-31,160921.0,1457239.0,-1296318.0,2476549.0,2162559.0,313990.0,1.203
2023-04-03,153357.0,1460586.0,-1307229.0,2573749.0,2197862.0,375887.0,1.1343
2023-04-05,148179.0,1465804.0,-1317625.0,2978219.0,2456818.0,521401.0,1.2275
2023-04-06,146673.0,1463127.0,-1316454.0,2218514.0,1747583.0,470931.0,0.9512
2023-04-10,146774.0,1473419.0,-1326645.0,2693957.0,2169687.0,524270.0,0.8542
2023-04-11,146638.0,1485366.0,-1338728.0,2768958.0,2254992.0,513966.0,1.1123
2023-04-12,143860.0,1493824.0,-1349964.0,2974650.0,2429805.0,544845.0,1.1802
2023-04-13,142872.0,1513849.0,-1370977.0,2687054.0,1985368.0,701686.0,1.1227
2023-04-17,143547.0,1532715.0,-1389168.0,3176373.0,2467637.0,708736.0,0.9208
2023-04-18,141516.0,1539279.0,-1397763.0,3082433.0,2418602.0,663831.0,0.832
2023-04-19,142146.0,1545140.0,-1402994.0,3193517.0,2561297.0,632220.0,0.8202
2023-04-20,141539.0,1544356.0,-1402817.0,2835282.0,2047305.0,787977.0,0.8959
2023-04-21,142472.0,1550977.0,-1408505.0,3183249.0,2339883.0,843366.0,0.8133
2023-04-24,142662.0,1562611.0,-1419949.0,3387985.0,2707604.0,680381.0,1.095
2023-04-25,139418.0,1573398.0,-1433980.0,3265850.0,2566661.0,699189.0,1.012
2023-04-26,139605.0,1565806.0,-1426201.0,3420865.0,2687692.0,733173.0,1.1375
2023-04-27,117808.0,1402730.0,-1284922.0,2281128.0,1702219.0,578909.0,1.1036
2023-04-28,118119.0,1423896.0,-1305777.0,2783573.0,2195095.0,588478.0,1.2067
2023-05-02,117873.0,1440244.0,-1322371.0,2829289.0,2201269.0,628020.0,1.0212
2023-05-03,119416.0,1448399.0,-1328983.0,2973437.0,2289239.0,684198.0,0.9878
2023-05-04,120715.0,1463207.0,-1342492.0,2392310.0,1808791.0,583519.0,1.1662
2023-05-05,123007.0,1477636.0,-1354629.0,3198034.0,2464519.0,733515.0,0.6848
2023-05-08,125740.0,1505838.0,-1380098.0,3124008.0,2546793.0,577215.0,0.9305
2023-05-09,125801.0,1507138.0,-1381337.0,3051554.0,2492108.0,559446.0,0.8378
2023-05-10,153977.0,1512278.0,-1358301.0,3158781.0,2543177.0,615604.0,0.9514
2023-05-11,174363.0,1529612.0,-1355249.0,2717661.0,2039545.0,678116.0,1.012
2023-05-12,174269.0,1532323.0,-1358054.0,3106274.0,2447936.0,658338.0,1.0949
2023-05-15,177404.0,1547654.0,-1370250.0,3429107.0,2720408.0,708699.0,1.1947
2023-05-16,178740.0,1549092.0,-1370352.0,3289298.0,2683297.0,606001.0,0.8852
2023-05-17,203604.0,1542569.0,-1338965.0,3328263.0,2770997.0,557266.0,0.7795
2023-05-18,205089.0,1547693.0,-1342604.0,2927772.0,2183092.0,744680.0,0.8189
2023-05-19,205148.0,1566524.0,-1361376.0,3078032.0,2355603.0,722429.0,0.9317
2023-05-22,205483.0,1584405.0,-1378922.0,3439881.0,2717498.0,722383.0,0.9353
2023-05-23,205694.0,1589384.0,-1383690.0,3363871.0,2612471.0,751400.0,0.9929
2023-05-24,208261.0,1589561.0,-1381300.0,3465407.0,2729517.0,735890.0,0.8372
2023-05-25,199087.0,1456602.0,-1257515.0,2411131.0,1820340.0,590791.0,0.9583
2023-05-26,199610.0,1479986.0,-1280376.0,3011778.0,2270265.0,741513.0,1.195
2023-05-29,199849.0,1497583.0,-1297734.0,3082615.0,2442508.0,640107.0,1.1237
2023-05-30,199957.0,1509012.0,-1309055.0,3013779.0,2376296.0,637483.0,1.1747
2023-05-31,201779.0,1537896.0,-1336117.0,3338717.0,2584223.0,754494.0,0.8697
2023-06-01,200324.0,1555586.0,-1355262.0,2636769.0,1990818.0,645951.0,0.799
2023-06-02,197004.0,1583786.0,-1386782.0,3146212.0,2319445.0,826767.0,0.8214
2023-06-05,198548.0,1601001.0,-1402453.0,3365497.0,2524608.0,840889.0,0.8677
2023-06-06,200909.0,1603526.0,-1402617.0,3033496.0,2297994.0,735502.0,0.9204
2023-06-07,203188.0,1615597.0,-1412409.0,3398590.0,2641877.0,756713.0,1.0773
2023-06-08,207650.0,1613622.0,-1405972.0,2820359.0,2103160.0,717199.0,0.8267
2023-06-09,205058.0,1617050.0,-1411992.0,3179351.0,2416329.0,763022.0,0.7539
2023-06-12,203963.0,1639910.0,-1435947.0,3429254.0,2640665.0,788589.0,0.7887
2023-06-13,207374.0,1649961.0,-1442587.0,3192138.0,2395846.0,796292.0,0.9293
2023-06-14,219277.0,1652301.0,-1433024.0,3600904.0,2814782.0,786122.0,0.905
2023-06-15,223011.0,1647583.0,-1424572.0,2913547.0,2233178.0,680369.0,0.8085
2023-06-16,226871.0,1662329.0,-1435458.0,3424347.0,2687809.0,736538.0,1.0163
2023-06-19,227553.0,1666374.0,-1438821.0,3426054.0,2734669.0,691385.0,0.822
2023-06-20,227732.0,1598345.0,-1370613.0,3047802.0,2496943.0,550859.0,0.9386
2023-06-21,227454.0,1661647.0,-1434193.0,3252158.0,2767411.0,484747.0,0.9681
2023-06-22,228011.0,1657005.0,-1428994.0,2938009.0,2271466.0,666543.0,0.8667
2023-06-23,163385.0,1645534.0,-1482149.0,3401951.0,2625164.0,776787.0,0.8139
2023-06-26,168082.0,1661539.0,-1493457.0,3471460.0,2765732.0,705728.0,0.8206
2023-06-27,169849.0,1651320.0,-1481471.0,3580149.0,2657424.0,922725.0,1.1459
2023-06-28,145238.0,1472259.0,-1327021.0,2495183.0,1847673.0,647510.0,1.2502
2023-06-30,151760.0,1493211.0,-1341451.0,3131736.0,2462253.0,669483.0,1.3475
2023-07-03,161090.0,1494934.0,-1333844.0,3364538.0,2634875.0,729663.0,1.2164
2023-07-04,166381.0,1495268.0,-1328887.0,3262188.0,2481769.0,780419.0,1.2732
2023-07-05,179220.0,1513885.0,-1334665.0,3248894.0,2600081.0,648813.0,1.1226
2023-07-06,194735.0,1551058.0,-1356323.0,2766979.0,2064598.0,702381.0,1.1011
2023-07-07,195335.0,1577377.0,-1382042.0,3484911.0,2513740.0,971171.0,0.7696
2023-07-10,194425.0,1609373.0,-1414948.0,3369159.0,2670187.0,698972.0,0.7878
2023-07-11,197549.0,1612368.0,-1414819.0,3383916.0,2629247.0,754669.0,0.8306
2023-07-12,196572.0,1631132.0,-1434560.0,3584936.0,2870143.0,714793.0,0.7595
2023-07-13,199654.0,1607265.0,-1407611.0,3066925.0,2351607.0,715318.0,0.8536
2023-07-14,211627.0,1621451.0,-1409824.0,3110045.0,2513590.0,596455.0,0.9768
2023-07-17,212796.0,1635157.0,-1422361.0,3528911.0,2887574.0,641337.0,1.2789
2023-07-18,218219.0,1633455.0,-1415236.0,3310814.0,2642666.0,668148.0,1.0289
2023-07-19,224517.0,1628940.0,-1404423.0,3491932.0,2790886.0,701046.0,1.09
2023-07-20,217939.0,1595812.0,-1377873.0,2939967.0,2257442.0,682525.0,1.1315
2023-07-21,217784.0,1638669.0,-1420885.0,3576789.0,2803701.0,773088.0,0.8955
2023-07-24,213200.0,1650141.0,-1436941.0,3755182.0,3092134.0,663048.0,0.8074
2023-07-25,217290.0,1668673.0,-1451383.0,3906925.0,2978287.0,928638.0,0.7553
2023-07-26,228863.0,1675666.0,-1446803.0,3865730.0,3032453.0,833277.0,0.856
2023-07-27,164974.0,1546689.0,-1381715.0,2619476.0,2116067.0,503409.0,0.7592
2023-07-28,184930.0,1596595.0,-1411665.0,3636941.0,2788581.0,848360.0,0.7328
2023-07-31,189411.0,1618685.0,-1429274.0,3778351.0,3039229.0,739122.0,0.8729
2023-08-01,192422.0,1640228.0,-1447806.0,3501217.0,2826368.0,674849.0,0.837
2023-08-02,227120.0,1654516.0,-1427396.0,3856038.0,3089256.0,766782.0,0.6672
2023-08-03,235297.0,1694891.0,-1459594.0,2819663.0,2244599.0,575064.0,0.7336
2023-08-04,239046.0,1714478.0,-1475432.0,3396790.0,2774043.0,622747.0,0.8308
2023-08-07,239406.0,1747195.0,-1507789.0,3807307.0,3114843.0,692464.0,0.8582
2023-08-08,241937.0,1755191.0,-1513254.0,3841589.0,3045934.0,795655.0,0.8484
2023-08-09,244430.0,1770996.0,-1526566.0,3851427.0,3190442.0,660985.0,0.8469
2023-08-10,245540.0,1782014.0,-1536474.0,2704107.0,2351789.0,352318.0,0.8008
2023-08-11,248346.0,1797822.0,-1549476.0,3276218.0,2895085.0,381133.0,0.6996
2023-08-14,249113.0,1798876.0,-1549763.0,3277625.0,2819049.0,458576.0,0.7979
2023-08-16,252197.0,1810333.0,-1558136.0,3584344.0,3122920.0,461424.0,0.866
2023-08-17,276140.0,1818205.0,-1542065.0,2610964.0,2308007.0,302957.0,0.7878
2023-08-18,285702.0,1816306.0,-1530604.0,3467806.0,3215106.0,252700.0,0.7776
2023-08-21,289124.0,1822543.0,-1533419.0,3739219.0,3476783.0,262436.0,0.8919
2023-08-22,292607.0,1825990.0,-1533383.0,3773312.0,3293669.0,479643.0,0.7949
2023-08-23,293715.0,1833291.0,-1539576.0,4010456.0,3634592.0,375864.0,1.0292
2023-08-24,293399.0,1837391.0,-1543992.0,2847757.0,2494945.0,352812.0,0.7937
2023-08-25,293200.0,1836353.0,-1543153.0,3367355.0,3022929.0,344426.0,0.7462
2023-08-28,299556.0,1842683.0,-1543127.0,3774420.0,3302712.0,471708.0,0.9142
2023-08-29,308521.0,1851805.0,-1543284.0,4034525.0,3307840.0,726685.0,0.8533
2023-08-30,271501.0,1841382.0,-1569881.0,4035400.0,3482466.0,552934.0,0.7016
2023-08-31,215945.0,1675581.0,-1459636.0,2607262.0,2272872.0,334390.0,0.8962
2023-09-01,231858.0,1727365.0,-1495507.0,3154844.0,2858833.0,296011.0,1.1052
2023-09-04,238518.0,1771470.0,-1532952.0,3398844.0,3072346.0,326498.0,1.1169
2023-09-05,250455.0,1793079.0,-1542624.0,3880975.0,3061691.0,819284.0,1.0211
2023-09-06,259158.0,1824961.0,-1565803.0,3278429.0,2634956.0,643473.0,1.0487
2023-09-07,276364.0,1839651.0,-1563287.0,2897139.0,2460315.0,436824.0,1.1605
2023-09-08,287190.0,1847430.0,-1560240.0,3354911.0,3072554.0,282357.0,1.1681
2023-09-11,305629.0,1847851.0,-1542222.0,3791006.0,3527319.0,263687.0,1.2406
2023-09-12,319527.0,1845100.0,-1525573.0,4132788.0,3223914.0,908874.0,1.0142
2023-09-13,325839.0,1860119.0,-1534280.0,3488569.0,2814246.0,674323.0,1.0711
2023-09-14,328118.0,1873723.0,-1545605.0,3215170.0,2564021.0,651149.0,0.967
2023-09-15,326851.0,1910981.0,-1584130.0,3555466.0,2907303.0,648163.0,1.0164
2023-09-18,321607.0,1915956.0,-1594349.0,3498409.0,2803000.0,695409.0,0.8464
2023-09-20,295927.0,1954377.0,-1658450.0,3152750.0,2738719.0,414031.0,0.7326
2023-09-21,293499.0,1957304.0,-1663805.0,3361160.0,2826898.0,534262.0,0.7285
2023-09-22,304088.0,1970973.0,-1666885.0,3746368.0,3323928.0,422440.0,0.7167
2023-09-25,305497.0,1983878.0,-1678381.0,3935894.0,3474815.0,461079.0,0.794
2023-09-26,309801.0,1986055.0,-1676254.0,3818322.0,3421800.0,396522.0,0.7757
2023-09-27,340330.0,1989468.0,-1649138.0,4153277.0,3753024.0,400253.0,0.8749
2023-09-28,292116.0,1800611.0,-1508495.0,2682045.0,2349362.0,332683.0,0.7942
2023-09-29,326477.0,1817436.0,-1490959.0,2897791.0,2733910.0,163881.0,0.9077
2023-10-03,326834.0,1843530.0,-1516696.0,3645763.0,2944598.0,701165.0,0.8093
2023-10-04,329479.0,1861735.0,-1532256.0,3169836.0,2608722.0,561114.0,0.8449
2023-10-05,333697.0,1865844.0,-1532147.0,2741789.0,2398537.0,343252.0,0.8653
2023-10-06,342042.0,1894151.0,-1552109.0,3098297.0,2704420.0,393877.0,0.9058
2023-10-09,343486.0,1895144.0,-1551658.0,3209954.0,2857858.0,352096.0,0.778
2023-10-10,333977.0,1917755.0,-1583778.0,3100758.0,2994860.0,105898.0,1.0754
2023-10-11,321968.0,1929320.0,-1607352.0,3003337.0,2561902.0,441435.0,1.0007
2023-10-12,324037.0,1943507.0,-1619470.0,2817330.0,2499253.0,318077.0,0.94
2023-10-13,325917.0,1953945.0,-1628028.0,3238173.0,3080750.0,157423.0,0.8575
2023-10-16,326018.0,1963365.0,-1637347.0,3441219.0,3338217.0,103002.0,0.835
2023-10-17,328402.0,1978684.0,-1650282.0,3799072.0,3105387.0,693685.0,0.8142
2023-10-18,333249.0,1991949.0,-1658700.0,3195498.0,2807472.0,388026.0,0.7191
2023-10-19,340844.0,1995896.0,-1655052.0,3125748.0,2737940.0,387808.0,0.7562
2023-10-20,343747.0,1986533.0,-1642786.0,3526195.0,3062067.0,464128.0,0.7351
2023-10-23,324461.0,1990757.0,-1666296.0,3747891.0,3344642.0,403249.0,0.5792
2023-10-25,301566.0,2004191.0,-1702625.0,4394853.0,3594809.0,800044.0,0.5784
2023-10-26,255952.0,1829288.0,-1573336.0,2911347.0,2561944.0,349403.0,0.7715
2023-10-27,283009.0,2012623.0,-1729614.0,3404817.0,3084061.0,320756.0,0.899
2023-10-30,285661.0,2010912.0,-1725251.0,3652806.0,3577475.0,75331.0,1.0792
2023-10-31,290253.0,2023788.0,-1733535.0,3706438.0,3418987.0,287451.0,0.8466
2023-11-01,294241.0,2059869.0,-1765628.0,3511798.0,2890365.0,621433.0,0.8066
2023-11-02,295440.0,2106635.0,-1811195.0,3071077.0,2705940.0,365137.0,0.8673
2023-11-03,301619.0,2122190.0,-1820571.0,3512662.0,3190910.0,321752.0,0.8984
2023-11-06,311997.0,2128223.0,-1816226.0,3697710.0,3460580.0,237130.0,1.0272
2023-11-07,311699.0,2143381.0,-1831682.0,3927422.0,3675878.0,251544.0,1.0447
2023-11-08,308627.0,2147197.0,-1838570.0,3619201.0,3161345.0,457856.0,0.8779
2023-11-09,312526.0,2161161.0,-1848635.0,3361592.0,2881840.0,479752.0,0.8843
2023-11-10,312765.0,2164151.0,-1851386.0,3624961.0,3210976.0,413985.0,0.9388
2023-11-13,313513.0,2165811.0,-1852298.0,3657348.0,3239003.0,418345.0,0.9097
2023-11-15,316018.0,2179020.0,-1863002.0,3396586.0,3011615.0,384971.0,1.0061
2023-11-16,306825.0,2196959.0,-1890134.0,3397108.0,2935437.0,461671.0,0.9359
2023-11-17,303181.0,2231350.0,-1928169.0,4253382.0,4002367.0,251015.0,0.7609
2023-11-20,302248.0,2241897.0,-1939649.0,4205459.0,4137024.0,68435.0,0.7429
2023-11-21,300621.0,2254772.0,-1954151.0,4383702.0,3989515.0,394187.0,0.7804
2023-11-22,296515.0,2263023.0,-1966508.0,3778414.0,3372617.0,405797.0,0.8883
2023-11-23,296700.0,2257909.0,-1961209.0,3319170.0,2887366.0,431804.0,0.882
2023-11-24,295727.0,2257682.0,-1961955.0,3690800.0,3222933.0,467867.0,0.9048
2023-11-28,283568.0,2262410.0,-1978842.0,4004864.0,3438743.0,566121.0,1.0514
2023-11-29,292268.0,2272979.0,-1980711.0,4680282.0,4091321.0,588961.0,1.3206
2023-11-30,260774.0,2057363.0,-1796589.0,2812719.0,2327585.0,485134.0,1.0299
2023-12-01,272642.0,2079418.0,-1806776.0,3497203.0,3127177.0,370026.0,1.0487
2023-12-04,274301.0,2073732.0,-1799431.0,4442509.0,3755863.0,686646.0,1.3864
2023-12-05,280316.0,2064015.0,-1783699.0,4308930.0,3824837.0,484093.0,1.1344
2023-12-06,283724.0,2078616.0,-1794892.0,3860049.0,2997812.0,862237.0,1.0097
2023-12-07,275151.0,2101298.0,-1826147.0,3377529.0,2870798.0,506731.0,1.0224
2023-12-08,282274.0,2106333.0,-1824059.0,3884279.0,3243004.0,641275.0,1.0726
2023-12-11,277839.0,2110308.0,-1832469.0,4002709.0,3479818.0,522891.0,0.968
2023-12-12,268194.0,2118823.0,-1850629.0,4128147.0,3549248.0,578899.0,0.8152
2023-12-13,274135.0,2136890.0,-1862755.0,3830277.0,3045318.0,784959.0,0.8695
2023-12-14,291094.0,2147741.0,-1856647.0,3477425.0,3080995.0,396430.0,0.9932
2023-12-15,302415.0,2129934.0,-1827519.0,4018038.0,3626864.0,391174.0,1.0841
2023-12-18,308540.0,2134875.0,-1826335.0,4259864.0,3848217.0,411647.0,0.885
2023-12-19,299951.0,2155184.0,-1855233.0,4613828.0,3665260.0,948568.0,0.9101
2023-12-20,297491.0,2154365.0,-1856874.0,4216403.0,3431744.0,784659.0,0.6657
2023-12-21,295894.0,2178857.0,-1882963.0,3729872.0,3040804.0,689068.0,0.9618
2023-12-22,299362.0,2209631.0,-1910269.0,4211979.0,3218988.0,992991.0,0.8914
2023-12-26,302875.0,2219637.0,-1916762.0,4693802.0,3267480.0,1426322.0,1.0353
2023-12-27,305201.0,2219292.0,-1914091.0,5256608.0,3590398.0,1666210.0,1.238
2023-12-28,195435.0,2081895.0,-1886460.0,2735754.0,2065415.0,670339.0,1.0539
2023-12-29,204158.0,2132693.0,-1928535.0,3582409.0,2593560.0,988849.0,0.8997
2024-01-01,200938.0,2161234.0,-1960296.0,4417187.0,3022057.0,1395130.0,0.9023
2024-01-02,199114.0,2193594.0,-1994480.0,4696040.0,3317571.0,1378469.0,0.6792
2024-01-03,196808.0,2223113.0,-2026305.0,3792928.0,2873041.0,919887.0,0.7671
2024-01-04,198044.0,2261264.0,-2063220.0,3233505.0,2463720.0,769785.0,1.0287
2024-01-05,200136.0,2267023.0,-2066887.0,3948068.0,2890610.0,1057458.0,0.8132
2024-01-08,206835.0,2261467.0,-2054632.0,4220635.0,3728858.0,491777.0,0.6385
2024-01-09,207338.0,2260902.0,-2053564.0,4236260.0,3616195.0,620065.0,0.6453
2024-01-10,205892.0,2289052.0,-2083160.0,3537656.0,2916235.0,621421.0,0.8904
2024-01-11,210220.0,2307456.0,-2097236.0,3276183.0,2731874.0,544309.0,0.8388
2024-01-12,223642.0,2317454.0,-2093812.0,4173102.0,3356234.0,816868.0,1.0376
2024-01-15,226217.0,2325086.0,-2098869.0,4683274.0,3836030.0,847244.0,1.132
2024-01-16,224514.0,2317763.0,-2093249.0,5002235.0,3789373.0,1212862.0,0.9226
2024-01-17,216503.0,2351546.0,-2135043.0,4161812.0,3948265.0,213547.0,0.6446
2024-01-18,212577.0,2392780.0,-2180203.0,3743688.0,3398619.0,345069.0,0.6878
2024-01-19,218929.0,2411355.0,-2192426.0,4396165.0,3965977.0,430188.0,0.6745
2024-01-23,231329.0,2384131.0,-2152802.0,4575441.0,4129394.0,446047.0,0.5885
2024-01-24,223056.0,2446312.0,-2223256.0,4919175.0,4476197.0,442978.0,0.6999
2024-01-25,132647.0,2215022.0,-2082375.0,2943767.0,2752932.0,190835.0,0.8006
2024-01-29,137483.0,2266393.0,-2128910.0,3857312.0,3702448.0,154864.0,0.9248
2024-01-30,142609.0,2302554.0,-2159945.0,3906524.0,3838634.0,67890.0,0.7429
2024-01-31,144846.0,2317675.0,-2172829.0,3074223.0,3119286.0,-45063.0,0.8159
2024-02-01,142230.0,2349332.0,-2207102.0,3336194.0,3170861.0,165333.0,0.8035
2024-02-02,150732.0,2395443.0,-2244711.0,3844787.0,3673967.0,170820.0,0.7928
2024-02-05,156144.0,2400124.0,-2243980.0,3982067.0,3954148.0,27919.0,0.7119
2024-02-06,158051.0,2416833.0,-2258782.0,4140400.0,3972512.0,167888.0,0.7935
2024-02-07,160707.0,2437588.0,-2276881.0,3358261.0,3079950.0,278311.0,0.8665
2024-02-08,165271.0,2446887.0,-2281616.0,3581157.0,3407395.0,173762.0,0.7076
2024-02-09,171338.0,2445522.0,-2274184.0,3759034.0,3624300.0,134734.0,0.8283
2024-02-12,171723.0,2471651.0,-2299928.0,4179576.0,4152306.0,27270.0,0.6472
2024-02-13,170883.0,2498187.0,-2327304.0,4088673.0,3956441.0,132232.0,0.8766
2024-02-14,172455.0,2511408.0,-2338953.0,3634689.0,3254092.0,380597.0,0.9872
2024-02-15,176694.0,2516563.0,-2339869.0,3552419.0,3384063.0,168356.0,0.966
2024-02-16,181617.0,2539289.0,-2357672.0,4031253.0,3940781.0,90472.0,0.9951
2024-02-19,183780.0,2539202.0,-2355422.0,4150423.0,4208690.0,-58267.0,1.0016
2024-02-20,185475.0,2524718.0,-2339243.0,4333614.0,4393691.0,-60077.0,1.129
2024-02-21,187737.0,2506458.0,-2318721.0,3720756.0,3506940.0,213816.0,0.7757
2024-02-22,188545.0,2529194.0,-2340649.0,3594302.0,3256405.0,337897.0,0.8554
2024-02-23,203395.0,2516902.0,-2313507.0,4096864.0,3756501.0,340363.0,0.8092
2024-02-26,197767.0,2516307.0,-2318540.0,4285070.0,4057880.0,227190.0,0.7571
2024-02-27,204432.0,2514104.0,-2309672.0,4434442.0,4164640.0,269802.0,0.8071
2024-02-28,209073.0,2498623.0,-2289550.0,4830276.0,4960430.0,-130154.0,0.6205
2024-02-29,162226.0,2304798.0,-2142572.0,2992602.0,2730585.0,262017.0,0.9007
2024-03-01,168524.0,2336266.0,-2167742.0,3956995.0,3769872.0,187123.0,1.1789
2024-03-04,185960.0,2360457.0,-2174497.0,3994633.0,4013620.0,-18987.0,1.1215
2024-03-05,189247.0,2376751.0,-2187504.0,4066546.0,4232524.0,-165978.0,1.0999
2024-03-06,197595.0,2394850.0,-2197255.0,3582562.0,3410943.0,171619.0,1.0653
2024-03-07,207417.0,2408486.0,-2201069.0,3639957.0,3389241.0,250716.0,0.9229
2024-03-11,211059.0,2419518.0,-2208459.0,4105435.0,3992869.0,112566.0,0.7411
2024-03-12,213717.0,2453779.0,-2240062.0,3840814.0,3695570.0,145244.0,0.755
2024-03-13,220564.0,2479345.0,-2258781.0,4002646.0,3738145.0,264501.0,0.6629
2024-03-14,224313.0,2505479.0,-2281166.0,3442455.0,3043535.0,398920.0,0.7959
2024-03-15,229658.0,2509813.0,-2280155.0,4105096.0,3816794.0,288302.0,0.757
2024-03-18,229586.0,2523411.0,-2293825.0,4043841.0,3832422.0,211419.0,0.775
2024-03-19,230467.0,2537577.0,-2307110.0,4271154.0,4222031.0,49123.0,0.6748
2024-03-20,231034.0,2556854.0,-2325820.0,3664122.0,3374965.0,289157.0,0.7442
2024-03-21,233376.0,2576075.0,-2342699.0,3670408.0,3260842.0,409566.0,0.8726
2024-03-22,234705.0,2586747.0,-2352042.0,3881924.0,3484042.0,397882.0,0.9854
2024-03-26,232060.0,2600801.0,-2368741.0,4191561.0,3841911.0,349650.0,0.879
2024-03-27,244573.0,2563738.0,-2319165.0,4000122.0,3482467.0,517655.0,0.9687
2024-03-28,159915.0,2366317.0,-2206402.0,3370534.0,2811772.0,558762.0,1.0048
2024-04-01,163072.0,2405843.0,-2242771.0,3749813.0,3281059.0,468754.0,1.0184
2024-04-02,155456.0,2443348.0,-2287892.0,3963167.0,3611567.0,351600.0,0.9248
2024-04-03,160685.0,2450200.0,-2289515.0,3366603.0,2899185.0,467418.0,0.9183
2024-04-04,166394.0,2454400.0,-2288006.0,3125986.0,2666148.0,459838.0,0.9807
2024-04-05,171336.0,2427957.0,-2256621.0,4084557.0,3568314.0,516243.0,1.0761
2024-04-08,169594.0,2454309.0,-2284715.0,4195765.0,3894652.0,301113.0,1.1177
2024-04-09,168559.0,2462768.0,-2294209.0,4542119.0,3873304.0,668815.0,1.0218
2024-04-10,174155.0,2463213.0,-2289058.0,3219263.0,2617526.0,601737.0,1.0035
2024-04-12,173939.0,2502107.0,-2328168.0,3816096.0,3452581.0,363515.0,0.7576
2024-04-15,168589.0,2538266.0,-2369677.0,4251729.0,4135112.0,116617.0,0.657
2024-04-16,168046.0,2546890.0,-2378844.0,3705742.0,3267979.0,437763.0,0.7187
2024-04-18,180346.0,2568713.0,-2388367.0,3778172.0,3250201.0,527971.0,0.7139
2024-04-19,185588.0,2558411.0,-2372823.0,4335354.0,3627518.0,707836.0,0.874
2024-04-22,195477.0,2577417.0,-2381940.0,4534481.0,3940355.0,594126.0,0.9505
2024-04-23,209284.0,2592855.0,-2383571.0,4611435.0,4018373.0,593062.0,0.8849
2024-04-24,229510.0,2598080.0,-2368570.0,3895749.0,3156298.0,739451.0,0.908
2024-04-25,196498.0,2423112.0,-2226614.0,3430020.0,2563022.0,866998.0,1.1356
2024-04-26,326450.0,3003219.0,-2676769.0,5235060.0,3943104.0,1291956.0,0.8886
2024-04-29,366633.0,3029327.0,-2662694.0,5925184.0,4555264.0,1369920.0,1.2527
2024-04-30,364916.0,3052363.0,-2687447.0,5566832.0,3796757.0,1770075.0,1.0115
2024-05-02,363935.0,3143111.0,-2779176.0,4975811.0,3359905.0,1615906.0,0.9759
2024-05-03,350450.0,3215935.0,-2865485.0,5560797.0,4231924.0,1328873.0,0.7693
2024-05-06,355477.0,3252808.0,-2897331.0,5797132.0,4534193.0,1262939.0,0.7469
2024-05-07,373750.0,3285344.0,-2911594.0,6303373.0,4990626.0,1312747.0,0.6689
2024-05-08,380570.0,3331539.0,-2950969.0,5643730.0,4496159.0,1147571.0,0.7433
2024-05-09,386882.0,3368875.0,-2981993.0,4808382.0,4020192.0,788190.0,0.733
2024-05-10,400206.0,3372216.0,-2972010.0,5316501.0,4618136.0,698365.0,0.7631
2024-05-13,412994.0,3408782.0,-2995788.0,5460896.0,4907488.0,553408.0,0.8588
2024-05-14,424950.0,3417154.0,-2992204.0,5602934.0,4779000.0,823934.0,0.862
2024-05-15,425149.0,3399233.0,-2974084.0,5184882.0,4505798.0,679084.0,0.8204
2024-05-16,432244.0,3366108.0,-2933864.0,4848317.0,4238318.0,609999.0,0.9355
2024-05-17,433933.0,3348195.0,-2914262.0,5183230.0,4606718.0,576512.0,0.981
2024-05-21,442487.0,3346358.0,-2903871.0,5880405.0,5193233.0,687172.0,0.8905
2024-05-22,451098.0,3331647.0,-2880549.0,5482810.0,4755317.0,727493.0,0.9634
2024-05-23,468172.0,3312959.0,-2844787.0,5050109.0,4187670.0,862439.0,1.093
2024-05-24,501632.0,3334185.0,-2832553.0,5862696.0,4994554.0,868142.0,0.995
2024-05-27,517617.0,3352834.0,-2835217.0,6311594.0,5513422.0,798172.0,0.9164
2024-05-28,527565.0,3357447.0,-2829882.0,6688527.0,5703041.0,985486.0,0.8383
2024-05-29,536616.0,3396115.0,-2859499.0,6054162.0,4718089.0,1336073.0,0.7638
2024-05-30,476093.0,3077709.0,-2601616.0,3807194.0,3891489.0,-84295.0,0.9731
2024-05-31,474952.0,3216535.0,-2741583.0,4746817.0,5305517.0,-558700.0,0.8809
2024-06-03,448787.0,3213194.0,-2764407.0,5391017.0,6096617.0,-705600.0,0.8691
2024-06-04,455555.0,3186520.0,-2730965.0,5786244.0,6570643.0,-784399.0,0.6141
2024-06-05,491162.0,3190443.0,-2699281.0,5588289.0,5548194.0,40095.0,0.7292
2024-06-06,511101.0,3236475.0,-2725374.0,4420551.0,4055542.0,365009.0,0.8054
2024-06-07,529676.0,3205786.0,-2676110.0,5489910.0,4891247.0,598663.0,0.9203
2024-06-10,504726.0,3196182.0,-2691456.0,5588212.0,5131630.0,456582.0,0.811
2024-06-11,484613.0,3251918.0,-2767305.0,5636286.0,5287699.0,348587.0,0.8681
2024-06-12,462521.0,3269898.0,-2807377.0,5660278.0,4950900.0,709378.0,0.9098
2024-06-13,466560.0,3248213.0,-2781653.0,4873447.0,4100178.0,773269.0,0.9164
2024-06-14,462175.0,3247703.0,-2785528.0,5603309.0,4591469.0,1011840.0,1.0177
2024-06-18,474691.0,3263843.0,-2789152.0,6010742.0,4592518.0,1418224.0,1.0772
2024-06-19,480256.0,3251547.0,-2771291.0,6154847.0,4733908.0,1420939.0,1.0063
2024-06-20,491919.0,3257649.0,-2765730.0,5480034.0,4568282.0,911752.0,1.0525
2024-06-21,493091.0,3260650.0,-2767559.0,5861136.0,5042466.0,818670.0,0.9144
2024-06-24,511596.0,3315886.0,-2804290.0,6566136.0,5564977.0,1001159.0,1.0382
2024-06-25,525771.0,3325806.0,-2800035.0,7534947.0,5844092.0,1690855.0,1.2633
2024-06-26,525802.0,3362319.0,-2836517.0,7216638.0,5506083.0,1710555.0,1.1134
2024-06-27,359939.0,2985517.0,-2625578.0,4917437.0,3593229.0,1324208.0,1.144
2024-06-28,369070.0,3077706.0,-2708636.0,5504819.0,4019200.0,1485619.0,0.8991
2024-07-01,373517.0,3110791.0,-2737274.0,5657200.0,4413100.0,1244100.0,1.0133
2024-07-02,377981.0,3153783.0,-2775802.0,5674712.0,4629974.0,1044738.0,0.9103
2024-07-03,375113.0,3216002.0,-2840889.0,5545568.0,4143113.0,1402455.0,1.0948
2024-07-04,392973.0,3245972.0,-2852999.0,5294357.0,3555193.0,1739164.0,1.0375
2024-07-05,416976.0,3291983.0,-2875007.0,6441144.0,4175292.0,2265852.0,0.9175
2024-07-08,457512.0,3310592.0,-2853080.0,6496770.0,4419741.0,2077029.0,0.8664
2024-07-09,525850.0,3341809.0,-2815959.0,6479242.0,4771672.0,1707570.0,0.9202
2024-07-10,591002.0,3354432.0,-2763430.0,5931111.0,4247037.0,1684074.0,0.8535
2024-07-11,599710.0,3389175.0,-2789465.0,4845230.0,3954914.0,890316.0,0.9552
2024-07-12,606923.0,3388041.0,-2781118.0,5492448.0,4584418.0,908030.0,0.9704
2024-07-15,622850.0,3399760.0,-2776910.0,5998647.0,4710690.0,1287957.0,1.0861
2024-07-16,625246.0,3426458.0,-2801212.0,5544662.0,4049888.0,1494774.0,1.0201
2024-07-18,623606.0,3429567.0,-2805961.0,5072249.0,3688824.0,1383425.0,1.0188
2024-07-19,588176.0,3403110.0,-2814934.0,5905122.0,4332351.0,1572771.0,0.8278
2024-07-22,654140.0,3411818.0,-2757678.0,6419574.0,4630139.0,1789435.0,0.8189
2024-07-23,632566.0,3418727.0,-2786161.0,6577044.0,5114668.0,1462376.0,0.7073
2024-07-24,660848.0,3433477.0,-2772629.0,6588712.0,4841143.0,1747569.0,0.7931
2024-07-25,454342.0,3119871.0,-2665529.0,4642296.0,3670280.0,972016.0,0.9287
2024-07-26,471302.0,3164080.0,-2692778.0,6129483.0,4745201.0,1384282.0,1.0919
2024-07-29,509037.0,3197482.0,-2688445.0,6153217.0,4882950.0,1270267.0,0.8937
2024-07-30,517203.0,3223272.0,-2706069.0,6145342.0,4776118.0,1369224.0,0.9728
2024-07-31,527270.0,3242831.0,-2715561.0,5998073.0,4424111.0,1573962.0,1.1098
2024-08-01,563254.0,3270173.0,-2706919.0,4991120.0,3861182.0,1129938.0,0.9125
2024-08-02,598425.0,3293700.0,-2695275.0,6170579.0,4661616.0,1508963.0,0.7782
2024-08-05,624924.0,3366979.0,-2742055.0,6553587.0,5351677.0,1201910.0,0.664
2024-08-06,629686.0,3377998.0,-2748312.0,7295209.0,5472167.0,1823042.0,0.6423
2024-08-07,648521.0,3428037.0,-2779516.0,6998388.0,4848708.0,2149680.0,0.8235
2024-08-08,625706.0,3392859.0,-2767153.0,5146922.0,4101872.0,1045050.0,0.8512
2024-08-09,643875.0,3426090.0,-2782215.0,5692784.0,4617704.0,1075080.0,0.891
2024-08-12,634269.0,3454645.0,-2820376.0,5753256.0,4872907.0,880349.0,0.8956
2024-08-13,607305.0,3453528.0,-2846223.0,6706405.0,5700889.0,1005516.0,0.679
2024-08-14,588631.0,3454743.0,-2866112.0,5138178.0,4187549.0,950629.0,0.8388
2024-08-16,596456.0,3491650.0,-2895194.0,5978692.0,4992979.0,985713.0,1.0286
2024-08-19,615656.0,3504893.0,-2889237.0,5996044.0,5273750.0,722294.0,0.8898
2024-08-20,626444.0,3523950.0,-2897506.0,6188737.0,5233492.0,955245.0,1.0173
2024-08-21,634528.0,3561229.0,-2926701.0,6131170.0,4949252.0,1181918.0,1.0059
2024-08-22,627362.0,3577345.0,-2949983.0,5464742.0,4341356.0,1123386.0,0.9814
2024-08-23,712506.0,3582558.0,-2870052.0,6325894.0,5296824.0,1029070.0,0.9315
2024-08-26,713994.0,3585090.0,-2871096.0,6804421.0,5515937.0,1288484.0,0.98
2024-08-27,732492.0,3558753.0,-2826261.0,6732735.0,5451303.0,1281432.0,0.9667
2024-08-28,735950.0,3553991.0,-2818041.0,6618262.0,5184392.0,1433870.0,1.0204
2024-08-29,532144.0,3244854.0,-2712710.0,5067786.0,3693775.0,1374011.0,1.0641
2024-08-30,568238.0,3309835.0,-2741597.0,6172678.0,4472749.0,1699929.0,1.124
2024-09-02,670181.0,3348170.0,-2677989.0,6440831.0,4786541.0,1654290.0,0.9961
2024-09-03,673364.0,3396384.0,-2723020.0,6604977.0,4879620.0,1725357.0,1.0669
2024-09-04,809802.0,3410528.0,-2600726.0,6451579.0,4517982.0,1933597.0,0.9684
2024-09-05,859052.0,3468217.0,-2609165.0,5518291.0,3996103.0,1522188.0,0.9949
2024-09-06,845730.0,3444109.0,-2598379.0,6714100.0,5395285.0,1318815.0,0.7314
2024-09-09,849211.0,3444259.0,-2595048.0,6770853.0,5077717.0,1693136.0,0.858
2024-09-10,867979.0,3430597.0,-2562618.0,6790574.0,5196438.0,1594136.0,0.9214
2024-09-11,861340.0,3411393.0,-2550053.0,6499559.0,5116696.0,1382863.0,0.8044
2024-09-12,878111.0,3415356.0,-2537245.0,5802410.0,4301123.0,1501287.0,1.1173
2024-09-13,911992.0,3421015.0,-2509023.0,6374978.0,4998078.0,1376900.0,1.0801
2024-09-16,919794.0,3427910.0,-2508116.0,6225479.0,5185404.0,1040075.0,1.0536
2024-09-17,922215.0,3441231.0,-2519016.0,6275577.0,5350175.0,925402.0,1.0605
2024-09-18,923514.0,3433611.0,-2510097.0,6574401.0,5403652.0,1170749.0,0.9543
2024-09-19,924282.0,3488140.0,-2563858.0,6256569.0,4799904.0,1456665.0,0.9372
2024-09-20,946272.0,3483404.0,-2537132.0,7763141.0,5420869.0,2342272.0,1.1987
2024-09-23,818377.0,3473291.0,-2654914.0,8269300.0,5805920.0,2463380.0,1.2134
2024-09-24,718897.0,3496006.0,-2777109.0,8356429.0,6047665.0,2308764.0,1.1211
2024-09-25,636408.0,3502049.0,-2865641.0,7764222.0,5488147.0,2276075.0,1.1217
2024-09-26,402323.0,3193751.0,-2791428.0,5849049.0,3847460.0,2001589.0,1.1687
2024-09-27,404999.0,3294648.0,-2889649.0,7323321.0,4592194.0,2731127.0,0.9442
2024-09-30,392152.0,3374559.0,-2982407.0,7990574.0,5636320.0,2354254.0,0.7287
2024-10-01,392595.0,3505630.0,-3113035.0,7230717.0,4914050.0,2316667.0,0.7975
2024-10-03,377456.0,3626827.0,-3249371.0,6126896.0,4373563.0,1753333.0,0.7607
2024-10-04,374305.0,3683504.0,-3309199.0,7410747.0,5270859.0,2139888.0,0.6309
2024-10-07,363584.0,3785214.0,-3421630.0,7876333.0,5786166.0,2090167.0,0.6177
2024-10-08,390908.0,3789424.0,-3398516.0,7988166.0,5687124.0,2301042.0,0.7067
2024-10-09,398770.0,3774602.0,-3375832.0,7254757.0,5430491.0,1824266.0,0.7211
2024-10-10,400519.0,3800924.0,-3400405.0,6036875.0,5187078.0,849797.0,0.8527
2024-10-11,401058.0,3823045.0,-3421987.0,6612648.0,5490949.0,1121699.0,0.7484
2024-10-14,401401.0,3848491.0,-3447090.0,6723985.0,5668868.0,1055117.0,0.8563
2024-10-15,399518.0,3861242.0,-3461724.0,6829099.0,5751450.0,1077649.0,0.7642
2024-10-16,396750.0,3884428.0,-3487678.0,6830663.0,5272308.0,1558355.0,0.7269
2024-10-17,417822.0,3904567.0,-3486745.0,6018376.0,4970357.0,1048019.0,0.7275
2024-10-18,425830.0,3944610.0,-3518780.0,6785376.0,5698238.0,1087138.0,0.8875
2024-10-21,438123.0,3914311.0,-3476188.0,7008075.0,5934046.0,1074029.0,0.7579
2024-10-22,436816.0,3921931.0,-3485115.0,7155713.0,6109015.0,1046698.0,0.632
2024-10-23,444845.0,3947216.0,-3502371.0,7020024.0,5635955.0,1384069.0,0.7322
2024-10-24,446738.0,3967621.0,-3520883.0,6681636.0,5489073.0,1192563.0,0.8241
2024-10-25,446067.0,3982604.0,-3536537.0,7911085.0,6540874.0,1370211.0,0.7165
2024-10-28,443608.0,4001999.0,-3558391.0,8250576.0,6294783.0,1955793.0,0.8039
2024-10-29,464270.0,3994809.0,-3530539.0,8566678.0,6569672.0,1997006.0,0.9882
2024-10-30,475195.0,4014994.0,-3539799.0,7728208.0,5948735.0,1779473.0,0.831
2024-10-31,377733.0,3595483.0,-3217750.0,5910266.0,4098610.0,1811656.0,0.8451
2024-11-01,380855.0,4051349.0,-3670494.0,6341134.0,4371881.0,1969253.0,0.8547
2024-11-04,380376.0,4133384.0,-3753008.0,7046044.0,5074921.0,1971123.0,0.7578
2024-11-05,394426.0,4198681.0,-3804255.0,7607871.0,5287086.0,2320785.0,0.9337
2024-11-06,434776.0,4225954.0,-3791178.0,7852674.0,5423774.0,2428900.0,0.9127
2024-11-07,426665.0,4215772.0,-3789107.0,6471723.0,4753207.0,1718516.0,0.806
2024-11-08,436704.0,4226674.0,-3789970.0,7327074.0,5522153.0,1804921.0,0.7701
2024-11-11,439973.0,4217267.0,-3777294.0,7410445.0,5799327.0,1611118.0,0.8282
2024-11-12,445075.0,4198101.0,-3753026.0,7765475.0,6289108.0,1476367.0,0.6577
2024-11-13,450572.0,4216612.0,-3766040.0,7881083.0,6224543.0,1656540.0,0.7015
2024-11-14,458107.0,4218983.0,-3760876.0,6874447.0,5320414.0,1554033.0,0.7867
2024-11-18,462958.0,4225994.0,-3763036.0,7318246.0,5934076.0,1384170.0,0.8003
2024-11-19,470553.0,4216020.0,-3745467.0,7554896.0,5650562.0,1904334.0,0.7867
2024-11-21,468319.0,4207858.0,-3739539.0,6514566.0,5285579.0,1228987.0,0.8271
2024-11-22,493769.0,4220264.0,-3726495.0,7843976.0,5836958.0,2007018.0,1.0551
2024-11-25,553746.0,4237608.0,-3683862.0,8447359.0,6416390.0,2030969.0,1.052
2024-11-26,581639.0,4250020.0,-3668381.0,8377322.0,6323644.0,2053678.0,0.9967
2024-11-27,597980.0,4273699.0,-3675719.0,7562011.0,5455005.0,2107006.0,1.0143
2024-11-28,465827.0,3970722.0,-3504895.0,5334516.0,3847868.0,1486648.0,0.9105
2024-11-29,469900.0,4090213.0,-3620313.0,5810553.0,4279000.0,1531553.0,0.9947
2024-12-02,483136.0,4174873.0,-3691737.0,6842763.0,4618245.0,2224518.0,1.0962
2024-12-03,505750.0,4196937.0,-3691187.0,7179554.0,4928258.0,2251296.0,1.1581
2024-12-04,525701.0,4180748.0,-3655047.0,7673549.0,5389792.0,2283757.0,1.07
2024-12-05,535722.0,4203824.0,-3668102.0,6315099.0,4592540.0,1722559.0,1.0777
2024-12-06,552128.0,4248433.0,-3696305.0,7068866.0,5363708.0,1705158.0,0.968
2024-12-09,551525.0,4267672.0,-3716147.0,7625871.0,6202208.0,1423663.0,0.8692
2024-12-10,557249.0,4286402.0,-3729153.0,7781159.0,6746113.0,1035046.0,0.8437
2024-12-11,560218.0,4314302.0,-3754084.0,8313727.0,7366842.0,946885.0,0.8406
2024-12-12,562853.0,4337912.0,-3775059.0,6277886.0,5430568.0,847318.0,0.8783
2024-12-13,564421.0,4378185.0,-3813764.0,7882607.0,6116661.0,1765946.0,0.9606
2024-12-16,556946.0,4392199.0,-3835253.0,8100361.0,6544020.0,1556341.0,0.8423
2024-12-17,546967.0,4418273.0,-3871306.0,8842422.0,7978120.0,864302.0,0.6427
2024-12-18,547448.0,4430809.0,-3883361.0,9649050.0,9111713.0,537337.0,0.5461
2024-12-19,539885.0,4453062.0,-3913177.0,7059949.0,6571537.0,488412.0,0.6842
2024-12-20,550957.0,4470654.0,-3919697.0,7731492.0,7409559.0,321933.0,0.6471
2024-12-23,545429.0,4475728.0,-3930299.0,8291563.0,8105776.0,185787.0,0.7045
2024-12-24,514171.0,4496215.0,-3982044.0,8021199.0,6906616.0,1114583.0,0.849
2024-12-26,428733.0,4100246.0,-3671513.0,4735965.0,3546412.0,1189553.0,1.0354
2024-12-27,451152.0,4167313.0,-3716161.0,5053548.0,3797504.0,1256044.0,0.9711
2024-12-30,454936.0,4215663.0,-3760727.0,5347926.0,3899058.0,1448868.0,0.8874
2024-12-31,473640.0,4260100.0,-3786460.0,5888624.0,3999334.0,1889290.0,0.9359
2025-01-01,476560.0,4303813.0,-3827253.0,6074349.0,4169838.0,1904511.0,0.9675
2025-01-02,501432.0,4351072.0,-3849640.0,5479771.0,4011641.0,1468130.0,1.0161
2025-01-03,500648.0,4354236.0,-3853588.0,5952116.0,4596524.0,1355592.0,0.8565
2025-01-06,487335.0,4342490.0,-3855155.0,6265672.0,4805340.0,1460332.0,0.7569
2025-01-07,491870.0,4350733.0,-3858863.0,6296804.0,4911569.0,1385235.0,0.7983
2025-01-08,493783.0,4373028.0,-3879245.0,6411311.0,5270211.0,1141100.0,0.787
2025-01-09,490098.0,4408272.0,-3918174.0,5756192.0,4790890.0,965302.0,0.7727
2025-01-10,488097.0,4412021.0,-3923924.0,6262942.0,5243250.0,1019692.0,0.7294
2025-01-13,491453.0,4456953.0,-3965500.0,6969781.0,5743442.0,1226339.0,0.6672
2025-01-14,502170.0,4516917.0,-4014747.0,7212071.0,5708408.0,1503663.0,0.7258
2025-01-15,508278.0,4519459.0,-4011181.0,7176929.0,6002738.0,1174191.0,0.7101
2025-01-16,531342.0,4515000.0,-3983658.0,6603807.0,5157585.0,1446222.0,0.7305
2025-01-17,550137.0,4516940.0,-3966803.0,6832603.0,5571661.0,1260942.0,0.6977
2025-01-20,564290.0,4451128.0,-3886838.0,7127897.0,5820576.0,1307321.0,0.7655
2025-01-21,560781.0,4558511.0,-3997730.0,7411949.0,6258081.0,1153868.0,0.6598
2025-01-22,580243.0,4587652.0,-4007409.0,7658779.0,6829439.0,829340.0,0.6937
2025-01-23,587779.0,4633042.0,-4045263.0,7486617.0,6194335.0,1292282.0,0.6946
2025-01-24,592851.0,4650135.0,-4057284.0,7854112.0,6760360.0,1093752.0,0.6581
2025-01-27,581494.0,4643448.0,-4061954.0,8224428.0,7103722.0,1120706.0,0.6301
2025-01-28,532594.0,4613865.0,-4081271.0,8597179.0,7258577.0,1338602.0,0.774
2025-01-29,490033.0,4540854.0,-4050821.0,9192426.0,7319569.0,1872857.0,0.8561
2025-01-30,241804.0,4057321.0,-3815517.0,4414664.0,3346446.0,1068218.0,0.8719
2025-01-31,256168.0,4151250.0,-3895082.0,4745317.0,3873308.0,872009.0,0.8786
2025-02-03,292396.0,4263817.0,-3971421.0,5072606.0,4449184.0,623422.0,0.7803
2025-02-04,309202.0,4333914.0,-4024712.0,5211531.0,4408961.0,802570.0,0.9298
2025-02-05,322632.0,4364643.0,-4042011.0,5363523.0,4714663.0,648860.0,0.8482
2025-02-06,315380.0,4424477.0,-4109097.0,4950093.0,4026656.0,923437.0,0.7751
2025-02-07,312969.0,4470245.0,-4157276.0,5073849.0,4113109.0,960740.0,0.7297
2025-02-10,312384.0,4503714.0,-4191330.0,5147113.0,4230006.0,917107.0,0.6848
2025-02-11,316236.0,4545627.0,-4229391.0,5284646.0,4410296.0,874350.0,0.64
2025-02-12,321237.0,4607679.0,-4286442.0,5359813.0,4493175.0,866638.0,0.6676
2025-02-13,327427.0,4614540.0,-4287113.0,5082206.0,4218125.0,864081.0,0.6812
2025-02-14,328170.0,4643616.0,-4315446.0,5299600.0,4436172.0,863428.0,0.6354
2025-02-17,329451.0,4689215.0,-4359764.0,5385643.0,4488523.0,897120.0,0.6846
2025-02-18,333161.0,4673220.0,-4340059.0,5467601.0,4548010.0,919591.0,0.6698
2025-02-19,336228.0,4692932.0,-4356704.0,5553400.0,4584264.0,969136.0,0.6841
2025-02-20,345480.0,4695067.0,-4349587.0,5376742.0,4384993.0,991749.0,0.6959
2025-02-21,347154.0,4691081.0,-4343927.0,5579742.0,4586988.0,992754.0,0.6647
2025-02-24,346187.0,4728395.0,-4382208.0,6069997.0,5067580.0,1002417.0,0.6544
2025-02-25,347417.0,4726607.0,-4379190.0,6326159.0,5270275.0,1055884.0,0.6993
2025-02-27,252462.0,4168966.0,-3916504.0,4612334.0,3090922.0,1521412.0,0.9379
2025-02-28,269770.0,4268605.0,-3998835.0,5097553.0,3629877.0,1467676.0,0.7961
2025-03-03,277460.0,4318445.0,-4040985.0,5279933.0,3810110.0,1469823.0,0.8089
2025-03-04,279400.0,4328926.0,-4049526.0,5509030.0,3855838.0,1653192.0,0.8482
2025-03-05,287226.0,4338854.0,-4051628.0,5702441.0,4027282.0,1675159.0,0.9675
2025-03-06,302870.0,4313708.0,-4010838.0,5282460.0,3615633.0,1666827.0,0.974
2025-03-07,309578.0,4311550.0,-4001972.0,5589191.0,3867249.0,1721942.0,0.9502
2025-03-10,313369.0,4315423.0,-4002054.0,5737649.0,4021013.0,1716636.0,0.8465
2025-03-11,320901.0,4351080.0,-4030179.0,6035995.0,4206739.0,1829256.0,0.9323
2025-03-12,328349.0,4355469.0,-4027120.0,6145849.0,4398770.0,1747079.0,0.8683
2025-03-13,340026.0,4341917.0,-4001891.0,5560601.0,4042262.0,1518339.0,0.8551
2025-03-17,353718.0,4387627.0,-4033909.0,5848304.0,4218910.0,1629394.0,0.8959
2025-03-18,365592.0,4383777.0,-4018185.0,5988210.0,4316471.0,1671739.0,1.0525
2025-03-19,385230.0,4366237.0,-3981007.0,6181099.0,4340268.0,1840831.0,1.0343
2025-03-20,392469.0,4312947.0,-3920478.0,5802394.0,4123979.0,1678415.0,0.9837
2025-03-21,401655.0,4305848.0,-3904193.0,6145091.0,4509647.0,1635444.0,1.0213
2025-03-24,411697.0,4295096.0,-3883399.0,6408684.0,4840683.0,1568001.0,1.0633
2025-03-25,422848.0,4271790.0,-3848942.0,6736687.0,5009635.0,1727052.0,0.9456
2025-03-26,437038.0,4287684.0,-3850646.0,6843820.0,4978810.0,1865010.0,0.8656
2025-03-27,319537.0,3986126.0,-3666589.0,4622969.0,2822201.0,1800768.0,0.9272
2025-03-28,331550.0,4028831.0,-3697281.0,5019798.0,3463385.0,1556413.0,0.8681
2025-04-01,336165.0,4142820.0,-3806655.0,5389827.0,3850252.0,1539575.0,0.7572
2025-04-02,381078.0,4207681.0,-3826603.0,5555281.0,4125809.0,1429472.0,0.8849
2025-04-03,354831.0,4252222.0,-3897391.0,5145890.0,3455628.0,1690262.0,0.905
2025-04-04,394735.0,4292218.0,-3897483.0,5699627.0,4014313.0,1685314.0,0.7237
2025-04-07,402693.0,4380527.0,-3977834.0,6049918.0,4127017.0,1922901.0,0.6962
2025-04-08,421035.0,4395989.0,-3974954.0,6509957.0,4216639.0,2293318.0,0.7558
2025-04-09,426210.0,4409636.0,-3983426.0,5742669.0,3882721.0,1859948.0,0.7544
2025-04-11,426620.0,4470209.0,-4043589.0,6210372.0,4079499.0,2130873.0,0.7938
2025-04-15,436339.0,4443337.0,-4006998.0,6101665.0,4508069.0,1593596.0,0.8212
2025-04-16,465637.0,4393864.0,-3928227.0,6151515.0,4417924.0,1733591.0,0.8566
2025-04-17,483514.0,4373537.0,-3890023.0,5927618.0,4179403.0,1748215.0,0.9216
2025-04-21,517647.0,4362106.0,-3844459.0,6431611.0,4773528.0,1658083.0,0.9638
2025-04-22,540772.0,4345806.0,-3805034.0,6640829.0,5022371.0,1618458.0,0.954
2025-04-23,587303.0,4325008.0,-3737705.0,6920481.0,5314302.0,1606179.0,0.9644
2025-04-24,331399.0,3870430.0,-3539031.0,4758427.0,2828273.0,1930154.0,0.9514
2025-04-25,352644.0,3888180.0,-3535536.0,5088274.0,3516498.0,1571776.0,0.8614
2025-04-28,353106.0,3968889.0,-3615783.0,5421233.0,3802301.0,1618932.0,1.0487
2025-04-29,349293.0,3992178.0,-3642885.0,5647199.0,4096862.0,1550337.0,0.8888
2025-04-30,350394.0,4020563.0,-3670169.0,5272644.0,3326903.0,1945741.0,0.9418
2025-05-02,350449.0,4048631.0,-3698182.0,5543781.0,3815870.0,1727911.0,0.8481
2025-05-05,351332.0,4117076.0,-3765744.0,5675850.0,4114669.0,1561181.0,0.8786
2025-05-06,371996.0,4123230.0,-3751234.0,5899994.0,4235654.0,1664340.0,0.8402
2025-05-07,365060.0,4182659.0,-3817599.0,6079102.0,4355361.0,1723741.0,0.8681
2025-05-08,375137.0,4150116.0,-3774979.0,5912706.0,3678716.0,2233990.0,0.8537
2025-05-09,392782.0,4212937.0,-3820155.0,5980702.0,3930640.0,2050062.0,0.8021
2025-05-12,384039.0,4302301.0,-3918262.0,6297741.0,4125035.0,2172706.0,0.979
2025-05-13,373243.0,4342235.0,-3968992.0,6350172.0,4461582.0,1888590.0,0.781
2025-05-14,379681.0,4379803.0,-4000122.0,6345533.0,4496851.0,1848682.0,0.7969
2025-05-15,376357.0,4420368.0,-4044011.0,6010792.0,3944993.0,2065799.0,0.8881
2025-05-16,382905.0,4447063.0,-4064158.0,6131570.0,4212941.0,1918629.0,0.8212
2025-05-19,394936.0,4380598.0,-3985662.0,6225284.0,4403710.0,1821574.0,0.7557
2025-05-20,409431.0,4498505.0,-4089074.0,6320301.0,4585455.0,1734846.0,0.6753
2025-05-21,415679.0,4521108.0,-4105429.0,6422119.0,4496659.0,1925460.0,0.7364
2025-05-22,417027.0,4562669.0,-4145642.0,5933350.0,4304690.0,1628660.0,0.7431
2025-05-23,421405.0,4584662.0,-4163257.0,6180562.0,4385542.0,1795020.0,0.827
2025-05-26,428441.0,4593416.0,-4164975.0,6521979.0,4365354.0,2156625.0,0.839
2025-05-27,435483.0,4613059.0,-4177576.0,6871962.0,4598407.0,2273555.0,0.7547
2025-05-28,455751.0,4605886.0,-4150135.0,6400791.0,4809230.0,1591561.0,0.7331
2025-05-29,258930.0,4126823.0,-3867893.0,4491293.0,2899997.0,1591296.0,0.8117
2025-05-30,267872.0,4207365.0,-3939493.0,4767846.0,3127232.0,1640614.0,0.758
2025-06-02,278832.0,4343589.0,-4064757.0,5054116.0,3243816.0,1810300.0,0.7749
2025-06-03,281612.0,4401397.0,-4119785.0,5170081.0,3602192.0,1567889.0,0.6552
2025-06-04,282298.0,4450341.0,-4168043.0,5145605.0,3749810.0,1395795.0,0.7026
2025-06-05,283282.0,4484725.0,-4201443.0,4962666.0,3565036.0,1397630.0,0.7887
2025-06-06,296257.0,4513441.0,-4217184.0,5189336.0,3750298.0,1439038.0,0.863
2025-06-09,310990.0,4516858.0,-4205868.0,5276202.0,3922234.0,1353968.0,0.8553
2025-06-10,315149.0,4502825.0,-4187676.0,5341014.0,4074681.0,1266333.0,0.8294
2025-06-11,320705.0,4504275.0,-4183570.0,5587583.0,4080313.0,1507270.0,0.8243
2025-06-12,328634.0,4497091.0,-4168457.0,5147305.0,4016540.0,1130765.0,0.7292
2025-06-13,343286.0,4503457.0,-4160171.0,5258162.0,4201051.0,1057111.0,0.7109
2025-06-16,341968.0,4559026.0,-4217058.0,5362011.0,4314771.0,1047240.0,0.8193
2025-06-17,345375.0,4545695.0,-4200320.0,5398831.0,4388329.0,1010502.0,0.7443
2025-06-18,350379.0,4567269.0,-4216890.0,5442227.0,4545604.0,896623.0,0.6907
2025-06-19,355846.0,4567692.0,-4211846.0,5302948.0,4269852.0,1033096.0,0.7111
2025-06-20,355939.0,4581338.0,-4225399.0,5634248.0,4543583.0,1090665.0,0.8317
2025-06-23,366260.0,4603450.0,-4237190.0,5690890.0,4440137.0,1250753.0,0.8123
2025-06-24,369586.0,4584513.0,-4214927.0,5765667.0,4646548.0,1119119.0,0.759
2025-06-25,368981.0,4525193.0,-4156212.0,5925702.0,4653629.0,1272073.0,0.9058
2025-06-26,206092.0,3984203.0,-3778111.0,4401664.0,2739465.0,1662199.0,1.0899
2025-06-27,218134.0,4067339.0,-3849205.0,4548571.0,2992874.0,1555697.0,1.0604
2025-06-30,220661.0,4096172.0,-3875511.0,4577967.0,3144074.0,1433893.0,0.8055
2025-07-01,224303.0,4182945.0,-3958642.0,4741800.0,3200872.0,1540928.0,0.8398
2025-07-02,223250.0,4248785.0,-4025535.0,4772726.0,3310542.0,1462184.0,0.765
2025-07-03,224225.0,4309051.0,-4084826.0,4547901.0,2976654.0,1571247.0,0.8264
2025-07-04,227522.0,4352790.0,-4125268.0,4661922.0,3109876.0,1552046.0,0.8114
2025-07-07,228126.0,4384913.0,-4156787.0,4681869.0,3158385.0,1523484.0,0.8135
2025-07-08,235496.0,4422323.0,-4186827.0,4691682.0,3216537.0,1475145.0,0.8529
2025-07-09,240546.0,4450934.0,-4210388.0,4729966.0,3266607.0,1463359.0,0.772
2025-07-10,243158.0,4447578.0,-4204420.0,4503853.0,3017879.0,1485974.0,0.7714
2025-07-11,249432.0,4495072.0,-4245640.0,4659193.0,3232582.0,1426611.0,0.6905
2025-07-14,247699.0,4544924.0,-4297225.0,4687436.0,3326706.0,1360730.0,0.6707
2025-07-15,252894.0,4572590.0,-4319696.0,4709687.0,3324348.0,1385339.0,0.749
2025-07-16,270032.0,4571468.0,-4301436.0,4739408.0,3404526.0,1334882.0,0.7712
2025-07-17,276650.0,4582776.0,-4306126.0,4543960.0,3175685.0,1368275.0,0.7219
2025-07-18,288018.0,4603247.0,-4315229.0,4682578.0,3367247.0,1315331.0,0.6737
2025-07-21,286891.0,4624715.0,-4337824.0,4660850.0,3405263.0,1255587.0,0.7529
2025-07-22,292721.0,4623229.0,-4330508.0,4764640.0,3534534.0,1230106.0,0.7088
2025-07-23,295120.0,4647698.0,-4352578.0,4809657.0,3560442.0,1249215.0,0.8538
2025-07-24,296566.0,4654781.0,-4358215.0,4614325.0,3314132.0,1300193.0,0.7112
2025-07-25,299475.0,4637508.0,-4338033.0,4809357.0,3563362.0,1245995.0,0.6359
2025-07-28,305196.0,4676212.0,-4371016.0,4861608.0,3624140.0,1237468.0,0.6027
2025-07-29,323375.0,4717287.0,-4393912.0,4899895.0,3594709.0,1305186.0,0.6893
2025-07-30,339310.0,4680099.0,-4340789.0,4880072.0,3671280.0,1208792.0,0.7316
2025-07-31,215698.0,4121420.0,-3905722.0,3920755.0,2574626.0,1346129.0,0.9233
2025-08-01,220455.0,4149552.0,-3929097.0,4122008.0,2853023.0,1268985.0,0.7439
2025-08-04,225355.0,4237045.0,-4011690.0,4162186.0,2850986.0,1311200.0,0.8403
2025-08-05,227790.0,4237313.0,-4009523.0,4258638.0,2961356.0,1297282.0,0.774
2025-08-06,243508.0,4249292.0,-4005784.0,4401086.0,3073309.0,1327777.0,0.7195
2025-08-07,243129.0,4305954.0,-4062825.0,4160995.0,2839180.0,1321815.0,0.8279
2025-08-08,268536.0,4316177.0,-4047641.0,4361712.0,3087102.0,1274610.0,0.648
2025-08-11,266713.0,4356031.0,-4089318.0,4403353.0,3114508.0,1288845.0,0.8393
2025-08-12,267840.0,4359674.0,-4091834.0,4463464.0,3172660.0,1290804.0,0.7172
2025-08-13,272624.0,4402331.0,-4129707.0,4614726.0,3304734.0,1309992.0,0.8768
2025-08-14,303854.0,4407537.0,-4103683.0,4350103.0,2966706.0,1383397.0,0.7768
2025-08-18,312456.0,4458684.0,-4146228.0,4575804.0,3127500.0,1448304.0,0.8198
2025-08-19,325193.0,4478476.0,-4153283.0,4642582.0,3137900.0,1504682.0,0.9056
2025-08-20,333500.0,4487717.0,-4154217.0,4721208.0,3300949.0,1420259.0,0.9697
2025-08-21,323808.0,4463515.0,-4139707.0,4500667.0,3013435.0,1487232.0,0.8295
2025-08-22,334885.0,4435747.0,-4100862.0,4680029.0,3234664.0,1445365.0,0.6852
2025-08-25,351878.0,4439284.0,-4087406.0,4740785.0,3293152.0,1447633.0,0.7516
2025-08-26,368027.0,4477915.0,-4109888.0,4809835.0,3347765.0,1462070.0,0.6735
2025-08-28,253259.0,4165163.0,-3911904.0,4177032.0,2754569.0,1422463.0,0.8592
2025-08-29,272787.0,4247467.0,-3974680.0,4494518.0,3090305.0,1404213.0,0.7406
2025-09-01,273244.0,4316853.0,-4043609.0,4557545.0,3164046.0,1393499.0,1.0109
2025-09-02,280127.0,4322330.0,-4042203.0,4290222.0,2789384.0,1500838.0,0.8733
2025-09-03,287149.0,4341181.0,-4054032.0,4422787.0,3060123.0,1362664.0,0.9972
2025-09-04,298480.0,4328878.0,-4030398.0,4544975.0,3170480.0,1374495.0,0.8017
2025-09-05,305593.0,4362480.0,-4056887.0,4682663.0,3291310.0,1391353.0,0.8181
2025-09-08,308076.0,4401062.0,-4092986.0,4859990.0,3394750.0,1465240.0,0.8762
2025-09-09,309958.0,4422078.0,-4112120.0,4352898.0,2920711.0,1432187.0,0.8799
2025-09-10,305182.0,4450058.0,-4144876.0,4494090.0,3114663.0,1379427.0,0.9427
2025-09-11,305231.0,4456368.0,-4151137.0,4581222.0,3202225.0,1378997.0,0.9626
2025-09-12,306538.0,4456337.0,-4149799.0,4766683.0,3322200.0,1444483.0,1.0222
2025-09-15,305824.0,4495187.0,-4189363.0,4838275.0,3443577.0,1394698.0,0.923
2025-09-16,306966.0,4494092.0,-4187126.0,4436612.0,3021652.0,1414960.0,0.9354
2025-09-17,328074.0,4496059.0,-4167985.0,4591582.0,3189014.0,1402568.0,0.9345
2025-09-18,336957.0,4506754.0,-4169797.0,4742360.0,3269814.0,1472546.0,0.9292
2025-09-19,326166.0,4518538.0,-4192372.0,4881369.0,3408823.0,1472546.0,0.8311
2025-09-22,334598.0,4529329.0,-4194731.0,4980443.0,3565389.0,1415054.0,0.7126
2025-09-23,342581.0,4547359.0,-4204778.0,4568909.0,3149795.0,1419114.0,0.8017
2025-09-24,338766.0,4547512.0,-4208746.0,4744109.0,3351611.0,1392498.0,0.7458
2025-09-25,339104.0,4580934.0,-4241830.0,4916856.0,3489570.0,1427286.0,0.6675
2025-09-26,374066.0,4584107.0,-4210041.0,5165320.0,3738546.0,1426774.0,0.6291
2025-09-29,371228.0,4621400.0,-4250172.0,5265418.0,3810134.0,1455284.0,0.7015
2025-09-30,294187.0,4370600.0,-4076413.0,4220613.0,2857998.0,1362615.0,0.8517
2025-10-01,300155.0,4416445.0,-4116290.0,4512911.0,3098898.0,1414013.0,1.007
2025-10-03,311803.0,4449247.0,-4137444.0,4734226.0,3344589.0,1389637.0,1.0118
2025-10-06,324467.0,4479864.0,-4155397.0,4821829.0,3424004.0,1397825.0,1.0855
2025-10-07,317482.0,4516094.0,-4198612.0,4359385.0,3050484.0,1308901.0,0.8557
2025-10-08,322056.0,4510300.0,-4188244.0,4517147.0,3238084.0,1279063.0,0.7482
2025-10-09,327689.0,4551079.0,-4223390.0,4572027.0,3260345.0,1311682.0,0.8829
2025-10-10,331029.0,4572294.0,-4241265.0,4815134.0,3416473.0,1398661.0,1.0148
2025-10-13,351564.0,4531296.0,-4179732.0,4787559.0,3453207.0,1334352.0,0.8945
2025-10-14,367137.0,4520293.0,-4153156.0,4397486.0,3157005.0,1240481.0,0.7566
2025-10-15,375155.0,4558425.0,-4183270.0,4618945.0,3358528.0,1260417.0,0.9099
2025-10-16,386813.0,4547451.0,-4160638.0,4893232.0,3468937.0,1424295.0,1.0073
2025-10-17,402376.0,4530758.0,-4128382.0,5065565.0,3642659.0,1422906.0,0.9442
2025-10-20,408352.0,4548019.0,-4139667.0,4751907.0,3342729.0,1409178.0,0.863
2025-10-21,407924.0,4540397.0,-4132473.0,4809338.0,3415860.0,1393478.0,0.8586
2025-10-23,407805.0,4582418.0,-4174613.0,5166654.0,3558235.0,1608419.0,0.8354
2025-10-24,406000.0,4565901.0,-4159901.0,5335871.0,3746344.0,1589527.0,0.7312
2025-10-27,424147.0,4581445.0,-4157298.0,5301533.0,3696733.0,1604800.0,0.9276
2025-10-28,275244.0,4268095.0,-3992851.0,4159808.0,2805937.0,1353871.0,0.8862
2025-10-29,289428.0,4620483.0,-4331055.0,4624113.0,3094581.0,1529532.0,0.9652
2025-10-30,289301.0,4622126.0,-4332825.0,4861102.0,3360586.0,1500516.0,0.7422
2025-10-31,295758.0,4688255.0,-4392497.0,5105530.0,3574305.0,1531225.0,0.6636
2025-11-03,301617.0,4728157.0,-4426540.0,5099279.0,3616152.0,1483127.0,0.7495
2025-11-04,306059.0,4728887.0,-4422828.0,4689251.0,3252444.0,1436807.0,0.7742
2025-11-06,316533.0,4773737.0,-4457204.0,4921510.0,3523976.0,1397534.0,0.7069
2025-11-07,307185.0,4817025.0,-4509840.0,5115176.0,3694168.0,1421008.0,0.7941
2025-11-10,314858.0,4870075.0,-4555217.0,5176402.0,3815437.0,1360965.0,0.822
2025-11-11,309681.0,4894995.0,-4585314.0,4750690.0,3408789.0,1341901.0,0.7957
2025-11-12,326808.0,4903390.0,-4576582.0,4854227.0,3505779.0,1348448.0,0.8712
2025-11-13,351949.0,4891174.0,-4539225.0,4987338.0,3587739.0,1399599.0,0.8386
2025-11-14,342073.0,4909546.0,-4567473.0,5199358.0,3771386.0,1427972.0,0.7788
2025-11-17,343174.0,4921974.0,-4578800.0,5271914.0,3889462.0,1382452.0,0.8911
2025-11-18,340943.0,4928391.0,-4587448.0,4824502.0,3522930.0,1301572.0,0.7857
2025-11-19,345135.0,4932131.0,-4586996.0,4992049.0,3709557.0,1282492.0,0.8988
2025-11-20,363621.0,4916203.0,-4552582.0,5086892.0,3718726.0,1368166.0,0.9866
2025-11-21,368942.0,4911007.0,-4542065.0,5172527.0,3734965.0,1437562.0,0.8188
2025-11-24,363410.0,4947808.0,-4584398.0,5321618.0,3876779.0,1444839.0,0.7249
2025-11-25,269744.0,4642806.0,-4373062.0,4385498.0,2945799.0,1439699.0,0.8776
2025-11-26,281712.0,4672558.0,-4390846.0,4620485.0,3185822.0,1434663.0,1.161
2025-11-27,291281.0,4688336.0,-4397055.0,4695007.0,3254922.0,1440085.0,1.0041
2025-11-28,293271.0,4719442.0,-4426171.0,4861766.0,3401640.0,1460126.0,0.9897
2025-12-01,300582.0,4696684.0,-4396102.0,4975570.0,3521055.0,1454515.0,0.8414
2025-12-02,298743.0,4792695.0,-4493952.0,4660150.0,3180139.0,1480011.0,0.8272
2025-12-03,299528.0,4848098.0,-4548570.0,4851046.0,3380150.0,1470896.0,0.7775
2025-12-04,293276.0,4863009.0,-4569733.0,4910940.0,3460768.0,1450172.0,0.8111
2025-12-05,301716.0,4898627.0,-4596911.0,5092149.0,3625843.0,1466306.0,0.9587
2025-12-08,313214.0,4943503.0,-4630289.0,5231993.0,3841918.0,1390075.0,0.6479
2025-12-09,315342.0,5004840.0,-4689498.0,4872577.0,3410928.0,1461649.0,0.7328
2025-12-10,311497.0,5005312.0,-4693815.0,5018453.0,3582364.0,1436089.0,0.6708
2025-12-11,315890.0,5044989.0,-4729099.0,5062384.0,3629982.0,1432402.0,0.7779
2025-12-12,328969.0,5065746.0,-4736777.0,5186412.0,3714615.0,1471797.0,0.8822
2025-12-15,338465.0,5067892.0,-4729427.0,5252906.0,3854934.0,1397972.0,0.9076
2025-12-16,343100.0,5059646.0,-4716546.0,4869996.0,3503765.0,1366231.0,0.7187
2025-12-17,345953.0,5059662.0,-4713709.0,5043909.0,3718721.0,1325188.0,0.6794
2025-12-18,351364.0,5073866.0,-4722502.0,5143013.0,3801288.0,1341725.0,0.7139
2025-12-19,355320.0,5110921.0,-4755601.0,5285258.0,3869482.0,1415776.0,0.8573
2025-12-22,360569.0,5119590.0,-4759021.0,5405650.0,3943341.0,1462309.0,0.9894
2025-12-23,358859.0,5125071.0,-4766212.0,5059947.0,3568975.0,1490972.0,0.8287
2025-12-24,355231.0,5119327.0,-4764096.0,5219844.0,3702211.0,1517633.0,0.7927
2025-12-26,362440.0,5120884.0,-4758444.0,5390098.0,3821292.0,1568806.0,0.7061
2025-12-29,383094.0,5127099.0,-4744005.0,5428713.0,3915432.0,1513281.0,0.6691
2025-12-30,247148.0,4806186.0,-4559038.0,4533986.0,2900588.0,1633398.0,0.8533
2025-12-31,263140.0,4875121.0,-4611981.0,4855387.0,3141721.0,1713666.0,1.051
